:020000040000fa
:080000000402040000000000ee
:020000040000fa
:080400000040da000000fe00dc
:020000040000fa
:1000080000020000000200000002000000020000e0
:1000180000020000000200000002000000020000d0
:1000280000020000000200000002000000020000c0
:1000380000020000000200000002000000020000b0
:10004800000200000002000000020000c0100000d2
:10005800021200000002000000020000000200007e
:100068000002000000020000000200000002000080
:10007800b0100000000200000002000000020000b2
:100088000002000000020000000200000002000060
:10009800000200000002000060110000321200009f
:1000a8000002000000020000000200000002000040
:1000b8000002000000020000000200000002000030
:1000c8000002000000020000000200000002000020
:1000d8000002000000020000000200000002000010
:1000e8000002000000020000000200000002000000
:1000f80000020000000200000002000000020000f0
:1001080000020000000200000002000000020000df
:1001180000020000000200000002000000020000cf
:1001280000020000000200000002000000020000bf
:1001380000020000000200000002000000020000af
:10014800000200000002000000020000000200009f
:10015800000200000002000000020000000200008f
:10016800000200000002000000020000000200007f
:10017800000200000002000000020000000200006f
:10018800000200000002000000020000000200005f
:10019800000200000002000000020000000200004f
:1001a800000200000002000000020000000200003f
:1001b800000200000002000000020000000200002f
:1001c800000200000002000000020000000200001f
:1001d800000200000002000000020000000200000f
:1001e80000020000000200000002000000020000ff
:1001f80000020000000200000002000000020000ef
:1002080000020000000200000002000000020000de
:1002180000020000000200000002000000020000ce
:1002280000020000000200000002000000020000be
:1002380000020000000200000002000000020000ae
:10024800000200000002000000020000000200009e
:10025800000200000002000000020000000200008e
:10026800000200000002000000020000000200007e
:0c02780000020000000200000002000074
:020000040000fa
:1004080020020400000000000000eb000007780054
:100418000c000900002f78000007eb000000060020
:10042800010821008018eb00804321000008e1004a
:10043800fcff3a00000006000fe02100e0ef210079
:1004480000018800080202000000000014020200f7
:1004580000000000be09020000000000813e2000ec
:10046800803e2000a4120200000000008100e90084
:10047800fbff3a00f404020000000000080202003a
:1004880000000000be090200000000008a0302000c
:1004980000000000bc09020000000000780802000b
:1004a800000000007c09020000000000007122002a
:1004b800761202000000000072080200000000002e
:1004c800000902000000000040062000801202001f
:1004d800000000002a050400000000000060fe0083
:1004e80001e022002000200080187800b00a2000d7
:1004f8009802020000000000d00c200098020200c0
:100508000000000001e0220060040200000000007a
:10051800400620008012020000000000efff3700b4
:1005280080187800000006000100a70004003700ca
:10053800f00fb200800878008100e8000000060093
:100548000100a100f00fb2000080fd0091087000ca
:100558008180e800000006000008200001202a0031
:1005680002e02200a61302000000000000000000c4
:10057800000000000000000001202a00c61302004d
:100588000000000000000000000000000000000063
:100598000008200001202a0002e02200a613020021
:1005a8000000000000000000000000000000000043
:1005b800070020000608200001e0220087187800c4
:1005c8008703e8000603e900fcff3a00000000008a
:1005d800000000000000000000202a00708588004c
:1005e8000008200080858800061402000000000032
:1005f80000000000000000000000000000082000cb
:1006080001202a0002e02200a613020000000000d8
:1006180000000000000000000000000000000600cc
:10062800540eaa00540eaa00540eaa00540eaa0092
:10063800540eaa00540eaa00540eaa00540eaa0082
:100648000060fe00f6ff3700604020000048880088
:10065800d0002000104888008038210030488800e9
:100668000071220070088800a0002000801202009b
:1006780000000000fcff37000060fe000701ae002c
:10068800540ea9000701af00540ea800faff370066
:100698002004200020118800a00020008012020001
:1006a80000000000faff370015cea800b00a2000ad
:1006b800a0118800a00020008012020000000000a5
:1006c800f9ff370000b02a00208888003012200087
:1006d800d09a880070562400e09a8800b09a2800c2
:1006e800f09a8800f0de2c00009b880080462200eb
:1006f800109b8800c60e020000000000a000200029
:100708008012020000000000eeff37000e0ea80065
:100718000e2ea8000000200000198800000020000c
:1007280010198800f000200020198800000020001f
:1007380090198800f000200040198800000020006f
:10074800301988000000200070198800000020007f
:100758008019880021e3a8000000060015ceae002d
:1007680000000600d0f1ae00000006003302ae0023
:1007780000000600d0f1a90015cea900000006006f
:100788000060fe00d031af00fdff3700000006001a
:10079800310078000000e00001003a000000060087
:1007a800020820000200e1000100360000000600f7
:1007b800b0a1880081017800d032ef00a0002000ad
:1007c8006096880083007800809680008100400051
:1007d8000100a10011007800d012af000080fd00d8
:1007e800f00fb2000001780000f02700020170004d
:1007f8000201d20001a02200809680008100400002
:100808008100400082087800d032ec003634ed00d8
:10081800eaff3a00ce32ef00ca32ef00cd71a800ed
:1008280000000600310078000000e00001003a00f6
:1008380000000600020820000200e1000100360066
:1008480000000600b0a1880081017800f032ef00b6
:10085800a0002000609788008300780080978000bf
:10086800810040000100a10011007800f012af00e3
:100878000080fd00f00fb2000001780000f02700b2
:10088800020170000201d20001b0220080978000ae
:10089800810040008100400082087800f032ec00be
:1008a8003634ed00eaff3a00ee32ef00ea32ef00ac
:1008b800cd91a80000000600310078000000e0009b
:1008c80001003a0000000600020820000200e100d2
:1008d8000100360000000600b0a188008101780000
:1008e8001033ef00a0002000609888008300780093
:1008f80080988000810040000100a100110078006c
:100908001013af000080fd00f00fb2000001780066
:1009180000f02700020170000201d20001c022008d
:1009280080988000810040008100400082087800a3
:100938001033ec003634ed00eaff3a000e33ef00d6
:100948000a33ef00cd31a80000000600310078001e
:100958000000e00001003a00000006000208200044
:100968000200e1000100360000000600b0a1880086
:10097800810178003033ef00a000200060998800e2
:100988008300780080998000810040000100a10068
:10099800110078003013af000080fd00f00fb200a6
:1009a8000001780000f02700020170000201d20067
:1009b80001d0220080998000810040008100400021
:1009c800820878003033ec003634ed00eaff3a0054
:1009d8002e33ef002a33ef00ce71a8000000060086
:1009e800f6b0ef008001eb000000eb00128eaf00c4
:1009f8000000a000030eaf000010a00043eeaf00ff
:100a08000020a00043ceaf000030a00043aeaf00ee
:100a18000040a000f610e30003003200b087880011
:100a28008001eb00f0ff3700803e2000a412020096
:100a3800000000008301e800401f20000018e100ca
:100a480001003100e8ff370000000600d191a8003e
:100a5800d1b1a800d2080200000000000060fe002a
:100a6800f0060200000000004e0502000000000031
:100a7800b2030200000000004a0602000000000065
:100a8800420a0200000000009e0b02000000000065
:100a9800f2ff3700a131ae0000000600ae31ec00d5
:100aa80080002000ae11e30001003900ae31ef00f4
:100ab800708d80000006010007003700090037002c
:100ac8000900370011003700170037001f003700f2
:100ad8001f003700250037002a130200000000001d
:100ae8000000060000000600b431ec0040002000c1
:100af800b411e3000100310000000600b431ef003a
:100b08001a0602000000000000000600b631ec00e2
:100b180020002000b611e3000100310000000600ab
:100b2800b631ef0000000600b831ec00800020006c
:100b3800b811e3000100310000000600b831ef00f1
:100b4800c0050200000000000000060000000600ca
:100b5800bc31ec0020002000bc11e3000100310092
:100b680000000600bc31ef0000000600160d020070
:100b78000000000000000600aa31ec008000200000
:100b8800aa11e30001003900152ea900ac31ec00d0
:100b980080002000ac11e30001003900250ea900f7
:100ba800000006000000060000000600f00fb2007a
:100bb8000300a70003003700800978008301e800dc
:100bc800000006000300a1000080fd0093097000ea
:100bd8008381e80000000600801f7800da05020023
:100be800000000004f0078000080fd00da050200d8
:100bf80000000000000006000001eb001100ba0030
:100c08000100a7000080fd00f00fb20005003200cf
:100c1800da050200000000008100e8000201e80097
:100c2800f6ff3700020078000000060010002000e0
:100c3800c08c880000b02a002088880000002100ad
:100c4800d09a880000002000d0908800308880006a
:100c58000080fd00f610b700e09a8800d08c800074
:100c6800f09a88009a31ef006033ef009c11f80089
:100c78006213f90000082000909b8800831021006f
:100c8800940d02000000000000000600f810e200c9
:100c980001003a0000000600b08780000000e8006c
:100ca800fc10bc0010888000020140003008800061
:100cb8000200500000f0a70000000600c087800076
:100cc800f830ef000000e9006100e10001003900a0
:100cd8000000060000060100000037002000200088
:100ce800c08c880010b02a0020888800fa10f8000c
:100cf8005a13f900100020000080fd008811b70089
:100d0800e09a880080878000f09a88008c11f800ab
:100d18006013f9008e11f8006213f900a60e0200a4
:100d280000000000000006000000000000000000b5
:100d3800000000000000000000000600000006009f
:100d4800c08e8800da31ef00dc31ef0000000600c9
:100d580000000600000006003222af003222a9007f
:100d68002222af002222a9000000060002718000a2
:100d7800f0ff2f0000417800027188000000060093
:100d88000271800000002000004178000271880094
:100d98000000060000000000000000000000000045
:100da800000000000000000000000000000000003b
:100db800000000000000000000000000000000002b
:100dc800000000000000000000000000000000001b
:100dd8000000000000000600a431ef00a031ef0081
:100de800300880009e91b6004220af000000060047
:100df800008d8800a231b7009eb1b6000060fe00e9
:100e0800a1f1af00a831ec00a111ae00000006006e
:100e1800a631ec0000012000a611e3000100390012
:100e2800a631ef00308d8000701002000000000035
:100e3800208d880000000600a111ae000000060009
:100e480000000600dc11e20002003200dc31ed0097
:100e580000000600803e2000e08e8800d08e8000d2
:100e680000060100020037000a00370012003700b0
:100e7800413f21000018220080087800200020004f
:100e8800b0a188001604020000000000da31ec006e
:100e980000000600413f2100001823008008780068
:100ea80020002000b0a18800160402000000000005
:100eb800da31ec0000000600413f21000008210063
:100ec8008008780020002000b0a1880016040200e5
:100ed80000000000d831ef00da31ef000000060012
:100ee8000100a7000400370011007800f00fb200dd
:100ef8008100e800000006000100a1001100780050
:100f08000080fd00f00fb2008180e80000000600bc
:100f18007407020000000000801f780074070200b8
:100f2800000000000080fd004f0178000200700002
:100f380000000600200a8000200a8000200a8000a5
:100f4800200a80000028a90020402000000a88000c
:100f580040c8a80040a8a9004088a8002028a800e8
:100f680000000600600a8000600a8000600a8000b5
:100f7800600a800000a8a90020402000400a8800dc
:100f880040c8a80040a8a9004088a80020a8a80038
:100f980000000600a00a8000a00a8000a00a8000c5
:100fa800a00a800004a8a90020402000800a880028
:100fb80052c8a80052a8a9005288a80024a8a800ce
:100fc80000000600e00a8000e00a8000e00a8000d5
:100fd800e00a800004c8a90020402000c00a880058
:100fe8005348a8005328a9005308a90024c8a800fa
:100ff800000006000010a700030037000000a7004b
:10100800040037000600370000002a00d20b200039
:101018000000060000002a00a217200000000600b9
:1010280000002a00128e2000000006000021ef00b8
:10103800fe0702000000000020088800120888004f
:1010480041c8a80041a8a9004188a9000068a900d2
:101058002068a800000006000a21ef00fe07020031
:101068000000000090088800720888004448a80022
:101078004428a9004408a9000108a9002108a800db
:10108800000006001821ef00fe0702000000000023
:1010980000098800e20888004e48a8004e28a900e8
:1010a8004e08a9000388a9002388a80000000600ac
:1010b8001421ef00fe07020000000000f00888007d
:1010c800d20888004dc8a8004da8a9004d88a900dd
:1010d8000368a9002368a8000000060000032a008e
:1010e80080088800000006002174200062042000a7
:1010f80073052000824878008348780042c7a90019
:1011080000f02f00c426b60070072000c426b700e0
:1011180000f02f009226b600100020009226b7009b
:1011280000f02f00c626b600f0022000c626b70041
:10113800f00f20009026b600003020009026b7005f
:10114800f00f2000a026b600a00320000080fd00bc
:10115800a026b700f00f20008c26b6000000210062
:101168008c26b7002174200062042000730520003b
:10117800824878008348780042c7a800000006002b
:10118800c228a8004a48a8004a28a9004a08a90075
:101198000288a9002288a80000000600b0062000e6
:1011a800e008200040118800800028000011880015
:1011b80000402000101188004648a9004628a800d1
:1011c8004608a8000188a9002188a80030118000dd
:1011d8003011800030118000301180000168a900b2
:1011e80045c8a90045a8a8004588a8000168a90025
:1011f8002168a80000000600b0062000e0082000d2
:1012080030022000c011880080002800801188006a
:1012180000402000901188004fc8a9004fa8a900dd
:101228004f88a80003e8a90023e8a800b0118000af
:10123800b0118000b0118000b011800003c8a9006f
:101248004f48a9004f28a9004f08a80003c8a900c3
:1012580023c8a80000000600b0118000b01180006b
:10126800b0118000b011800003c8a90023c8a900ec
:1012780000000600b0118000b0118000b01180009d
:10128800b011800003c8a90023c8a8000000060008
:101298001000200004003700700020000200370012
:1012a8007000200000003700317420008207200001
:1012b800a30920000300fc008248780083487800d6
:1012c80043e7b70021742000620420007305200062
:1012d8000300fc0082487800834878004207a80091
:1012e8000060fe004207af00fdff37000000060067
:1012f8004427ef000003200050042000303a880003
:10130800000020004427b700000020004427b70051
:10131800000020004427b700000000000000000083
:101328000000000000712200761202000000000098
:101338000000000000000000000000001000200075
:10134800580902000000000000002000403a880010
:10135800000006000060fe00b00a2000201188008e
:10136800007122007612020000000000f9ff370029
:101378000000060015cea90011cea90011eea800a4
:1013880064cea90060cea90060eea800650ea80092
:10139800610ea900000ea800002ea800240ea900c6
:1013a800200ea900242ea900202ea900244ea90051
:1013b800204ea90041aea80041cea80041eea800e9
:1013c800010ea800108ea800246ea900206ea900a6
:1013d800248ea900208ea90024aea90020aea90061
:1013e80025eea80021eea900350ea800310ea900af
:1013f80014aea80010aea90014cea80010cea90003
:10140800254ea800214ea90014eea80010eea90050
:1014180025aea80021aea900150ea800110ea9003e
:10142800152ea900112ea90024cea90020cea900ae
:1014380024eea90020eea900250ea900210ea9007e
:10144800540ea900500ea900542ea900502ea90030
:10145800154ea900114ea900156ea900116ea9001c
:1014680011aea8000000000000000000000000000d
:10147800000006000000060000000600d111af00c1
:1014880003003700d151af00060037000000060006
:10149800d111a900d0948000f094880001002200a6
:1014a80005003700d151a900e0948000f09488002d
:1014b8000128220000003700419a88003100780096
:1014c800023022000200e100070032003240220010
:1014d8000200e10004003200f2ff2f000200e100e8
:1014e8000100320000000600509a880031007800a0
:1014f800020020000200e10004003200f2ff2f0089
:101508000200e1000100320000000600310078000e
:10151800609a880031007800709a8800310078005d
:10152800809a880031007800909a8800310078000d
:10153800a09a880031007800b09a880031007800bd
:10154800c09a8800809a80000080fd00f00fb200e9
:101558006000e10002003a001c0b040000000000db
:101568007000e10002003a00be0a0400000000001a
:1015780000000600809a8000f00fb2006100e100d0
:1015880001003900000006000006010000003700d5
:10159800909a8000f000b200408c8800a09a8000e9
:1015a800508c8800b09a8000608c8800c09a8000b7
:1015b800708c8800419a80002101b00031007800c9
:1015c800a085880031007800b0858800c031ef0020
:1015d800ca11a8009031ef009231ef000002eb0031
:1015e8004200a90092b1d60090b1d6004200a900ed
:1015f80092b1d60090b1d600a58580000420a7003e
:10160800b5858000040078004200dd000228de0075
:10161800f000b2006200e100010039009211a80058
:101628000402e8006820e100edff39000000060030
:10163800809a8000f000b200000601001100370017
:101648001100370011003700110037001100370072
:101658001100370011003700080037000700370075
:101668000600370005003700040037000300370084
:101678000e003700020037000000370000000600a7
:10168800000006000000060000000600000006003a
:101698000000060000000600000006001000200000
:1016a800dc31ef00c08e8800000006004e33ed00ec
:1016b8004e33ed008001eb003102780003006a0030
:1016c800f00fb2000c003a008301e8000480fd002e
:1016d80003006a00f00fb20007003a008301e80037
:1016e800709a80000018e100f3ff3900640d0200d1
:1016f80000000000000006008e0d0200000000003f
:10170800000006004e33ed004e33ed00419a88008c
:10171800000025005013e30001003200000006001d
:1017280040002000309a8800d80502000000000020
:1017380000000600d131af0003003700d171af00bf
:101748000600370000000600d131a900809580000e
:10175800a09588000150220005003700d171a9002a
:1017680090958000a0958800016022000000370055
:10177800419a880031007800b090880031007800e4
:10178800c0908800009028001612e3000100320083
:1017980000000600f0ff2f001812e30002003a00d4
:1017a800b0878000c0908800b08780001812e300de
:1017b800010032000000060031007800609a8800bd
:1017c8000080fd00f00fb200eb02e10001003200e2
:1017d8000000060031007800709a88003100780017
:1017e800809a880031007800209b880031007800ba
:1017f800309b880031007800409b880031007800d9
:10180800509b8800809a80000080fd00f00fb20095
:101818007000e10002003a00180c0400000000000b
:101828000000060000000600809a8000f00fb20059
:101838006100e10001003900000006000006010017
:101848000100370017003700580c020000000000a4
:1018580083102100419a80002101b0000204200079
:1018680031007800801978000201e900fcff3a0095
:10187800ca71ae00f60c020000000000ca71a80090
:1018880010002000c08788005013f800fa10f900f3
:101898006413f800fc10f900c231ef00ca31a80047
:1018a80000000600000006006613e20001003a008e
:1018b80000000600309b80000080fd00f00fb200a1
:1018c8007000e1000f0032007100e1001d003200dd
:1018d8007200e100240032007300e10011003200c0
:1018e80000000600309b8000f00fb200ff03e1000b
:1018f8002d003200b28780000200e1002a00320089
:1019080000000600309b8000f00fb200ff03e100ea
:1019180028003200b28780000200e1002500320072
:1019280000000600309b8000f00fb200ff03e100ca
:1019380023003200b28780000200e100200032005c
:101948000000060021003700309b8000f00fb20035
:10195800ff03e1001d003200b28780000200e100b1
:101968001a00320000000600309b8000f00fb20021
:10197800ff03e10024003200b28780000200e1008a
:101988002100320000000600309b8000f00fb200fa
:10199800ff03e10010003200b28780000200e1007e
:1019a8000d0032000000060010b02a00d08c88001c
:1019b8000000060000b02a00d08c88000000060055
:1019c800152ea800aa31ef0000000600250ea80079
:1019d800ac31ef0000000600ca51a900f230ef0058
:1019e80000000600ca51a800f230ef00f430ef0002
:1019f80000000600ca51a8008025200090878800b2
:101a0800f430ef00000006003e0a0200000000006b
:101a1800ca51a8008007200090878800f430ef00a2
:101a280000000600f210e20015003a00ca51af00ab
:101a3800030037003e0a0200000000000000060014
:101a4800400a020000000000f430ec0001003a00f7
:101a5800f430ed000651ae000000060040062000fc
:101a6800f410e30001003a00152ea80060092000d8
:101a7800f410e30001003a00152ea900000006004a
:101a8800f230ed000000060000000600000006002d
:101a98000000060000000600000006000000060026
:101aa800809a800051f3a800d09a88005c33ef0038
:101ab8005e33ef006033ef006233ef00b1003700b0
:101ac80000002000d09a8800ae00370010002000e7
:101ad800d09a8800ab00370020002000d09a8800f8
:101ae800a800370030002000d09a8800a5003700f1
:101af80040002000d09a8800a20037005000200043
:101b0800d09a88009f00370060002000d09a880093
:101b18009c00370070002000d09a88009900370098
:101b2800660f020000000000080e0200000000001e
:101b3800d0908000920e02000000000007003700dd
:101b4800660f020000000000080e020000000000fe
:101b5800f0ff2f00920e0200000000002088800095
:101b6800920e020000000000909b8000a000b000d0
:101b7800920e020000000000d09a8000920e02002f
:101b880000000000e09a8000920e020000000000b1
:101b9800f09a8000920e020000000000009b800076
:101ba800920e020000000000109b8000920e0200be
:101bb80000000000f00d020000000000a60f020067
:101bc800000000007233ed00faff3a00b00f020087
:101bd80000000000000006000300a7000400370012
:101be80013007800f00fb2008301e800000006003f
:101bf8000300a100130078000080fd00f00fb20080
:101c08008381e800000006009811af000b00370040
:101c18009831af00110037009851af001700370016
:101c28009871af001d0037009891af00230037006e
:101c380098b1af00290037000000060030402200ac
:101c4800a60f020000000000304022000080fd00c6
:101c5800a60f0200000000000000060020902800e7
:101c6800a60f020000000000209028000080fd0060
:101c7800a60f02000000000000000600709421007a
:101c8800a60f020000000000709421000080fd00f3
:101c9800a60f020000000000000006006090280067
:101ca800a60f020000000000609028000080fd00e0
:101cb800a60f02000000000000000600709421003a
:101cc800a60f020000000000709421000080fd00b3
:101cd800a60f020000000000000006004090280047
:101ce800a60f020000000000409028000080fd00c0
:101cf800a60f020000000000000006000090280067
:101d0800a60f020000000000009028000080fd00df
:101d1800a60f02000000000000000600801f7800e7
:101d2800f00fb200a60f0200000000004f0078007c
:101d38000080fd00f00fb200a60f020000000000b6
:101d480000000600660f020000000000820e02007c
:101d580000000000b0878000920e02000000000022
:101d680017003700660f020000000000080e02008e
:101d780000000000d0908000920e020000000000d9
:101d88000f003700660f020000000000080e020076
:101d980000000000f0ff2f00920e0200000000007b
:101da80007003700660f020000000000080e02005e
:101db80000000000d0908000920e02000000000099
:101dc80020888000920e020000000000a000200081
:101dd800920e020000000000d09a8000920e0200cd
:101de80000000000e09a8000920e0200000000004f
:101df800f09a8000920e020000000000009b800014
:101e0800920e020000000000109b8000920e02005b
:101e180000000000b00f02000000000000000600f3
:101e2800660f020000000000080e0200000000001b
:101e3800d0908000920e02000000000020888000f0
:101e4800920e020000000000008580002000b00013
:101e5800920e020000000000d09a8000920e02004c
:101e68000000000003f02100a010e2001200320080
:101e78000300a7000700370013007800f00fb20036
:101e8800a60f020000000000a030ed008301e8006a
:101e9800f5ff37000300a100130078000080fd0063
:101ea800f00fb200a60f020000000000a030ed0005
:101eb8008381e800ecff3700b00f0200000000004b
:101ec800000006009811af00d011a9009831af00aa
:101ed800d031a9009851af00ceb1a9009871af00d8
:101ee800cdf1a9009891af00cd31a90098b1af000c
:101ef800ce71a9007033ef00b00a2000609b880003
:101f08006e33ef009811af00017022009831af00d6
:101f1800018022009851af0021e022009871af00a3
:101f280021e022009891af0021e0220098b1af0093
:101f380021e02200a00e20002a100200000000006c
:101f4800000006006cb3b6006e33b4004010020007
:101f58000000000000000600609b800040100200a6
:101f680000000000709b800040100200000000008c
:101f7800b00e20002a100200000000009811af00e7
:101f88000b0037009831af000f0037009851af00b1
:101f9800160037009871af001a0037009891af000b
:101fa8001e00370098b1af0022003700000006007d
:101fb8007013f800a212f900a032ef00d011a800a7
:101fc8000188a80000000600d1b1a90015cea8001c
:101fd800d0f1a9007013f800b812f900b632ef007a
:101fe800d031a80003e8a8000000060001e02200a4
:101ff800809b800080087800cc030200000000006d
:102008000000060001e02200809b80008008780024
:1020180016040200000000000000060001e0220093
:10202800809b8000800878006004020000000000a7
:102038000000060001e02200809b800080087800f4
:10204800aa0402000000000000000600f00fb20021
:102058007013af0003003700800878007033ec007d
:10206800000006000080fd00910840008180e80023
:102078007033ec0000000600821f7800f00fb200f9
:10208800a20e20000200e10008003200b20e20007b
:102098000200e10005003200c20e20000200e1004b
:1020a800020032004f017800e8ff3700801f7800f7
:1020b800c00e20002a10020000000000b20a200012
:1020c8004f007800000069002a100200000000009c
:1020d8004f017800000006000030a7000a00370012
:1020e8007000b20000060100100005002000050085
:1020f8004000050080000500000105000002050001
:10210800000405000008050074100200000000002b
:102118000080fd00000006000030a700faff37002d
:102128007000b20000060100000805000004050068
:1021380000020500000105008000050040000500c0
:1021480020000500100005009410020000000000a7
:102158000080fd00000006004200f800801f7800a3
:102168000288a9004f0078004200f90000400600ec
:102178000288a900004006004200f800801f78008d
:10218800811f78000168a90031118000f10fb200a9
:10219800d191ae0044003700a00e20000100e100fc
:1021a80022003200b00e20000100e10025003200bc
:1021b800c00e20000100e10038003200b00a200003
:1021c800d091af0081006800d091a90000282000bc
:1021d8009812e3003300310000002200d051af0014
:1021e800002822009812b4000000a1009812af0045
:1021f8000200370001087800030037000180fd0065
:10220800108840000180fd004095800050958800ae
:10221800010078004095880001007800a632b400db
:10222800a4b2b6009832ec001f003700d091a90084
:102238009832ef00a632ef00a432ef00cbb1a8002d
:1022480019003700d091a900b00a2000a492b60066
:10225800a892b60014003a0040958000a812b40075
:10226800aa12b400a692b600f00fb2000e003a000f
:10227800c0948000d051ae00d0948800d051af00f7
:10228800e0948800d051ae00d111a800d051af0021
:10229800d151a800d051aa0003003700d091a8005e
:1022a8000100370000000000cf0078004f007800e0
:1022b8004200f900004006004200f800801f780044
:1022c800811f780003c8a900b1118000f10fb20086
:1022d800d1b1ae0045003700a00e20000100e1009a
:1022e80022003200b00e20000100e100250032007b
:1022f800c00e20000100e1003a003200b00a2000c0
:10230800d0b1af0081006800d0b1a9000010200052
:10231800ae12e3003500310000502200d071af004a
:1023280000602200ae12b4000000a100ae12af009f
:102338000200370001087800030037000180fd0023
:10234800108840000180fd00f0958000009688000c
:1023580001007800f095880001007800bc32b400d4
:10236800bab2b600ae32ec0020003700d0b1a900f6
:10237800ae32ef00bc32ef00ba32ef00cbd1a8008a
:102388001a003700d0b1a900b00a2000ba92b600ee
:10239800be92b60015003a00f0958000be12b40057
:1023a800c012b400bc92b600f00fb2000f003a00a1
:1023b80070958000d071ae0080958800d071af0014
:1023c80090958800d071ae00d131a800d071af00cf
:1023d800d171a800d071aa00300880001088880048
:1023e80002003700d0b1a80000003700cf00780005
:1023f8004f0078004200f900004006004200f80053
:10240800801f7800811f78000188a900d011ae00d4
:102418000e00370001702200009580008100400006
:102428000100a10011007800a012af000080fd009b
:10243800f00fb20020118800a032ec001095800047
:10244800a012e30001003900d011a900cf007800e4
:102458004f0078004200f900004006004200f800f2
:10246800801f7800811f780003e8a900d031ae00f2
:1024780011003700c432ef0001802200b0958000bf
:10248800810040000100a10011007800b612af00e1
:102498000080fd00f00fb200a0118800b632ec00f9
:1024a800c0958000b612e30003003900d031a900be
:1024b800d0f1a800d1b1a800cf0078004f00780073
:1024c8004200f90000400600823e20000060fe0045
:1024d8000201e900fdff3a000000e900faff3a00b6
:1024e800000006000060fe000000e900fdff3a0061
:1024f80000000600100020008010f8008210f8008c
:10250800108488003008800000848800300c200087
:10251800101020008030b4000060fe0000848000ad
:102528000601b50000f0a700fbff37008230ed0080
:10253800f4ff3a008210f9008010f900000006004c
:102548000e000900000000000000e900fcff3a004e
:10255800000006001000b20000060100000005009f
:1025680010000500008480008210e300040036009b
:10257800008480008290b60080b0b60082b0b600b9
:10258800108480008410e30004003600108480006a
:102598008490b60082b0b60084b0b6002084800073
:1025a8008610e30004003600208480008690b60080
:1025b80084b0b60086b0b600108480008410e300b2
:1025c80004003600108480008490b60082b0b60003
:1025d80084b0b600008480008210e3000400360056
:1025e800008480008290b60080b0b60082b0b60049
:1025f800208480008210b4004100de000000060044
:10260800caf1a900401988002023a8004001200031
:1026180022130200000000002023a900ee30ef0082
:10262800ee30ec00ef10af00000006002003ae0013
:10263800fbff3700caf1a8000000060000000000f8
:102648000000e900fdff3a0000000600e09080006d
:102658004200de00ae120200000000000413020077
:1026680000000000caf1ae0000000600a10c210025
:10267800e090800081004000810040000018800048
:10268800800878001c32ec00800020001c12e30057
:1026980001003100000006001c32ef00ca10f800eb
:1026a8008010f900cc10f8008210f900ce10f80064
:1026b8008410f900d010f8008610f900b612020054
:1026c8000000000050878800d210f8008010f90040
:1026d800d410f8008210f900d610f8008410f90020
:1026e800d810f8008610f900b612020000000000a9
:1026f8006087880010022000ea10bc004a10de0043
:102708000290a7000000e80080878800000006000b
:102718000060fe0029e7af00fdff3700000006005b
:10272800a00f2000a002880001002000b208bb0012
:10273800b298bb00b208bb00b298bb005420ef00af
:10274800000006005420ef00800178003100ba0034
:10275800001978008301e900fcff3a000000060038
:102768005420ef00800178003100ba003200680080
:1027780001003200000006008301e900faff3a0078
:1027880000000600811f7800c3e8a90000002000af
:1027980058090200000000008c130200000000002d
:1027a80000002000603988004f0078005039880008
:1027b80030002400403988000a00fc005005200041
:1027c80070398800a00a20007039880029e7a8001d
:1027d80000000000000000000000000000000000f1
:1027e800000000008c130200000000000000200020
:1027f800403988007c09020000000000c3e8a800f6
:1028080000000600c3e8a9000000200058090200e3
:10281800000000008c130200000000008001eb00a3
:1028280000002000603988007085800003004000a7
:1028380003004000030040000300400050398800b6
:1028480002e0220002814100028141000281410030
:1028580002814100a00f2000a00288000100200092
:10286800b208bb008398bb00b208bb008398bb00ca
:102878005420ef0010002400403988000a00fc00b2
:102888005005200070398800a00a2000703988009f
:1028980029e7a80000000000000000000000000078
:1028a80000000000000000008c130200000000007f
:1028b8008301e800808580000000e8004180de0098
:1028c8000018e100d6ff39000000200040398800d8
:1028d8007c09020000000000c3e8a8000000060010
:1028e8000200e00001003a00000006000201e900d1
:1028f8008214020000000000f9ff37000100a70061
:1029080003003700110078008100e8000300370059
:102918000100a100310078000080fd00f00fb20036
:102928000300a70003003700800978008301e8004e
:10293800000006000300a1000080fd00930970005c
:102948008381e8000000060000060100000405007d
:1029580010040500200405003004050040040500ab
:10296800500405006004050070040500800405009b
:1029780090040500a0040500b0040500c00405008b
:10298800d0040500e0040500f0040500000505007a
:102998001005050020050500300505004005050067
:1029a8005005050060050500700505008005050057
:1029b80090050500a0050500b0050500000005000c
:1029c8004000050080000500c0000500000105006a
:1029d80040010500c0010500b00105000002050026
:1029e8004002050080020500c00205000003050042
:1029f8004003050080030500c00305001000050022
:102a08005000050090000500d000050010010500e9
:102a18005001050080010500f001050010020500c5
:102a28005002050090020500d002050010030500c1
:102a38005003050090030500d003050020000500a1
:102a480060000500a0000500e00005002001050069
:102a58006001050090010500d00105002002050075
:102a680060020500a0020500e00205002003050041
:102a780060030500a0030500e00305003000050021
:102a880070000500b0000500f000050030010500e9
:102a980070010500a0010500e001050030020500f5
:102aa80070020500b0020500f002050030030500c1
:102ab80070030500b0030500f003050000000000e6
:102ac80000000000000000000000000000000000fe
:102ad80000000000000000000000000000000000ee
:102ae80000000000000000000000000000000000de
:102af80000000000000000000000000000000000ce
:102b080000000000000000000000000000000000bd
:102b180000000000000000000000000000000000ad
:102b2800000000000000000000000000000000009d
:102b3800000000000000000000000000000000008d
:102b4800000000000000000000000000000000007d
:102b5800000000000000000000000000000000006d
:102b6800000000000000000000000000000000005d
:102b7800000000000000000000000000000000004d
:102b8800000000000000000000000000000000003d
:102b9800000000000000000000000000000000002d
:102ba800000000000000000000000000000000001d
:102bb800000000000000000000000000000000000d
:102bc80000000000000000000000000000000000fd
:102bd80000000000000000000000000000000000ed
:102be80000000000000000000000000000000000dd
:102bf80000000000000000000000000000000000cd
:102c080000000000000000000000000000000000bc
:102c180000000000000000000000000000000000ac
:102c2800000000000000000000000000000000009c
:102c3800000000000000000000000000000000008c
:102c4800000000000000000000000000000000007c
:102c5800000000000000000000000000000000006c
:102c6800000000000000000000000000000000005c
:102c7800000000000000000000000000000000004c
:102c8800000000000000000000000000000000003c
:102c9800000000000000000000000000000000002c
:102ca800000000000000000000000000000000001c
:102cb800000000000000000000000000000000000c
:102cc80000000000000000000000000000000000fc
:102cd80000000000000000000000000000000000ec
:102ce80000000000000000000000000000000000dc
:102cf80000000000000000000000000000000000cc
:102d080000000000000000000000000000000000bb
:102d180000000000000000000000000000000000ab
:102d2800000000000000000000000000000000009b
:102d3800000000000000000000000000000000008b
:102d4800000000000000000000000000000000007b
:102d5800000000000000000000000000000000006b
:102d6800000000000000000000000000000000005b
:102d7800000000000000000000000000000000004b
:102d8800000000000000000000000000000000003b
:102d9800000000000000000000000000000000002b
:102da800000000000000000000000000000000001b
:102db800000000000000000000000000000000000b
:102dc80000000000000000000000000000000000fb
:102dd80000000000000000000000000000000000eb
:102de80000000000000000000000000000000000db
:102df80000000000000000000000000000000000cb
:102e080000000000000000000000000000000000ba
:102e180000000000000000000000000000000000aa
:102e2800000000000000000000000000000000009a
:102e3800000000000000000000000000000000008a
:102e4800000000000000000000000000000000007a
:102e5800000000000000000000000000000000006a
:102e6800000000000000000000000000000000005a
:102e7800000000000000000000000000000000004a
:102e8800000000000000000000000000000000003a
:102e9800000000000000000000000000000000002a
:102ea800000000000000000000000000000000001a
:102eb800000000000000000000000000000000000a
:102ec80000000000000000000000000000000000fa
:102ed80000000000000000000000000000000000ea
:102ee80000000000000000000000000000000000da
:102ef80000000000000000000000000000000000ca
:102f080000000000000000000000000000000000b9
:102f180000000000000000000000000000000000a9
:102f28000000000000000000000000000000000099
:102f38000000000000000000000000000000000089
:102f48000000000000000000000000000000000079
:102f58000000000000000000000000000000000069
:102f68000000000000000000000000000000000059
:102f78000000000000000000000000000000000049
:102f88000000000000000000000000000000000039
:102f98000000000000000000000000000000000029
:102fa8000000000000000000000000000000000019
:102fb8000000000000000000000000000000000009
:102fc80000000000000000000000000000000000f9
:102fd80000000000000000000000000000000000e9
:102fe80000000000000000000000000000000000d9
:102ff80000000000000000000000000000000000c9
:1030080000000000000000000000000000000000b8
:1030180000000000000000000000000000000000a8
:103028000000000000000000000000000000000098
:103038000000000000000000000000000000000088
:103048000000000000000000000000000000000078
:103058000000000000000000000000000000000068
:103068000000000000000000000000000000000058
:103078000000000000000000000000000000000048
:103088000000000000000000000000000000000038
:103098000000000000000000000000000000000028
:1030a8000000000000000000000000000000000018
:1030b8000000000000000000000000000000000008
:1030c80000000000000000000000000000000000f8
:1030d80000000000000000000000000000000000e8
:1030e80000000000000000000000000000000000d8
:1030f80000000000000000000000000000000000c8
:1031080000000000000000000000000000000000b7
:1031180000000000000000000000000000000000a7
:103128000000000000000000000000000000000097
:103138000000000000000000000000000000000087
:103148000000000000000000000000000000000077
:103158000000000000000000000000000000000067
:103168000000000000000000000000000000000057
:103178000000000000000000000000000000000047
:103188000000000000000000000000000000000037
:103198000000000000000000000000000000000027
:1031a8000000000000000000000000000000000017
:1031b8000000000000000000000000000000000007
:1031c80000000000000000000000000000000000f7
:1031d80000000000000000000000000000000000e7
:1031e80000000000000000000000000000000000d7
:1031f80000000000000000000000000000000000c7
:1032080000000000000000000000000000000000b6
:1032180000000000000000000000000000000000a6
:103228000000000000000000000000000000000096
:103238000000000000000000000000000000000086
:103248000000000000000000000000000000000076
:103258000000000000000000000000000000000066
:103268000000000000000000000000000000000056
:103278000000000000000000000000000000000046
:103288000000000000000000000000000000000036
:103298000000000000000000000000000000000026
:1032a8000000000000000000000000000000000016
:1032b8000000000000000000000000000000000006
:1032c80000000000000000000000000000000000f6
:1032d80000000000000000000000000000000000e6
:1032e80000000000000000000000000000000000d6
:1032f80000000000000000000000000000000000c6
:1033080000000000000000000000000000000000b5
:1033180000000000000000000000000000000000a5
:103328000000000000000000000000000000000095
:103338000000000000000000000000000000000085
:103348000000000000000000000000000000000075
:103358000000000000000000000000000000000065
:103368000000000000000000000000000000000055
:103378000000000000000000000000000000000045
:103388000000000000000000000000000000000035
:103398000000000000000000000000000000000025
:1033a8000000000000000000000000000000000015
:1033b8000000000000000000000000000000000005
:1033c80000000000000000000000000000000000f5
:1033d80000000000000000000000000000000000e5
:1033e80000000000000000000000000000000000d5
:1033f80000000000000000000000000000000000c5
:1034080000000000000000000000000000000000b4
:1034180000000000000000000000000000000000a4
:103428000000000000000000000000000000000094
:103438000000000000000000000000000000000084
:103448000000000000000000000000000000000074
:103458000000000000000000000000000000000064
:103468000000000000000000000000000000000054
:103478000000000000000000000000000000000044
:103488000000000000000000000000000000000034
:103498000000000000000000000000000000000024
:1034a8000000000000000000000000000000000014
:1034b8000000000000000000000000000000000004
:1034c80000000000000000000000000000000000f4
:1034d80000000000000000000000000000000000e4
:1034e80000000000000000000000000000000000d4
:1034f80000000000000000000000000000000000c4
:1035080000000000000000000000000000000000b3
:1035180000000000000000000000000000000000a3
:103528000000000000000000000000000000000093
:103538000000000000000000000000000000000083
:103548000000000000000000000000000000000073
:103558000000000000000000000000000000000063
:103568000000000000000000000000000000000053
:103578000000000000000000000000000000000043
:103588000000000000000000000000000000000033
:103598000000000000000000000000000000000023
:1035a8000000000000000000000000000000000013
:1035b8000000000000000000000000000000000003
:1035c80000000000000000000000000000000000f3
:1035d80000000000000000000000000000000000e3
:1035e80000000000000000000000000000000000d3
:1035f80000000000000000000000000000000000c3
:1036080000000000000000000000000000000000b2
:1036180000000000000000000000000000000000a2
:103628000000000000000000000000000000000092
:103638000000000000000000000000000000000082
:103648000000000000000000000000000000000072
:103658000000000000000000000000000000000062
:103668000000000000000000000000000000000052
:103678000000000000000000000000000000000042
:103688000000000000000000000000000000000032
:103698000000000000000000000000000000000022
:1036a8000000000000000000000000000000000012
:1036b8000000000000000000000000000000000002
:1036c80000000000000000000000000000000000f2
:1036d80000000000000000000000000000000000e2
:1036e80000000000000000000000000000000000d2
:1036f80000000000000000000000000000000000c2
:1037080000000000000000000000000000000000b1
:1037180000000000000000000000000000000000a1
:103728000000000000000000000000000000000091
:103738000000000000000000000000000000000081
:103748000000000000000000000000000000000071
:103758000000000000000000000000000000000061
:103768000000000000000000000000000000000051
:103778000000000000000000000000000000000041
:103788000000000000000000000000000000000031
:103798000000000000000000000000000000000021
:1037a8000000000000000000000000000000000011
:1037b8000000000000000000000000000000000001
:1037c80000000000000000000000000000000000f1
:1037d80000000000000000000000000000000000e1
:1037e80000000000000000000000000000000000d1
:1037f80000000000000000000000000000000000c1
:1038080000000000000000000000000000000000b0
:1038180000000000000000000000000000000000a0
:103828000000000000000000000000000000000090
:103838000000000000000000000000000000000080
:103848000000000000000000000000000000000070
:103858000000000000000000000000000000000060
:103868000000000000000000000000000000000050
:103878000000000000000000000000000000000040
:103888000000000000000000000000000000000030
:103898000000000000000000000000000000000020
:1038a8000000000000000000000000000000000010
:1038b8000000000000000000000000000000000000
:1038c80000000000000000000000000000000000f0
:1038d80000000000000000000000000000000000e0
:1038e80000000000000000000000000000000000d0
:1038f80000000000000000000000000000000000c0
:1039080000000000000000000000000000000000af
:10391800000000000000000000000000000000009f
:10392800000000000000000000000000000000008f
:10393800000000000000000000000000000000007f
:10394800000000000000000000000000000000006f
:10395800000000000000000000000000000000005f
:10396800000000000000000000000000000000004f
:10397800000000000000000000000000000000003f
:10398800000000000000000000000000000000002f
:10399800000000000000000000000000000000001f
:1039a800000000000000000000000000000000000f
:1039b80000000000000000000000000000000000ff
:1039c80000000000000000000000000000000000ef
:1039d80000000000000000000000000000000000df
:1039e80000000000000000000000000000000000cf
:1039f80000000000000000000000000000000000bf
:103a080000000000000000000000000000000000ae
:103a1800000000000000000000000000000000009e
:103a2800000000000000000000000000000000008e
:103a3800000000000000000000000000000000007e
:103a4800000000000000000000000000000000006e
:103a5800000000000000000000000000000000005e
:103a6800000000000000000000000000000000004e
:103a7800000000000000000000000000000000003e
:103a8800000000000000000000000000000000002e
:103a9800000000000000000000000000000000001e
:103aa800000000000000000000000000000000000e
:103ab80000000000000000000000000000000000fe
:103ac80000000000000000000000000000000000ee
:103ad80000000000000000000000000000000000de
:103ae80000000000000000000000000000000000ce
:103af80000000000000000000000000000000000be
:103b080000000000000000000000000000000000ad
:103b1800000000000000000000000000000000009d
:103b2800000000000000000000000000000000008d
:103b3800000000000000000000000000000000007d
:103b4800000000000000000000000000000000006d
:103b5800000000000000000000000000000000005d
:103b6800000000000000000000000000000000004d
:103b7800000000000000000000000000000000003d
:103b8800000000000000000000000000000000002d
:103b9800000000000000000000000000000000001d
:103ba800000000000000000000000000000000000d
:103bb80000000000000000000000000000000000fd
:103bc80000000000000000000000000000000000ed
:103bd80000000000000000000000000000000000dd
:103be80000000000000000000000000000000000cd
:103bf80000000000000000000000000000000000bd
:103c080000000000000000000000000000000000ac
:103c1800000000000000000000000000000000009c
:103c2800000000000000000000000000000000008c
:103c3800000000000000000000000000000000007c
:103c4800000000000000000000000000000000006c
:103c5800000000000000000000000000000000005c
:103c6800000000000000000000000000000000004c
:103c7800000000000000000000000000000000003c
:103c8800000000000000000000000000000000002c
:103c9800000000000000000000000000000000001c
:103ca800000000000000000000000000000000000c
:103cb80000000000000000000000000000000000fc
:103cc80000000000000000000000000000000000ec
:103cd80000000000000000000000000000000000dc
:103ce80000000000000000000000000000000000cc
:103cf80000000000000000000000000000000000bc
:103d080000000000000000000000000000000000ab
:103d1800000000000000000000000000000000009b
:103d2800000000000000000000000000000000008b
:103d3800000000000000000000000000000000007b
:103d4800000000000000000000000000000000006b
:103d5800000000000000000000000000000000005b
:103d6800000000000000000000000000000000004b
:103d7800000000000000000000000000000000003b
:103d8800000000000000000000000000000000002b
:103d9800000000000000000000000000000000001b
:103da800000000000000000000000000000000000b
:103db80000000000000000000000000000000000fb
:103dc80000000000000000000000000000000000eb
:103dd80000000000000000000000000000000000db
:103de80000000000000000000000000000000000cb
:103df80000000000000000000000000000000000bb
:103e080000000000000000000000000000000000aa
:103e1800000000000000000000000000000000009a
:103e2800000000000000000000000000000000008a
:103e3800000000000000000000000000000000007a
:103e4800000000000000000000000000000000006a
:103e5800000000000000000000000000000000005a
:103e6800000000000000000000000000000000004a
:103e7800000000000000000000000000000000003a
:103e8800000000000000000000000000000000002a
:103e9800000000000000000000000000000000001a
:103ea800000000000000000000000000000000000a
:103eb80000000000000000000000000000000000fa
:103ec80000000000000000000000000000000000ea
:103ed80000000000000000000000000000000000da
:103ee80000000000000000000000000000000000ca
:103ef80000000000000000000000000000000000ba
:103f080000000000000000000000000000000000a9
:103f18000000000000000000000000000000000099
:103f28000000000000000000000000000000000089
:103f38000000000000000000000000000000000079
:103f48000000000000000000000000000000000069
:103f58000000000000000000000000000000000059
:103f68000000000000000000000000000000000049
:103f78000000000000000000000000000000000039
:103f88000000000000000000000000000000000029
:103f98000000000000000000000000000000000019
:103fa8000000000000000000000000000000000009
:103fb80000000000000000000000000000000000f9
:103fc80000000000000000000000000000000000e9
:103fd80000000000000000000000000000000000d9
:103fe80000000000000000000000000000000000c9
:103ff80000000000000000000000000000000000b9
:1040080000000000000000000000000000000000a8
:104018000000000000000000000000000000000098
:104028000000000000000000000000000000000088
:104038000000000000000000000000000000000078
:104048000000000000000000000000000000000068
:104058000000000000000000000000000000000058
:104068000000000000000000000000000000000048
:104078000000000000000000000000000000000038
:104088000000000000000000000000000000000028
:104098000000000000000000000000000000000018
:1040a8000000000000000000000000000000000008
:1040b80000000000000000000000000000000000f8
:1040c80000000000000000000000000000000000e8
:1040d80000000000000000000000000000000000d8
:1040e80000000000000000000000000000000000c8
:1040f80000000000000000000000000000000000b8
:1041080000000000000000000000000000000000a7
:104118000000000000000000000000000000000097
:104128000000000000000000000000000000000087
:104138000000000000000000000000000000000077
:104148000000000000000000000000000000000067
:104158000000000000000000000000000000000057
:104168000000000000000000000000000000000047
:104178000000000000000000000000000000000037
:104188000000000000000000000000000000000027
:104198000000000000000000000000000000000017
:1041a8000000000000000000000000000000000007
:1041b80000000000000000000000000000000000f7
:1041c80000000000000000000000000000000000e7
:1041d80000000000000000000000000000000000d7
:1041e80000000000000000000000000000000000c7
:1041f80000000000000000000000000000000000b7
:1042080000000000000000000000000000000000a6
:104218000000000000000000000000000000000096
:104228000000000000000000000000000000000086
:104238000000000000000000000000000000000076
:104248000000000000000000000000000000000066
:104258000000000000000000000000000000000056
:104268000000000000000000000000000000000046
:104278000000000000000000000000000000000036
:104288000000000000000000000000000000000026
:104298000000000000000000000000000000000016
:1042a8000000000000000000000000000000000006
:1042b80000000000000000000000000000000000f6
:1042c80000000000000000000000000000000000e6
:1042d80000000000000000000000000000000000d6
:1042e80000000000000000000000000000000000c6
:1042f80000000000000000000000000000000000b6
:1043080000000000000000000000000000000000a5
:104318000000000000000000000000000000000095
:104328000000000000000000000000000000000085
:104338000000000000000000000000000000000075
:104348000000000000000000000000000000000065
:104358000000000000000000000000000000000055
:104368000000000000000000000000000000000045
:104378000000000000000000000000000000000035
:104388000000000000000000000000000000000025
:104398000000000000000000000000000000000015
:1043a8000000000000000000000000000000000005
:1043b80000000000000000000000000000000000f5
:1043c80000000000000000000000000000000000e5
:1043d80000000000000000000000000000000000d5
:1043e80000000000000000000000000000000000c5
:1043f80000000000000000000000000000000000b5
:1044080000000000000000000000000000000000a4
:104418000000000000000000000000000000000094
:104428000000000000000000000000000000000084
:104438000000000000000000000000000000000074
:104448000000000000000000000000000000000064
:104458000000000000000000000000000000000054
:104468000000000000000000000000000000000044
:104478000000000000000000000000000000000034
:104488000000000000000000000000000000000024
:104498000000000000000000000000000000000014
:1044a8000000000000000000000000000000000004
:1044b80000000000000000000000000000000000f4
:1044c80000000000000000000000000000000000e4
:1044d80000000000000000000000000000000000d4
:1044e80000000000000000000000000000000000c4
:1044f80000000000000000000000000000000000b4
:1045080000000000000000000000000000000000a3
:104518000000000000000000000000000000000093
:104528000000000000000000000000000000000083
:104538000000000000000000000000000000000073
:104548000000000000000000000000000000000063
:104558000000000000000000000000000000000053
:104568000000000000000000000000000000000043
:104578000000000000000000000000000000000033
:104588000000000000000000000000000000000023
:104598000000000000000000000000000000000013
:1045a8000000000000000000000000000000000003
:1045b80000000000000000000000000000000000f3
:1045c80000000000000000000000000000000000e3
:1045d80000000000000000000000000000000000d3
:1045e80000000000000000000000000000000000c3
:1045f80000000000000000000000000000000000b3
:1046080000000000000000000000000000000000a2
:104618000000000000000000000000000000000092
:104628000000000000000000000000000000000082
:104638000000000000000000000000000000000072
:104648000000000000000000000000000000000062
:104658000000000000000000000000000000000052
:104668000000000000000000000000000000000042
:104678000000000000000000000000000000000032
:104688000000000000000000000000000000000022
:104698000000000000000000000000000000000012
:1046a8000000000000000000000000000000000002
:1046b80000000000000000000000000000000000f2
:1046c80000000000000000000000000000000000e2
:1046d80000000000000000000000000000000000d2
:1046e80000000000000000000000000000000000c2
:1046f80000000000000000000000000000000000b2
:1047080000000000000000000000000000000000a1
:104718000000000000000000000000000000000091
:104728000000000000000000000000000000000081
:104738000000000000000000000000000000000071
:104748000000000000000000000000000000000061
:104758000000000000000000000000000000000051
:104768000000000000000000000000000000000041
:104778000000000000000000000000000000000031
:104788000000000000000000000000000000000021
:104798000000000000000000000000000000000011
:1047a8000000000000000000000000000000000001
:1047b80000000000000000000000000000000000f1
:1047c80000000000000000000000000000000000e1
:1047d80000000000000000000000000000000000d1
:1047e80000000000000000000000000000000000c1
:1047f80000000000000000000000000000000000b1
:1048080000000000000000000000000000000000a0
:104818000000000000000000000000000000000090
:104828000000000000000000000000000000000080
:104838000000000000000000000000000000000070
:104848000000000000000000000000000000000060
:104858000000000000000000000000000000000050
:104868000000000000000000000000000000000040
:104878000000000000000000000000000000000030
:104888000000000000000000000000000000000020
:104898000000000000000000000000000000000010
:1048a8000000000000000000000000000000000000
:1048b80000000000000000000000000000000000f0
:1048c80000000000000000000000000000000000e0
:1048d80000000000000000000000000000000000d0
:1048e80000000000000000000000000000000000c0
:1048f80000000000000000000000000000000000b0
:10490800000000000000000000000000000000009f
:10491800000000000000000000000000000000008f
:10492800000000000000000000000000000000007f
:10493800000000000000000000000000000000006f
:10494800000000000000000000000000000000005f
:10495800000000000000000000000000000000004f
:10496800000000000000000000000000000000003f
:10497800000000000000000000000000000000002f
:10498800000000000000000000000000000000001f
:10499800000000000000000000000000000000000f
:1049a80000000000000000000000000000000000ff
:1049b80000000000000000000000000000000000ef
:1049c80000000000000000000000000000000000df
:1049d80000000000000000000000000000000000cf
:1049e80000000000000000000000000000000000bf
:1049f80000000000000000000000000000000000af
:104a0800000000000000000000000000000000009e
:104a1800000000000000000000000000000000008e
:104a2800000000000000000000000000000000007e
:104a3800000000000000000000000000000000006e
:104a4800000000000000000000000000000000005e
:104a5800000000000000000000000000000000004e
:104a6800000000000000000000000000000000003e
:104a7800000000000000000000000000000000002e
:104a8800000000000000000000000000000000001e
:104a9800000000000000000000000000000000000e
:104aa80000000000000000000000000000000000fe
:104ab80000000000000000000000000000000000ee
:104ac80000000000000000000000000000000000de
:104ad80000000000000000000000000000000000ce
:104ae80000000000000000000000000000000000be
:104af80000000000000000000000000000000000ae
:104b0800000000000000000000000000000000009d
:104b1800000000000000000000000000000000008d
:104b2800000000000000000000000000000000007d
:104b3800000000000000000000000000000000006d
:104b4800000000000000000000000000000000005d
:104b5800000000000000000000000000000000004d
:104b6800000000000000000000000000000000003d
:104b7800000000000000000000000000000000002d
:104b8800000000000000000000000000000000001d
:104b9800000000000000000000000000000000000d
:104ba80000000000000000000000000000000000fd
:104bb80000000000000000000000000000000000ed
:104bc80000000000000000000000000000000000dd
:104bd80000000000000000000000000000000000cd
:104be80000000000000000000000000000000000bd
:104bf80000000000000000000000000000000000ad
:104c0800000000000000000000000000000000009c
:104c1800000000000000000000000000000000008c
:104c2800000000000000000000000000000000007c
:104c3800000000000000000000000000000000006c
:104c4800000000000000000000000000000000005c
:104c5800000000000000000000000000000000004c
:104c6800000000000000000000000000000000003c
:104c7800000000000000000000000000000000002c
:104c8800000000000000000000000000000000001c
:104c9800000000000000000000000000000000000c
:104ca80000000000000000000000000000000000fc
:104cb80000000000000000000000000000000000ec
:104cc80000000000000000000000000000000000dc
:104cd80000000000000000000000000000000000cc
:104ce80000000000000000000000000000000000bc
:104cf80000000000000000000000000000000000ac
:104d0800000000000000000000000000000000009b
:104d1800000000000000000000000000000000008b
:104d2800000000000000000000000000000000007b
:104d3800000000000000000000000000000000006b
:104d4800000000000000000000000000000000005b
:104d5800000000000000000000000000000000004b
:104d6800000000000000000000000000000000003b
:104d7800000000000000000000000000000000002b
:104d8800000000000000000000000000000000001b
:104d9800000000000000000000000000000000000b
:104da80000000000000000000000000000000000fb
:104db80000000000000000000000000000000000eb
:104dc80000000000000000000000000000000000db
:104dd80000000000000000000000000000000000cb
:104de80000000000000000000000000000000000bb
:104df80000000000000000000000000000000000ab
:104e0800000000000000000000000000000000009a
:104e1800000000000000000000000000000000008a
:104e2800000000000000000000000000000000007a
:104e3800000000000000000000000000000000006a
:104e4800000000000000000000000000000000005a
:104e5800000000000000000000000000000000004a
:104e6800000000000000000000000000000000003a
:104e7800000000000000000000000000000000002a
:104e8800000000000000000000000000000000001a
:104e9800000000000000000000000000000000000a
:104ea80000000000000000000000000000000000fa
:104eb80000000000000000000000000000000000ea
:104ec80000000000000000000000000000000000da
:104ed80000000000000000000000000000000000ca
:104ee80000000000000000000000000000000000ba
:104ef80000000000000000000000000000000000aa
:104f08000000000000000000000000000000000099
:104f18000000000000000000000000000000000089
:104f28000000000000000000000000000000000079
:104f38000000000000000000000000000000000069
:104f48000000000000000000000000000000000059
:104f58000000000000000000000000000000000049
:104f68000000000000000000000000000000000039
:104f78000000000000000000000000000000000029
:104f88000000000000000000000000000000000019
:104f98000000000000000000000000000000000009
:104fa80000000000000000000000000000000000f9
:104fb80000000000000000000000000000000000e9
:104fc80000000000000000000000000000000000d9
:104fd80000000000000000000000000000000000c9
:104fe80000000000000000000000000000000000b9
:104ff80000000000000000000000000000000000a9
:105008000000000000000000000000000000000098
:105018000000000000000000000000000000000088
:105028000000000000000000000000000000000078
:105038000000000000000000000000000000000068
:105048000000000000000000000000000000000058
:105058000000000000000000000000000000000048
:105068000000000000000000000000000000000038
:105078000000000000000000000000000000000028
:105088000000000000000000000000000000000018
:105098000000000000000000000000000000000008
:1050a80000000000000000000000000000000000f8
:1050b80000000000000000000000000000000000e8
:1050c80000000000000000000000000000000000d8
:1050d80000000000000000000000000000000000c8
:1050e80000000000000000000000000000000000b8
:1050f80000000000000000000000000000000000a8
:105108000000000000000000000000000000000097
:105118000000000000000000000000000000000087
:105128000000000000000000000000000000000077
:105138000000000000000000000000000000000067
:105148000000000000000000000000000000000057
:105158000000000000000000000000000000000047
:105168000000000000000000000000000000000037
:105178000000000000000000000000000000000027
:105188000000000000000000000000000000000017
:105198000000000000000000000000000000000007
:1051a80000000000000000000000000000000000f7
:1051b80000000000000000000000000000000000e7
:1051c80000000000000000000000000000000000d7
:1051d80000000000000000000000000000000000c7
:1051e80000000000000000000000000000000000b7
:1051f80000000000000000000000000000000000a7
:105208000000000000000000000000000000000096
:105218000000000000000000000000000000000086
:105228000000000000000000000000000000000076
:105238000000000000000000000000000000000066
:105248000000000000000000000000000000000056
:105258000000000000000000000000000000000046
:105268000000000000000000000000000000000036
:105278000000000000000000000000000000000026
:105288000000000000000000000000000000000016
:105298000000000000000000000000000000000006
:1052a80000000000000000000000000000000000f6
:1052b80000000000000000000000000000000000e6
:1052c80000000000000000000000000000000000d6
:1052d80000000000000000000000000000000000c6
:1052e80000000000000000000000000000000000b6
:1052f80000000000000000000000000000000000a6
:105308000000000000000000000000000000000095
:105318000000000000000000000000000000000085
:105328000000000000000000000000000000000075
:105338000000000000000000000000000000000065
:105348000000000000000000000000000000000055
:105358000000000000000000000000000000000045
:105368000000000000000000000000000000000035
:105378000000000000000000000000000000000025
:105388000000000000000000000000000000000015
:105398000000000000000000000000000000000005
:1053a80000000000000000000000000000000000f5
:1053b80000000000000000000000000000000000e5
:1053c80000000000000000000000000000000000d5
:1053d80000000000000000000000000000000000c5
:1053e80000000000000000000000000000000000b5
:1053f80000000000000000000000000000000000a5
:105408000000000000000000000000000000000094
:105418000000000000000000000000000000000084
:105428000000000000000000000000000000000074
:105438000000000000000000000000000000000064
:105448000000000000000000000000000000000054
:105458000000000000000000000000000000000044
:105468000000000000000000000000000000000034
:105478000000000000000000000000000000000024
:105488000000000000000000000000000000000014
:105498000000000000000000000000000000000004
:1054a80000000000000000000000000000000000f4
:1054b80000000000000000000000000000000000e4
:1054c80000000000000000000000000000000000d4
:1054d80000000000000000000000000000000000c4
:1054e80000000000000000000000000000000000b4
:1054f80000000000000000000000000000000000a4
:105508000000000000000000000000000000000093
:105518000000000000000000000000000000000083
:105528000000000000000000000000000000000073
:105538000000000000000000000000000000000063
:105548000000000000000000000000000000000053
:105558000000000000000000000000000000000043
:105568000000000000000000000000000000000033
:105578000000000000000000000000000000000023
:105588000000000000000000000000000000000013
:105598000000000000000000000000000000000003
:1055a80000000000000000000000000000000000f3
:1055b80000000000000000000000000000000000e3
:1055c80000000000000000000000000000000000d3
:1055d80000000000000000000000000000000000c3
:1055e80000000000000000000000000000000000b3
:1055f80000000000000000000000000000000000a3
:105608000000000000000000000000000000000092
:105618000000000000000000000000000000000082
:105628000000000000000000000000000000000072
:105638000000000000000000000000000000000062
:105648000000000000000000000000000000000052
:105658000000000000000000000000000000000042
:105668000000000000000000000000000000000032
:105678000000000000000000000000000000000022
:105688000000000000000000000000000000000012
:105698000000000000000000000000000000000002
:1056a80000000000000000000000000000000000f2
:1056b80000000000000000000000000000000000e2
:1056c80000000000000000000000000000000000d2
:1056d80000000000000000000000000000000000c2
:1056e80000000000000000000000000000000000b2
:1056f80000000000000000000000000000000000a2
:105708000000000000000000000000000000000091
:105718000000000000000000000000000000000081
:105728000000000000000000000000000000000071
:105738000000000000000000000000000000000061
:105748000000000000000000000000000000000051
:105758000000000000000000000000000000000041
:105768000000000000000000000000000000000031
:105778000000000000000000000000000000000021
:105788000000000000000000000000000000000011
:105798000000000000000000000000000000000001
:1057a80000000000000000000000000000000000f1
:1057b80000000000000000000000000000000000e1
:1057c80000000000000000000000000000000000d1
:1057d80000000000000000000000000000000000c1
:1057e80000000000000000000000000000000000b1
:1057f80000000000000000000000000000000000a1
:105808000000000000000000000000000000000090
:105818000000000000000000000000000000000080
:105828000000000000000000000000000000000070
:105838000000000000000000000000000000000060
:105848000000000000000000000000000000000050
:105858000000000000000000000000000000000040
:105868000000000000000000000000000000000030
:105878000000000000000000000000000000000020
:105888000000000000000000000000000000000010
:105898000000000000000000000000000000000000
:1058a80000000000000000000000000000000000f0
:1058b80000000000000000000000000000000000e0
:1058c80000000000000000000000000000000000d0
:1058d80000000000000000000000000000000000c0
:1058e80000000000000000000000000000000000b0
:1058f80000000000000000000000000000000000a0
:10590800000000000000000000000000000000008f
:10591800000000000000000000000000000000007f
:10592800000000000000000000000000000000006f
:10593800000000000000000000000000000000005f
:10594800000000000000000000000000000000004f
:10595800000000000000000000000000000000003f
:10596800000000000000000000000000000000002f
:10597800000000000000000000000000000000001f
:10598800000000000000000000000000000000000f
:1059980000000000000000000000000000000000ff
:1059a80000000000000000000000000000000000ef
:1059b80000000000000000000000000000000000df
:1059c80000000000000000000000000000000000cf
:1059d80000000000000000000000000000000000bf
:1059e80000000000000000000000000000000000af
:1059f800000000000000000000000000000000009f
:105a0800000000000000000000000000000000008e
:105a1800000000000000000000000000000000007e
:105a2800000000000000000000000000000000006e
:105a3800000000000000000000000000000000005e
:105a4800000000000000000000000000000000004e
:105a5800000000000000000000000000000000003e
:105a6800000000000000000000000000000000002e
:105a7800000000000000000000000000000000001e
:105a8800000000000000000000000000000000000e
:105a980000000000000000000000000000000000fe
:105aa80000000000000000000000000000000000ee
:105ab80000000000000000000000000000000000de
:105ac80000000000000000000000000000000000ce
:105ad80000000000000000000000000000000000be
:105ae80000000000000000000000000000000000ae
:105af800000000000000000000000000000000009e
:105b0800000000000000000000000000000000008d
:105b1800000000000000000000000000000000007d
:105b2800000000000000000000000000000000006d
:105b3800000000000000000000000000000000005d
:105b4800000000000000000000000000000000004d
:105b5800000000000000000000000000000000003d
:105b6800000000000000000000000000000000002d
:105b7800000000000000000000000000000000001d
:105b8800000000000000000000000000000000000d
:105b980000000000000000000000000000000000fd
:105ba80000000000000000000000000000000000ed
:105bb80000000000000000000000000000000000dd
:105bc80000000000000000000000000000000000cd
:105bd80000000000000000000000000000000000bd
:105be80000000000000000000000000000000000ad
:105bf800000000000000000000000000000000009d
:105c0800000000000000000000000000000000008c
:105c1800000000000000000000000000000000007c
:105c2800000000000000000000000000000000006c
:105c3800000000000000000000000000000000005c
:105c4800000000000000000000000000000000004c
:105c5800000000000000000000000000000000003c
:105c6800000000000000000000000000000000002c
:105c7800000000000000000000000000000000001c
:105c8800000000000000000000000000000000000c
:105c980000000000000000000000000000000000fc
:105ca80000000000000000000000000000000000ec
:105cb80000000000000000000000000000000000dc
:105cc80000000000000000000000000000000000cc
:105cd80000000000000000000000000000000000bc
:105ce80000000000000000000000000000000000ac
:105cf800000000000000000000000000000000009c
:105d0800000000000000000000000000000000008b
:105d1800000000000000000000000000000000007b
:105d2800000000000000000000000000000000006b
:105d3800000000000000000000000000000000005b
:105d4800000000000000000000000000000000004b
:105d5800000000000000000000000000000000003b
:105d6800000000000000000000000000000000002b
:105d7800000000000000000000000000000000001b
:105d8800000000000000000000000000000000000b
:105d980000000000000000000000000000000000fb
:105da80000000000000000000000000000000000eb
:105db80000000000000000000000000000000000db
:105dc80000000000000000000000000000000000cb
:105dd80000000000000000000000000000000000bb
:105de80000000000000000000000000000000000ab
:105df800000000000000000000000000000000009b
:105e0800000000000000000000000000000000008a
:105e1800000000000000000000000000000000007a
:105e2800000000000000000000000000000000006a
:105e3800000000000000000000000000000000005a
:105e4800000000000000000000000000000000004a
:105e5800000000000000000000000000000000003a
:105e6800000000000000000000000000000000002a
:105e7800000000000000000000000000000000001a
:105e8800000000000000000000000000000000000a
:105e980000000000000000000000000000000000fa
:105ea80000000000000000000000000000000000ea
:105eb80000000000000000000000000000000000da
:105ec80000000000000000000000000000000000ca
:105ed80000000000000000000000000000000000ba
:105ee80000000000000000000000000000000000aa
:105ef800000000000000000000000000000000009a
:105f08000000000000000000000000000000000089
:105f18000000000000000000000000000000000079
:105f28000000000000000000000000000000000069
:105f38000000000000000000000000000000000059
:105f48000000000000000000000000000000000049
:105f58000000000000000000000000000000000039
:105f68000000000000000000000000000000000029
:105f78000000000000000000000000000000000019
:105f88000000000000000000000000000000000009
:105f980000000000000000000000000000000000f9
:105fa80000000000000000000000000000000000e9
:105fb80000000000000000000000000000000000d9
:105fc80000000000000000000000000000000000c9
:105fd80000000000000000000000000000000000b9
:105fe80000000000000000000000000000000000a9
:105ff8000000000000000000000000000000000099
:106008000000000000000000000000000000000088
:106018000000000000000000000000000000000078
:106028000000000000000000000000000000000068
:106038000000000000000000000000000000000058
:106048000000000000000000000000000000000048
:106058000000000000000000000000000000000038
:106068000000000000000000000000000000000028
:106078000000000000000000000000000000000018
:106088000000000000000000000000000000000008
:1060980000000000000000000000000000000000f8
:1060a80000000000000000000000000000000000e8
:1060b80000000000000000000000000000000000d8
:1060c80000000000000000000000000000000000c8
:1060d80000000000000000000000000000000000b8
:1060e80000000000000000000000000000000000a8
:1060f8000000000000000000000000000000000098
:106108000000000000000000000000000000000087
:106118000000000000000000000000000000000077
:106128000000000000000000000000000000000067
:106138000000000000000000000000000000000057
:106148000000000000000000000000000000000047
:106158000000000000000000000000000000000037
:106168000000000000000000000000000000000027
:106178000000000000000000000000000000000017
:106188000000000000000000000000000000000007
:1061980000000000000000000000000000000000f7
:1061a80000000000000000000000000000000000e7
:1061b80000000000000000000000000000000000d7
:1061c80000000000000000000000000000000000c7
:1061d80000000000000000000000000000000000b7
:1061e80000000000000000000000000000000000a7
:1061f8000000000000000000000000000000000097
:106208000000000000000000000000000000000086
:106218000000000000000000000000000000000076
:106228000000000000000000000000000000000066
:106238000000000000000000000000000000000056
:106248000000000000000000000000000000000046
:106258000000000000000000000000000000000036
:106268000000000000000000000000000000000026
:106278000000000000000000000000000000000016
:106288000000000000000000000000000000000006
:1062980000000000000000000000000000000000f6
:1062a80000000000000000000000000000000000e6
:1062b80000000000000000000000000000000000d6
:1062c80000000000000000000000000000000000c6
:1062d80000000000000000000000000000000000b6
:1062e80000000000000000000000000000000000a6
:1062f8000000000000000000000000000000000096
:106308000000000000000000000000000000000085
:106318000000000000000000000000000000000075
:106328000000000000000000000000000000000065
:106338000000000000000000000000000000000055
:106348000000000000000000000000000000000045
:106358000000000000000000000000000000000035
:106368000000000000000000000000000000000025
:106378000000000000000000000000000000000015
:106388000000000000000000000000000000000005
:1063980000000000000000000000000000000000f5
:1063a80000000000000000000000000000000000e5
:1063b80000000000000000000000000000000000d5
:1063c80000000000000000000000000000000000c5
:1063d80000000000000000000000000000000000b5
:1063e80000000000000000000000000000000000a5
:1063f8000000000000000000000000000000000095
:106408000000000000000000000000000000000084
:106418000000000000000000000000000000000074
:106428000000000000000000000000000000000064
:106438000000000000000000000000000000000054
:106448000000000000000000000000000000000044
:106458000000000000000000000000000000000034
:106468000000000000000000000000000000000024
:106478000000000000000000000000000000000014
:106488000000000000000000000000000000000004
:1064980000000000000000000000000000000000f4
:1064a80000000000000000000000000000000000e4
:1064b80000000000000000000000000000000000d4
:1064c80000000000000000000000000000000000c4
:1064d80000000000000000000000000000000000b4
:1064e80000000000000000000000000000000000a4
:1064f8000000000000000000000000000000000094
:106508000000000000000000000000000000000083
:106518000000000000000000000000000000000073
:106528000000000000000000000000000000000063
:106538000000000000000000000000000000000053
:106548000000000000000000000000000000000043
:106558000000000000000000000000000000000033
:106568000000000000000000000000000000000023
:106578000000000000000000000000000000000013
:106588000000000000000000000000000000000003
:1065980000000000000000000000000000000000f3
:1065a80000000000000000000000000000000000e3
:1065b80000000000000000000000000000000000d3
:1065c80000000000000000000000000000000000c3
:1065d80000000000000000000000000000000000b3
:1065e80000000000000000000000000000000000a3
:1065f8000000000000000000000000000000000093
:106608000000000000000000000000000000000082
:106618000000000000000000000000000000000072
:106628000000000000000000000000000000000062
:106638000000000000000000000000000000000052
:106648000000000000000000000000000000000042
:106658000000000000000000000000000000000032
:106668000000000000000000000000000000000022
:106678000000000000000000000000000000000012
:106688000000000000000000000000000000000002
:1066980000000000000000000000000000000000f2
:1066a80000000000000000000000000000000000e2
:1066b80000000000000000000000000000000000d2
:1066c80000000000000000000000000000000000c2
:1066d80000000000000000000000000000000000b2
:1066e80000000000000000000000000000000000a2
:1066f8000000000000000000000000000000000092
:106708000000000000000000000000000000000081
:106718000000000000000000000000000000000071
:106728000000000000000000000000000000000061
:106738000000000000000000000000000000000051
:106748000000000000000000000000000000000041
:106758000000000000000000000000000000000031
:106768000000000000000000000000000000000021
:106778000000000000000000000000000000000011
:106788000000000000000000000000000000000001
:1067980000000000000000000000000000000000f1
:1067a80000000000000000000000000000000000e1
:1067b80000000000000000000000000000000000d1
:1067c80000000000000000000000000000000000c1
:1067d80000000000000000000000000000000000b1
:1067e80000000000000000000000000000000000a1
:1067f8000000000000000000000000000000000091
:106808000000000000000000000000000000000080
:106818000000000000000000000000000000000070
:106828000000000000000000000000000000000060
:106838000000000000000000000000000000000050
:106848000000000000000000000000000000000040
:106858000000000000000000000000000000000030
:106868000000000000000000000000000000000020
:106878000000000000000000000000000000000010
:106888000000000000000000000000000000000000
:1068980000000000000000000000000000000000f0
:1068a80000000000000000000000000000000000e0
:1068b80000000000000000000000000000000000d0
:1068c80000000000000000000000000000000000c0
:1068d80000000000000000000000000000000000b0
:1068e80000000000000000000000000000000000a0
:1068f8000000000000000000000000000000000090
:10690800000000000000000000000000000000007f
:10691800000000000000000000000000000000006f
:10692800000000000000000000000000000000005f
:10693800000000000000000000000000000000004f
:10694800000000000000000000000000000000003f
:10695800000000000000000000000000000000002f
:10696800000000000000000000000000000000001f
:10697800000000000000000000000000000000000f
:1069880000000000000000000000000000000000ff
:1069980000000000000000000000000000000000ef
:1069a80000000000000000000000000000000000df
:1069b80000000000000000000000000000000000cf
:1069c80000000000000000000000000000000000bf
:1069d80000000000000000000000000000000000af
:1069e800000000000000000000000000000000009f
:1069f800000000000000000000000000000000008f
:106a0800000000000000000000000000000000007e
:106a1800000000000000000000000000000000006e
:106a2800000000000000000000000000000000005e
:106a3800000000000000000000000000000000004e
:106a4800000000000000000000000000000000003e
:106a5800000000000000000000000000000000002e
:106a6800000000000000000000000000000000001e
:106a7800000000000000000000000000000000000e
:106a880000000000000000000000000000000000fe
:106a980000000000000000000000000000000000ee
:106aa80000000000000000000000000000000000de
:106ab80000000000000000000000000000000000ce
:106ac80000000000000000000000000000000000be
:106ad80000000000000000000000000000000000ae
:106ae800000000000000000000000000000000009e
:106af800000000000000000000000000000000008e
:106b0800000000000000000000000000000000007d
:106b1800000000000000000000000000000000006d
:106b2800000000000000000000000000000000005d
:106b3800000000000000000000000000000000004d
:106b4800000000000000000000000000000000003d
:106b5800000000000000000000000000000000002d
:106b6800000000000000000000000000000000001d
:106b7800000000000000000000000000000000000d
:106b880000000000000000000000000000000000fd
:106b980000000000000000000000000000000000ed
:106ba80000000000000000000000000000000000dd
:106bb80000000000000000000000000000000000cd
:106bc80000000000000000000000000000000000bd
:106bd80000000000000000000000000000000000ad
:106be800000000000000000000000000000000009d
:106bf800000000000000000000000000000000008d
:106c0800000000000000000000000000000000007c
:106c1800000000000000000000000000000000006c
:106c2800000000000000000000000000000000005c
:106c3800000000000000000000000000000000004c
:106c4800000000000000000000000000000000003c
:106c5800000000000000000000000000000000002c
:106c6800000000000000000000000000000000001c
:106c7800000000000000000000000000000000000c
:106c880000000000000000000000000000000000fc
:106c980000000000000000000000000000000000ec
:106ca80000000000000000000000000000000000dc
:106cb80000000000000000000000000000000000cc
:106cc80000000000000000000000000000000000bc
:106cd80000000000000000000000000000000000ac
:106ce800000000000000000000000000000000009c
:106cf800000000000000000000000000000000008c
:106d0800000000000000000000000000000000007b
:106d1800000000000000000000000000000000006b
:106d2800000000000000000000000000000000005b
:106d3800000000000000000000000000000000004b
:106d4800000000000000000000000000000000003b
:106d5800000000000000000000000000000000002b
:106d6800000000000000000000000000000000001b
:106d7800000000000000000000000000000000000b
:106d880000000000000000000000000000000000fb
:106d980000000000000000000000000000000000eb
:106da80000000000000000000000000000000000db
:106db80000000000000000000000000000000000cb
:106dc80000000000000000000000000000000000bb
:106dd80000000000000000000000000000000000ab
:106de800000000000000000000000000000000009b
:106df800000000000000000000000000000000008b
:106e0800000000000000000000000000000000007a
:106e1800000000000000000000000000000000006a
:106e2800000000000000000000000000000000005a
:106e3800000000000000000000000000000000004a
:106e4800000000000000000000000000000000003a
:106e5800000000000000000000000000000000002a
:106e6800000000000000000000000000000000001a
:106e7800000000000000000000000000000000000a
:106e880000000000000000000000000000000000fa
:106e980000000000000000000000000000000000ea
:106ea80000000000000000000000000000000000da
:106eb80000000000000000000000000000000000ca
:106ec80000000000000000000000000000000000ba
:106ed80000000000000000000000000000000000aa
:106ee800000000000000000000000000000000009a
:106ef800000000000000000000000000000000008a
:106f08000000000000000000000000000000000079
:106f18000000000000000000000000000000000069
:106f28000000000000000000000000000000000059
:106f38000000000000000000000000000000000049
:106f48000000000000000000000000000000000039
:106f58000000000000000000000000000000000029
:106f68000000000000000000000000000000000019
:106f78000000000000000000000000000000000009
:106f880000000000000000000000000000000000f9
:106f980000000000000000000000000000000000e9
:106fa80000000000000000000000000000000000d9
:106fb80000000000000000000000000000000000c9
:106fc80000000000000000000000000000000000b9
:106fd80000000000000000000000000000000000a9
:106fe8000000000000000000000000000000000099
:106ff8000000000000000000000000000000000089
:107008000000000000000000000000000000000078
:107018000000000000000000000000000000000068
:107028000000000000000000000000000000000058
:107038000000000000000000000000000000000048
:107048000000000000000000000000000000000038
:107058000000000000000000000000000000000028
:107068000000000000000000000000000000000018
:107078000000000000000000000000000000000008
:1070880000000000000000000000000000000000f8
:1070980000000000000000000000000000000000e8
:1070a80000000000000000000000000000000000d8
:1070b80000000000000000000000000000000000c8
:1070c80000000000000000000000000000000000b8
:1070d80000000000000000000000000000000000a8
:1070e8000000000000000000000000000000000098
:1070f8000000000000000000000000000000000088
:107108000000000000000000000000000000000077
:107118000000000000000000000000000000000067
:107128000000000000000000000000000000000057
:107138000000000000000000000000000000000047
:107148000000000000000000000000000000000037
:107158000000000000000000000000000000000027
:107168000000000000000000000000000000000017
:107178000000000000000000000000000000000007
:1071880000000000000000000000000000000000f7
:1071980000000000000000000000000000000000e7
:1071a80000000000000000000000000000000000d7
:1071b80000000000000000000000000000000000c7
:1071c80000000000000000000000000000000000b7
:1071d80000000000000000000000000000000000a7
:1071e8000000000000000000000000000000000097
:1071f8000000000000000000000000000000000087
:107208000000000000000000000000000000000076
:107218000000000000000000000000000000000066
:107228000000000000000000000000000000000056
:107238000000000000000000000000000000000046
:107248000000000000000000000000000000000036
:107258000000000000000000000000000000000026
:107268000000000000000000000000000000000016
:107278000000000000000000000000000000000006
:1072880000000000000000000000000000000000f6
:1072980000000000000000000000000000000000e6
:1072a80000000000000000000000000000000000d6
:1072b80000000000000000000000000000000000c6
:1072c80000000000000000000000000000000000b6
:1072d80000000000000000000000000000000000a6
:1072e8000000000000000000000000000000000096
:1072f8000000000000000000000000000000000086
:107308000000000000000000000000000000000075
:107318000000000000000000000000000000000065
:107328000000000000000000000000000000000055
:107338000000000000000000000000000000000045
:107348000000000000000000000000000000000035
:107358000000000000000000000000000000000025
:107368000000000000000000000000000000000015
:107378000000000000000000000000000000000005
:1073880000000000000000000000000000000000f5
:1073980000000000000000000000000000000000e5
:1073a80000000000000000000000000000000000d5
:1073b80000000000000000000000000000000000c5
:1073c80000000000000000000000000000000000b5
:1073d80000000000000000000000000000000000a5
:1073e8000000000000000000000000000000000095
:1073f8000000000000000000000000000000000085
:107408000000000000000000000000000000000074
:107418000000000000000000000000000000000064
:107428000000000000000000000000000000000054
:107438000000000000000000000000000000000044
:107448000000000000000000000000000000000034
:107458000000000000000000000000000000000024
:107468000000000000000000000000000000000014
:107478000000000000000000000000000000000004
:1074880000000000000000000000000000000000f4
:1074980000000000000000000000000000000000e4
:1074a80000000000000000000000000000000000d4
:1074b80000000000000000000000000000000000c4
:1074c80000000000000000000000000000000000b4
:1074d80000000000000000000000000000000000a4
:1074e8000000000000000000000000000000000094
:1074f8000000000000000000000000000000000084
:107508000000000000000000000000000000000073
:107518000000000000000000000000000000000063
:107528000000000000000000000000000000000053
:107538000000000000000000000000000000000043
:107548000000000000000000000000000000000033
:107558000000000000000000000000000000000023
:107568000000000000000000000000000000000013
:107578000000000000000000000000000000000003
:1075880000000000000000000000000000000000f3
:1075980000000000000000000000000000000000e3
:1075a80000000000000000000000000000000000d3
:1075b80000000000000000000000000000000000c3
:1075c80000000000000000000000000000000000b3
:1075d80000000000000000000000000000000000a3
:1075e8000000000000000000000000000000000093
:1075f8000000000000000000000000000000000083
:107608000000000000000000000000000000000072
:107618000000000000000000000000000000000062
:107628000000000000000000000000000000000052
:107638000000000000000000000000000000000042
:107648000000000000000000000000000000000032
:107658000000000000000000000000000000000022
:107668000000000000000000000000000000000012
:107678000000000000000000000000000000000002
:1076880000000000000000000000000000000000f2
:1076980000000000000000000000000000000000e2
:1076a80000000000000000000000000000000000d2
:1076b80000000000000000000000000000000000c2
:1076c80000000000000000000000000000000000b2
:1076d80000000000000000000000000000000000a2
:1076e8000000000000000000000000000000000092
:1076f8000000000000000000000000000000000082
:107708000000000000000000000000000000000071
:107718000000000000000000000000000000000061
:107728000000000000000000000000000000000051
:107738000000000000000000000000000000000041
:107748000000000000000000000000000000000031
:107758000000000000000000000000000000000021
:107768000000000000000000000000000000000011
:107778000000000000000000000000000000000001
:1077880000000000000000000000000000000000f1
:1077980000000000000000000000000000000000e1
:1077a80000000000000000000000000000000000d1
:1077b80000000000000000000000000000000000c1
:1077c80000000000000000000000000000000000b1
:1077d80000000000000000000000000000000000a1
:1077e8000000000000000000000000000000000091
:1077f8000000000000000000000000000000000081
:107808000000000000000000000000000000000070
:107818000000000000000000000000000000000060
:107828000000000000000000000000000000000050
:107838000000000000000000000000000000000040
:107848000000000000000000000000000000000030
:107858000000000000000000000000000000000020
:107868000000000000000000000000000000000010
:107878000000000000000000000000000000000000
:1078880000000000000000000000000000000000f0
:1078980000000000000000000000000000000000e0
:1078a80000000000000000000000000000000000d0
:1078b80000000000000000000000000000000000c0
:1078c80000000000000000000000000000000000b0
:1078d80000000000000000000000000000000000a0
:1078e8000000000000000000000000000000000090
:1078f8000000000000000000000000000000000080
:10790800000000000000000000000000000000006f
:10791800000000000000000000000000000000005f
:10792800000000000000000000000000000000004f
:10793800000000000000000000000000000000003f
:10794800000000000000000000000000000000002f
:10795800000000000000000000000000000000001f
:10796800000000000000000000000000000000000f
:1079780000000000000000000000000000000000ff
:1079880000000000000000000000000000000000ef
:1079980000000000000000000000000000000000df
:1079a80000000000000000000000000000000000cf
:1079b80000000000000000000000000000000000bf
:1079c80000000000000000000000000000000000af
:1079d800000000000000000000000000000000009f
:1079e800000000000000000000000000000000008f
:1079f800000000000000000000000000000000007f
:107a0800000000000000000000000000000000006e
:107a1800000000000000000000000000000000005e
:107a2800000000000000000000000000000000004e
:107a3800000000000000000000000000000000003e
:107a4800000000000000000000000000000000002e
:107a5800000000000000000000000000000000001e
:107a6800000000000000000000000000000000000e
:107a780000000000000000000000000000000000fe
:107a880000000000000000000000000000000000ee
:107a980000000000000000000000000000000000de
:107aa80000000000000000000000000000000000ce
:107ab80000000000000000000000000000000000be
:107ac80000000000000000000000000000000000ae
:107ad800000000000000000000000000000000009e
:107ae800000000000000000000000000000000008e
:107af800000000000000000000000000000000007e
:107b0800000000000000000000000000000000006d
:107b1800000000000000000000000000000000005d
:107b2800000000000000000000000000000000004d
:107b3800000000000000000000000000000000003d
:107b4800000000000000000000000000000000002d
:107b5800000000000000000000000000000000001d
:107b6800000000000000000000000000000000000d
:107b780000000000000000000000000000000000fd
:107b880000000000000000000000000000000000ed
:107b980000000000000000000000000000000000dd
:107ba80000000000000000000000000000000000cd
:107bb80000000000000000000000000000000000bd
:107bc80000000000000000000000000000000000ad
:107bd800000000000000000000000000000000009d
:107be800000000000000000000000000000000008d
:107bf800000000000000000000000000000000007d
:107c0800000000000000000000000000000000006c
:107c1800000000000000000000000000000000005c
:107c2800000000000000000000000000000000004c
:107c3800000000000000000000000000000000003c
:107c4800000000000000000000000000000000002c
:107c5800000000000000000000000000000000001c
:107c6800000000000000000000000000000000000c
:107c780000000000000000000000000000000000fc
:107c880000000000000000000000000000000000ec
:107c980000000000000000000000000000000000dc
:107ca80000000000000000000000000000000000cc
:107cb80000000000000000000000000000000000bc
:107cc80000000000000000000000000000000000ac
:107cd800000000000000000000000000000000009c
:107ce800000000000000000000000000000000008c
:107cf800000000000000000000000000000000007c
:107d0800000000000000000000000000000000006b
:107d1800000000000000000000000000000000005b
:107d2800000000000000000000000000000000004b
:107d3800000000000000000000000000000000003b
:107d4800000000000000000000000000000000002b
:107d5800000000000000000000000000000000001b
:107d6800000000000000000000000000000000000b
:107d780000000000000000000000000000000000fb
:107d880000000000000000000000000000000000eb
:107d980000000000000000000000000000000000db
:107da80000000000000000000000000000000000cb
:107db80000000000000000000000000000000000bb
:107dc80000000000000000000000000000000000ab
:107dd800000000000000000000000000000000009b
:107de800000000000000000000000000000000008b
:107df800000000000000000000000000000000007b
:107e0800000000000000000000000000000000006a
:107e1800000000000000000000000000000000005a
:107e2800000000000000000000000000000000004a
:107e3800000000000000000000000000000000003a
:107e4800000000000000000000000000000000002a
:107e5800000000000000000000000000000000001a
:107e6800000000000000000000000000000000000a
:107e780000000000000000000000000000000000fa
:107e880000000000000000000000000000000000ea
:107e980000000000000000000000000000000000da
:107ea80000000000000000000000000000000000ca
:107eb80000000000000000000000000000000000ba
:107ec80000000000000000000000000000000000aa
:107ed800000000000000000000000000000000009a
:107ee800000000000000000000000000000000008a
:107ef800000000000000000000000000000000007a
:107f08000000000000000000000000000000000069
:107f18000000000000000000000000000000000059
:107f28000000000000000000000000000000000049
:107f38000000000000000000000000000000000039
:107f48000000000000000000000000000000000029
:107f58000000000000000000000000000000000019
:107f68000000000000000000000000000000000009
:107f780000000000000000000000000000000000f9
:107f880000000000000000000000000000000000e9
:107f980000000000000000000000000000000000d9
:107fa80000000000000000000000000000000000c9
:107fb80000000000000000000000000000000000b9
:107fc80000000000000000000000000000000000a9
:107fd8000000000000000000000000000000000099
:107fe8000000000000000000000000000000000089
:107ff8000000000000000000000000000000000079
:108008000000000000000000000000000000000068
:108018000000000000000000000000000000000058
:108028000000000000000000000000000000000048
:108038000000000000000000000000000000000038
:108048000000000000000000000000000000000028
:108058000000000000000000000000000000000018
:108068000000000000000000000000000000000008
:1080780000000000000000000000000000000000f8
:1080880000000000000000000000000000000000e8
:1080980000000000000000000000000000000000d8
:1080a80000000000000000000000000000000000c8
:1080b80000000000000000000000000000000000b8
:1080c80000000000000000000000000000000000a8
:1080d8000000000000000000000000000000000098
:1080e8000000000000000000000000000000000088
:1080f8000000000000000000000000000000000078
:108108000000000000000000000000000000000067
:108118000000000000000000000000000000000057
:108128000000000000000000000000000000000047
:108138000000000000000000000000000000000037
:108148000000000000000000000000000000000027
:108158000000000000000000000000000000000017
:108168000000000000000000000000000000000007
:1081780000000000000000000000000000000000f7
:1081880000000000000000000000000000000000e7
:1081980000000000000000000000000000000000d7
:1081a80000000000000000000000000000000000c7
:1081b80000000000000000000000000000000000b7
:1081c80000000000000000000000000000000000a7
:1081d8000000000000000000000000000000000097
:1081e8000000000000000000000000000000000087
:1081f8000000000000000000000000000000000077
:108208000000000000000000000000000000000066
:108218000000000000000000000000000000000056
:108228000000000000000000000000000000000046
:108238000000000000000000000000000000000036
:108248000000000000000000000000000000000026
:108258000000000000000000000000000000000016
:108268000000000000000000000000000000000006
:1082780000000000000000000000000000000000f6
:1082880000000000000000000000000000000000e6
:1082980000000000000000000000000000000000d6
:1082a80000000000000000000000000000000000c6
:1082b80000000000000000000000000000000000b6
:1082c80000000000000000000000000000000000a6
:1082d8000000000000000000000000000000000096
:1082e8000000000000000000000000000000000086
:1082f8000000000000000000000000000000000076
:108308000000000000000000000000000000000065
:108318000000000000000000000000000000000055
:108328000000000000000000000000000000000045
:108338000000000000000000000000000000000035
:108348000000000000000000000000000000000025
:108358000000000000000000000000000000000015
:108368000000000000000000000000000000000005
:1083780000000000000000000000000000000000f5
:1083880000000000000000000000000000000000e5
:1083980000000000000000000000000000000000d5
:1083a80000000000000000000000000000000000c5
:1083b80000000000000000000000000000000000b5
:1083c80000000000000000000000000000000000a5
:1083d8000000000000000000000000000000000095
:1083e8000000000000000000000000000000000085
:1083f8000000000000000000000000000000000075
:108408000000000000000000000000000000000064
:108418000000000000000000000000000000000054
:108428000000000000000000000000000000000044
:108438000000000000000000000000000000000034
:108448000000000000000000000000000000000024
:108458000000000000000000000000000000000014
:108468000000000000000000000000000000000004
:1084780000000000000000000000000000000000f4
:1084880000000000000000000000000000000000e4
:1084980000000000000000000000000000000000d4
:1084a80000000000000000000000000000000000c4
:1084b80000000000000000000000000000000000b4
:1084c80000000000000000000000000000000000a4
:1084d8000000000000000000000000000000000094
:1084e8000000000000000000000000000000000084
:1084f8000000000000000000000000000000000074
:108508000000000000000000000000000000000063
:108518000000000000000000000000000000000053
:108528000000000000000000000000000000000043
:108538000000000000000000000000000000000033
:108548000000000000000000000000000000000023
:108558000000000000000000000000000000000013
:108568000000000000000000000000000000000003
:1085780000000000000000000000000000000000f3
:1085880000000000000000000000000000000000e3
:1085980000000000000000000000000000000000d3
:1085a80000000000000000000000000000000000c3
:1085b80000000000000000000000000000000000b3
:1085c80000000000000000000000000000000000a3
:1085d8000000000000000000000000000000000093
:1085e8000000000000000000000000000000000083
:1085f8000000000000000000000000000000000073
:108608000000000000000000000000000000000062
:108618000000000000000000000000000000000052
:108628000000000000000000000000000000000042
:108638000000000000000000000000000000000032
:108648000000000000000000000000000000000022
:108658000000000000000000000000000000000012
:108668000000000000000000000000000000000002
:1086780000000000000000000000000000000000f2
:1086880000000000000000000000000000000000e2
:1086980000000000000000000000000000000000d2
:1086a80000000000000000000000000000000000c2
:1086b80000000000000000000000000000000000b2
:1086c80000000000000000000000000000000000a2
:1086d8000000000000000000000000000000000092
:1086e8000000000000000000000000000000000082
:1086f8000000000000000000000000000000000072
:108708000000000000000000000000000000000061
:108718000000000000000000000000000000000051
:108728000000000000000000000000000000000041
:108738000000000000000000000000000000000031
:108748000000000000000000000000000000000021
:108758000000000000000000000000000000000011
:108768000000000000000000000000000000000001
:1087780000000000000000000000000000000000f1
:1087880000000000000000000000000000000000e1
:1087980000000000000000000000000000000000d1
:1087a80000000000000000000000000000000000c1
:1087b80000000000000000000000000000000000b1
:1087c80000000000000000000000000000000000a1
:1087d8000000000000000000000000000000000091
:1087e8000000000000000000000000000000000081
:1087f8000000000000000000000000000000000071
:108808000000000000000000000000000000000060
:108818000000000000000000000000000000000050
:108828000000000000000000000000000000000040
:108838000000000000000000000000000000000030
:108848000000000000000000000000000000000020
:108858000000000000000000000000000000000010
:108868000000000000000000000000000000000000
:1088780000000000000000000000000000000000f0
:1088880000000000000000000000000000000000e0
:1088980000000000000000000000000000000000d0
:1088a80000000000000000000000000000000000c0
:1088b80000000000000000000000000000000000b0
:1088c80000000000000000000000000000000000a0
:1088d8000000000000000000000000000000000090
:1088e8000000000000000000000000000000000080
:1088f8000000000000000000000000000000000070
:10890800000000000000000000000000000000005f
:10891800000000000000000000000000000000004f
:10892800000000000000000000000000000000003f
:10893800000000000000000000000000000000002f
:10894800000000000000000000000000000000001f
:10895800000000000000000000000000000000000f
:1089680000000000000000000000000000000000ff
:1089780000000000000000000000000000000000ef
:1089880000000000000000000000000000000000df
:1089980000000000000000000000000000000000cf
:1089a80000000000000000000000000000000000bf
:1089b80000000000000000000000000000000000af
:1089c800000000000000000000000000000000009f
:1089d800000000000000000000000000000000008f
:1089e800000000000000000000000000000000007f
:1089f800000000000000000000000000000000006f
:108a0800000000000000000000000000000000005e
:108a1800000000000000000000000000000000004e
:108a2800000000000000000000000000000000003e
:108a3800000000000000000000000000000000002e
:108a4800000000000000000000000000000000001e
:108a5800000000000000000000000000000000000e
:108a680000000000000000000000000000000000fe
:108a780000000000000000000000000000000000ee
:108a880000000000000000000000000000000000de
:108a980000000000000000000000000000000000ce
:108aa80000000000000000000000000000000000be
:108ab80000000000000000000000000000000000ae
:108ac800000000000000000000000000000000009e
:108ad800000000000000000000000000000000008e
:108ae800000000000000000000000000000000007e
:108af800000000000000000000000000000000006e
:108b0800000000000000000000000000000000005d
:108b1800000000000000000000000000000000004d
:108b2800000000000000000000000000000000003d
:108b3800000000000000000000000000000000002d
:108b4800000000000000000000000000000000001d
:108b5800000000000000000000000000000000000d
:108b680000000000000000000000000000000000fd
:108b780000000000000000000000000000000000ed
:108b880000000000000000000000000000000000dd
:108b980000000000000000000000000000000000cd
:108ba80000000000000000000000000000000000bd
:108bb80000000000000000000000000000000000ad
:108bc800000000000000000000000000000000009d
:108bd800000000000000000000000000000000008d
:108be800000000000000000000000000000000007d
:108bf800000000000000000000000000000000006d
:108c0800000000000000000000000000000000005c
:108c1800000000000000000000000000000000004c
:108c2800000000000000000000000000000000003c
:108c3800000000000000000000000000000000002c
:108c4800000000000000000000000000000000001c
:108c5800000000000000000000000000000000000c
:108c680000000000000000000000000000000000fc
:108c780000000000000000000000000000000000ec
:108c880000000000000000000000000000000000dc
:108c980000000000000000000000000000000000cc
:108ca80000000000000000000000000000000000bc
:108cb80000000000000000000000000000000000ac
:108cc800000000000000000000000000000000009c
:108cd800000000000000000000000000000000008c
:108ce800000000000000000000000000000000007c
:108cf800000000000000000000000000000000006c
:108d0800000000000000000000000000000000005b
:108d1800000000000000000000000000000000004b
:108d2800000000000000000000000000000000003b
:108d3800000000000000000000000000000000002b
:108d4800000000000000000000000000000000001b
:108d5800000000000000000000000000000000000b
:108d680000000000000000000000000000000000fb
:108d780000000000000000000000000000000000eb
:108d880000000000000000000000000000000000db
:108d980000000000000000000000000000000000cb
:108da80000000000000000000000000000000000bb
:108db80000000000000000000000000000000000ab
:108dc800000000000000000000000000000000009b
:108dd800000000000000000000000000000000008b
:108de800000000000000000000000000000000007b
:108df800000000000000000000000000000000006b
:108e0800000000000000000000000000000000005a
:108e1800000000000000000000000000000000004a
:108e2800000000000000000000000000000000003a
:108e3800000000000000000000000000000000002a
:108e4800000000000000000000000000000000001a
:108e5800000000000000000000000000000000000a
:108e680000000000000000000000000000000000fa
:108e780000000000000000000000000000000000ea
:108e880000000000000000000000000000000000da
:108e980000000000000000000000000000000000ca
:108ea80000000000000000000000000000000000ba
:108eb80000000000000000000000000000000000aa
:108ec800000000000000000000000000000000009a
:108ed800000000000000000000000000000000008a
:108ee800000000000000000000000000000000007a
:108ef800000000000000000000000000000000006a
:108f08000000000000000000000000000000000059
:108f18000000000000000000000000000000000049
:108f28000000000000000000000000000000000039
:108f38000000000000000000000000000000000029
:108f48000000000000000000000000000000000019
:108f58000000000000000000000000000000000009
:108f680000000000000000000000000000000000f9
:108f780000000000000000000000000000000000e9
:108f880000000000000000000000000000000000d9
:108f980000000000000000000000000000000000c9
:108fa80000000000000000000000000000000000b9
:108fb80000000000000000000000000000000000a9
:108fc8000000000000000000000000000000000099
:108fd8000000000000000000000000000000000089
:108fe8000000000000000000000000000000000079
:108ff8000000000000000000000000000000000069
:109008000000000000000000000000000000000058
:109018000000000000000000000000000000000048
:109028000000000000000000000000000000000038
:109038000000000000000000000000000000000028
:109048000000000000000000000000000000000018
:109058000000000000000000000000000000000008
:1090680000000000000000000000000000000000f8
:1090780000000000000000000000000000000000e8
:1090880000000000000000000000000000000000d8
:1090980000000000000000000000000000000000c8
:1090a80000000000000000000000000000000000b8
:1090b80000000000000000000000000000000000a8
:1090c8000000000000000000000000000000000098
:1090d8000000000000000000000000000000000088
:1090e8000000000000000000000000000000000078
:1090f8000000000000000000000000000000000068
:109108000000000000000000000000000000000057
:109118000000000000000000000000000000000047
:109128000000000000000000000000000000000037
:109138000000000000000000000000000000000027
:109148000000000000000000000000000000000017
:109158000000000000000000000000000000000007
:1091680000000000000000000000000000000000f7
:1091780000000000000000000000000000000000e7
:1091880000000000000000000000000000000000d7
:1091980000000000000000000000000000000000c7
:1091a80000000000000000000000000000000000b7
:1091b80000000000000000000000000000000000a7
:1091c8000000000000000000000000000000000097
:1091d8000000000000000000000000000000000087
:1091e8000000000000000000000000000000000077
:1091f8000000000000000000000000000000000067
:109208000000000000000000000000000000000056
:109218000000000000000000000000000000000046
:109228000000000000000000000000000000000036
:109238000000000000000000000000000000000026
:109248000000000000000000000000000000000016
:109258000000000000000000000000000000000006
:1092680000000000000000000000000000000000f6
:1092780000000000000000000000000000000000e6
:1092880000000000000000000000000000000000d6
:1092980000000000000000000000000000000000c6
:1092a80000000000000000000000000000000000b6
:1092b80000000000000000000000000000000000a6
:1092c8000000000000000000000000000000000096
:1092d8000000000000000000000000000000000086
:1092e8000000000000000000000000000000000076
:1092f8000000000000000000000000000000000066
:109308000000000000000000000000000000000055
:109318000000000000000000000000000000000045
:109328000000000000000000000000000000000035
:109338000000000000000000000000000000000025
:109348000000000000000000000000000000000015
:109358000000000000000000000000000000000005
:1093680000000000000000000000000000000000f5
:1093780000000000000000000000000000000000e5
:1093880000000000000000000000000000000000d5
:1093980000000000000000000000000000000000c5
:1093a80000000000000000000000000000000000b5
:1093b80000000000000000000000000000000000a5
:1093c8000000000000000000000000000000000095
:1093d8000000000000000000000000000000000085
:1093e8000000000000000000000000000000000075
:1093f8000000000000000000000000000000000065
:109408000000000000000000000000000000000054
:109418000000000000000000000000000000000044
:109428000000000000000000000000000000000034
:109438000000000000000000000000000000000024
:109448000000000000000000000000000000000014
:109458000000000000000000000000000000000004
:1094680000000000000000000000000000000000f4
:1094780000000000000000000000000000000000e4
:1094880000000000000000000000000000000000d4
:1094980000000000000000000000000000000000c4
:1094a80000000000000000000000000000000000b4
:1094b80000000000000000000000000000000000a4
:1094c8000000000000000000000000000000000094
:1094d8000000000000000000000000000000000084
:1094e8000000000000000000000000000000000074
:1094f8000000000000000000000000000000000064
:109508000000000000000000000000000000000053
:109518000000000000000000000000000000000043
:109528000000000000000000000000000000000033
:109538000000000000000000000000000000000023
:109548000000000000000000000000000000000013
:109558000000000000000000000000000000000003
:1095680000000000000000000000000000000000f3
:1095780000000000000000000000000000000000e3
:1095880000000000000000000000000000000000d3
:1095980000000000000000000000000000000000c3
:1095a80000000000000000000000000000000000b3
:1095b80000000000000000000000000000000000a3
:1095c8000000000000000000000000000000000093
:1095d8000000000000000000000000000000000083
:1095e8000000000000000000000000000000000073
:1095f8000000000000000000000000000000000063
:109608000000000000000000000000000000000052
:109618000000000000000000000000000000000042
:109628000000000000000000000000000000000032
:109638000000000000000000000000000000000022
:109648000000000000000000000000000000000012
:109658000000000000000000000000000000000002
:1096680000000000000000000000000000000000f2
:1096780000000000000000000000000000000000e2
:1096880000000000000000000000000000000000d2
:1096980000000000000000000000000000000000c2
:1096a80000000000000000000000000000000000b2
:1096b80000000000000000000000000000000000a2
:1096c8000000000000000000000000000000000092
:1096d8000000000000000000000000000000000082
:1096e8000000000000000000000000000000000072
:1096f8000000000000000000000000000000000062
:109708000000000000000000000000000000000051
:109718000000000000000000000000000000000041
:109728000000000000000000000000000000000031
:109738000000000000000000000000000000000021
:109748000000000000000000000000000000000011
:109758000000000000000000000000000000000001
:1097680000000000000000000000000000000000f1
:1097780000000000000000000000000000000000e1
:1097880000000000000000000000000000000000d1
:1097980000000000000000000000000000000000c1
:1097a80000000000000000000000000000000000b1
:1097b80000000000000000000000000000000000a1
:1097c8000000000000000000000000000000000091
:1097d8000000000000000000000000000000000081
:1097e8000000000000000000000000000000000071
:1097f8000000000000000000000000000000000061
:109808000000000000000000000000000000000050
:109818000000000000000000000000000000000040
:109828000000000000000000000000000000000030
:109838000000000000000000000000000000000020
:109848000000000000000000000000000000000010
:109858000000000000000000000000000000000000
:1098680000000000000000000000000000000000f0
:1098780000000000000000000000000000000000e0
:1098880000000000000000000000000000000000d0
:1098980000000000000000000000000000000000c0
:1098a80000000000000000000000000000000000b0
:1098b80000000000000000000000000000000000a0
:1098c8000000000000000000000000000000000090
:1098d8000000000000000000000000000000000080
:1098e8000000000000000000000000000000000070
:1098f8000000000000000000000000000000000060
:10990800000000000000000000000000000000004f
:10991800000000000000000000000000000000003f
:10992800000000000000000000000000000000002f
:10993800000000000000000000000000000000001f
:10994800000000000000000000000000000000000f
:1099580000000000000000000000000000000000ff
:1099680000000000000000000000000000000000ef
:1099780000000000000000000000000000000000df
:1099880000000000000000000000000000000000cf
:1099980000000000000000000000000000000000bf
:1099a80000000000000000000000000000000000af
:1099b800000000000000000000000000000000009f
:1099c800000000000000000000000000000000008f
:1099d800000000000000000000000000000000007f
:1099e800000000000000000000000000000000006f
:1099f800000000000000000000000000000000005f
:109a0800000000000000000000000000000000004e
:109a1800000000000000000000000000000000003e
:109a2800000000000000000000000000000000002e
:109a3800000000000000000000000000000000001e
:109a4800000000000000000000000000000000000e
:109a580000000000000000000000000000000000fe
:109a680000000000000000000000000000000000ee
:109a780000000000000000000000000000000000de
:109a880000000000000000000000000000000000ce
:109a980000000000000000000000000000000000be
:109aa80000000000000000000000000000000000ae
:109ab800000000000000000000000000000000009e
:109ac800000000000000000000000000000000008e
:109ad800000000000000000000000000000000007e
:109ae800000000000000000000000000000000006e
:109af800000000000000000000000000000000005e
:109b0800000000000000000000000000000000004d
:109b1800000000000000000000000000000000003d
:109b2800000000000000000000000000000000002d
:109b3800000000000000000000000000000000001d
:109b4800000000000000000000000000000000000d
:109b580000000000000000000000000000000000fd
:109b680000000000000000000000000000000000ed
:109b780000000000000000000000000000000000dd
:109b880000000000000000000000000000000000cd
:109b980000000000000000000000000000000000bd
:109ba80000000000000000000000000000000000ad
:109bb800000000000000000000000000000000009d
:109bc800000000000000000000000000000000008d
:109bd800000000000000000000000000000000007d
:109be800000000000000000000000000000000006d
:109bf800000000000000000000000000000000005d
:109c0800000000000000000000000000000000004c
:109c1800000000000000000000000000000000003c
:109c2800000000000000000000000000000000002c
:109c3800000000000000000000000000000000001c
:109c4800000000000000000000000000000000000c
:109c580000000000000000000000000000000000fc
:109c680000000000000000000000000000000000ec
:109c780000000000000000000000000000000000dc
:109c880000000000000000000000000000000000cc
:109c980000000000000000000000000000000000bc
:109ca80000000000000000000000000000000000ac
:109cb800000000000000000000000000000000009c
:109cc800000000000000000000000000000000008c
:109cd800000000000000000000000000000000007c
:109ce800000000000000000000000000000000006c
:109cf800000000000000000000000000000000005c
:109d0800000000000000000000000000000000004b
:109d1800000000000000000000000000000000003b
:109d2800000000000000000000000000000000002b
:109d3800000000000000000000000000000000001b
:109d4800000000000000000000000000000000000b
:109d580000000000000000000000000000000000fb
:109d680000000000000000000000000000000000eb
:109d780000000000000000000000000000000000db
:109d880000000000000000000000000000000000cb
:109d980000000000000000000000000000000000bb
:109da80000000000000000000000000000000000ab
:109db800000000000000000000000000000000009b
:109dc800000000000000000000000000000000008b
:109dd800000000000000000000000000000000007b
:109de800000000000000000000000000000000006b
:109df800000000000000000000000000000000005b
:109e0800000000000000000000000000000000004a
:109e1800000000000000000000000000000000003a
:109e2800000000000000000000000000000000002a
:109e3800000000000000000000000000000000001a
:109e4800000000000000000000000000000000000a
:109e580000000000000000000000000000000000fa
:109e680000000000000000000000000000000000ea
:109e780000000000000000000000000000000000da
:109e880000000000000000000000000000000000ca
:109e980000000000000000000000000000000000ba
:109ea80000000000000000000000000000000000aa
:109eb800000000000000000000000000000000009a
:109ec800000000000000000000000000000000008a
:109ed800000000000000000000000000000000007a
:109ee800000000000000000000000000000000006a
:109ef800000000000000000000000000000000005a
:109f08000000000000000000000000000000000049
:109f18000000000000000000000000000000000039
:109f28000000000000000000000000000000000029
:109f38000000000000000000000000000000000019
:109f48000000000000000000000000000000000009
:109f580000000000000000000000000000000000f9
:109f680000000000000000000000000000000000e9
:109f780000000000000000000000000000000000d9
:109f880000000000000000000000000000000000c9
:109f980000000000000000000000000000000000b9
:109fa80000000000000000000000000000000000a9
:109fb8000000000000000000000000000000000099
:109fc8000000000000000000000000000000000089
:109fd8000000000000000000000000000000000079
:109fe8000000000000000000000000000000000069
:109ff8000000000000000000000000000000000059
:10a008000000000000000000000000000000000048
:10a018000000000000000000000000000000000038
:10a028000000000000000000000000000000000028
:10a038000000000000000000000000000000000018
:10a048000000000000000000000000000000000008
:10a0580000000000000000000000000000000000f8
:10a0680000000000000000000000000000000000e8
:10a0780000000000000000000000000000000000d8
:10a0880000000000000000000000000000000000c8
:10a0980000000000000000000000000000000000b8
:10a0a80000000000000000000000000000000000a8
:10a0b8000000000000000000000000000000000098
:10a0c8000000000000000000000000000000000088
:10a0d8000000000000000000000000000000000078
:10a0e8000000000000000000000000000000000068
:10a0f8000000000000000000000000000000000058
:10a108000000000000000000000000000000000047
:10a118000000000000000000000000000000000037
:10a128000000000000000000000000000000000027
:10a138000000000000000000000000000000000017
:10a148000000000000000000000000000000000007
:10a1580000000000000000000000000000000000f7
:10a1680000000000000000000000000000000000e7
:10a1780000000000000000000000000000000000d7
:10a1880000000000000000000000000000000000c7
:10a1980000000000000000000000000000000000b7
:10a1a80000000000000000000000000000000000a7
:10a1b8000000000000000000000000000000000097
:10a1c8000000000000000000000000000000000087
:10a1d8000000000000000000000000000000000077
:10a1e8000000000000000000000000000000000067
:10a1f8000000000000000000000000000000000057
:10a208000000000000000000000000000000000046
:10a218000000000000000000000000000000000036
:10a228000000000000000000000000000000000026
:10a238000000000000000000000000000000000016
:10a248000000000000000000000000000000000006
:10a2580000000000000000000000000000000000f6
:10a2680000000000000000000000000000000000e6
:10a2780000000000000000000000000000000000d6
:10a2880000000000000000000000000000000000c6
:10a2980000000000000000000000000000000000b6
:10a2a80000000000000000000000000000000000a6
:10a2b8000000000000000000000000000000000096
:10a2c8000000000000000000000000000000000086
:10a2d8000000000000000000000000000000000076
:10a2e8000000000000000000000000000000000066
:10a2f8000000000000000000000000000000000056
:10a308000000000000000000000000000000000045
:10a318000000000000000000000000000000000035
:10a328000000000000000000000000000000000025
:10a338000000000000000000000000000000000015
:10a348000000000000000000000000000000000005
:10a3580000000000000000000000000000000000f5
:10a3680000000000000000000000000000000000e5
:10a3780000000000000000000000000000000000d5
:10a3880000000000000000000000000000000000c5
:10a3980000000000000000000000000000000000b5
:10a3a80000000000000000000000000000000000a5
:10a3b8000000000000000000000000000000000095
:10a3c8000000000000000000000000000000000085
:10a3d8000000000000000000000000000000000075
:10a3e8000000000000000000000000000000000065
:10a3f8000000000000000000000000000000000055
:10a408000000000000000000000000000000000044
:10a418000000000000000000000000000000000034
:10a428000000000000000000000000000000000024
:10a438000000000000000000000000000000000014
:10a448000000000000000000000000000000000004
:10a4580000000000000000000000000000000000f4
:10a4680000000000000000000000000000000000e4
:10a4780000000000000000000000000000000000d4
:10a4880000000000000000000000000000000000c4
:10a4980000000000000000000000000000000000b4
:10a4a80000000000000000000000000000000000a4
:10a4b8000000000000000000000000000000000094
:10a4c8000000000000000000000000000000000084
:10a4d8000000000000000000000000000000000074
:10a4e8000000000000000000000000000000000064
:10a4f8000000000000000000000000000000000054
:10a508000000000000000000000000000000000043
:10a518000000000000000000000000000000000033
:10a528000000000000000000000000000000000023
:10a538000000000000000000000000000000000013
:10a548000000000000000000000000000000000003
:10a5580000000000000000000000000000000000f3
:10a5680000000000000000000000000000000000e3
:10a5780000000000000000000000000000000000d3
:10a5880000000000000000000000000000000000c3
:10a5980000000000000000000000000000000000b3
:10a5a80000000000000000000000000000000000a3
:10a5b8000000000000000000000000000000000093
:10a5c8000000000000000000000000000000000083
:10a5d8000000000000000000000000000000000073
:10a5e8000000000000000000000000000000000063
:10a5f8000000000000000000000000000000000053
:10a608000000000000000000000000000000000042
:10a618000000000000000000000000000000000032
:10a628000000000000000000000000000000000022
:10a638000000000000000000000000000000000012
:10a648000000000000000000000000000000000002
:10a6580000000000000000000000000000000000f2
:10a6680000000000000000000000000000000000e2
:10a6780000000000000000000000000000000000d2
:10a6880000000000000000000000000000000000c2
:10a6980000000000000000000000000000000000b2
:10a6a80000000000000000000000000000000000a2
:10a6b8000000000000000000000000000000000092
:10a6c8000000000000000000000000000000000082
:10a6d8000000000000000000000000000000000072
:10a6e8000000000000000000000000000000000062
:10a6f8000000000000000000000000000000000052
:10a708000000000000000000000000000000000041
:10a718000000000000000000000000000000000031
:10a728000000000000000000000000000000000021
:10a738000000000000000000000000000000000011
:10a748000000000000000000000000000000000001
:10a7580000000000000000000000000000000000f1
:10a7680000000000000000000000000000000000e1
:10a7780000000000000000000000000000000000d1
:10a7880000000000000000000000000000000000c1
:10a7980000000000000000000000000000000000b1
:10a7a80000000000000000000000000000000000a1
:10a7b8000000000000000000000000000000000091
:10a7c8000000000000000000000000000000000081
:10a7d8000000000000000000000000000000000071
:10a7e8000000000000000000000000000000000061
:10a7f8000000000000000000000000000000000051
:10a808000000000000000000000000000000000040
:10a818000000000000000000000000000000000030
:10a828000000000000000000000000000000000020
:10a838000000000000000000000000000000000010
:10a848000000000000000000000000000000000000
:10a8580000000000000000000000000000000000f0
:10a8680000000000000000000000000000000000e0
:10a8780000000000000000000000000000000000d0
:10a8880000000000000000000000000000000000c0
:10a8980000000000000000000000000000000000b0
:10a8a80000000000000000000000000000000000a0
:10a8b8000000000000000000000000000000000090
:10a8c8000000000000000000000000000000000080
:10a8d8000000000000000000000000000000000070
:10a8e8000000000000000000000000000000000060
:10a8f8000000000000000000000000000000000050
:10a90800000000000000000000000000000000003f
:10a91800000000000000000000000000000000002f
:10a92800000000000000000000000000000000001f
:10a93800000000000000000000000000000000000f
:10a9480000000000000000000000000000000000ff
:10a9580000000000000000000000000000000000ef
:10a9680000000000000000000000000000000000df
:10a9780000000000000000000000000000000000cf
:10a9880000000000000000000000000000000000bf
:10a9980000000000000000000000000000000000af
:10a9a800000000000000000000000000000000009f
:10a9b800000000000000000000000000000000008f
:10a9c800000000000000000000000000000000007f
:10a9d800000000000000000000000000000000006f
:10a9e800000000000000000000000000000000005f
:10a9f800000000000000000000000000000000004f
:10aa0800000000000000000000000000000000003e
:10aa1800000000000000000000000000000000002e
:10aa2800000000000000000000000000000000001e
:10aa3800000000000000000000000000000000000e
:10aa480000000000000000000000000000000000fe
:10aa580000000000000000000000000000000000ee
:10aa680000000000000000000000000000000000de
:10aa780000000000000000000000000000000000ce
:10aa880000000000000000000000000000000000be
:10aa980000000000000000000000000000000000ae
:10aaa800000000000000000000000000000000009e
:10aab800000000000000000000000000000000008e
:10aac800000000000000000000000000000000007e
:10aad800000000000000000000000000000000006e
:10aae800000000000000000000000000000000005e
:10aaf800000000000000000000000000000000004e
:10ab0800000000000000000000000000000000003d
:10ab1800000000000000000000000000000000002d
:10ab2800000000000000000000000000000000001d
:10ab3800000000000000000000000000000000000d
:10ab480000000000000000000000000000000000fd
:10ab580000000000000000000000000000000000ed
:10ab680000000000000000000000000000000000dd
:10ab780000000000000000000000000000000000cd
:10ab880000000000000000000000000000000000bd
:10ab980000000000000000000000000000000000ad
:10aba800000000000000000000000000000000009d
:10abb800000000000000000000000000000000008d
:10abc800000000000000000000000000000000007d
:10abd800000000000000000000000000000000006d
:10abe800000000000000000000000000000000005d
:10abf800000000000000000000000000000000004d
:10ac0800000000000000000000000000000000003c
:10ac1800000000000000000000000000000000002c
:10ac2800000000000000000000000000000000001c
:10ac3800000000000000000000000000000000000c
:10ac480000000000000000000000000000000000fc
:10ac580000000000000000000000000000000000ec
:10ac680000000000000000000000000000000000dc
:10ac780000000000000000000000000000000000cc
:10ac880000000000000000000000000000000000bc
:10ac980000000000000000000000000000000000ac
:10aca800000000000000000000000000000000009c
:10acb800000000000000000000000000000000008c
:10acc800000000000000000000000000000000007c
:10acd800000000000000000000000000000000006c
:10ace800000000000000000000000000000000005c
:10acf800000000000000000000000000000000004c
:10ad0800000000000000000000000000000000003b
:10ad1800000000000000000000000000000000002b
:10ad2800000000000000000000000000000000001b
:10ad3800000000000000000000000000000000000b
:10ad480000000000000000000000000000000000fb
:10ad580000000000000000000000000000000000eb
:10ad680000000000000000000000000000000000db
:10ad780000000000000000000000000000000000cb
:10ad880000000000000000000000000000000000bb
:10ad980000000000000000000000000000000000ab
:10ada800000000000000000000000000000000009b
:10adb800000000000000000000000000000000008b
:10adc800000000000000000000000000000000007b
:10add800000000000000000000000000000000006b
:10ade800000000000000000000000000000000005b
:10adf800000000000000000000000000000000004b
:10ae0800000000000000000000000000000000003a
:10ae1800000000000000000000000000000000002a
:10ae2800000000000000000000000000000000001a
:10ae3800000000000000000000000000000000000a
:10ae480000000000000000000000000000000000fa
:10ae580000000000000000000000000000000000ea
:10ae680000000000000000000000000000000000da
:10ae780000000000000000000000000000000000ca
:10ae880000000000000000000000000000000000ba
:10ae980000000000000000000000000000000000aa
:10aea800000000000000000000000000000000009a
:10aeb800000000000000000000000000000000008a
:10aec800000000000000000000000000000000007a
:10aed800000000000000000000000000000000006a
:10aee800000000000000000000000000000000005a
:10aef800000000000000000000000000000000004a
:10af08000000000000000000000000000000000039
:10af18000000000000000000000000000000000029
:10af28000000000000000000000000000000000019
:10af38000000000000000000000000000000000009
:10af480000000000000000000000000000000000f9
:10af580000000000000000000000000000000000e9
:10af680000000000000000000000000000000000d9
:10af780000000000000000000000000000000000c9
:10af880000000000000000000000000000000000b9
:10af980000000000000000000000000000000000a9
:10afa8000000000000000000000000000000000099
:10afb8000000000000000000000000000000000089
:10afc8000000000000000000000000000000000079
:10afd8000000000000000000000000000000000069
:10afe8000000000000000000000000000000000059
:10aff8000000000000000000000000000000000049
:10b008000000000000000000000000000000000038
:10b018000000000000000000000000000000000028
:10b028000000000000000000000000000000000018
:10b038000000000000000000000000000000000008
:10b0480000000000000000000000000000000000f8
:10b0580000000000000000000000000000000000e8
:10b0680000000000000000000000000000000000d8
:10b0780000000000000000000000000000000000c8
:10b0880000000000000000000000000000000000b8
:10b0980000000000000000000000000000000000a8
:10b0a8000000000000000000000000000000000098
:10b0b8000000000000000000000000000000000088
:10b0c8000000000000000000000000000000000078
:10b0d8000000000000000000000000000000000068
:10b0e8000000000000000000000000000000000058
:10b0f8000000000000000000000000000000000048
:10b108000000000000000000000000000000000037
:10b118000000000000000000000000000000000027
:10b128000000000000000000000000000000000017
:10b138000000000000000000000000000000000007
:10b1480000000000000000000000000000000000f7
:10b1580000000000000000000000000000000000e7
:10b1680000000000000000000000000000000000d7
:10b1780000000000000000000000000000000000c7
:10b1880000000000000000000000000000000000b7
:10b1980000000000000000000000000000000000a7
:10b1a8000000000000000000000000000000000097
:10b1b8000000000000000000000000000000000087
:10b1c8000000000000000000000000000000000077
:10b1d8000000000000000000000000000000000067
:10b1e8000000000000000000000000000000000057
:10b1f8000000000000000000000000000000000047
:10b208000000000000000000000000000000000036
:10b218000000000000000000000000000000000026
:10b228000000000000000000000000000000000016
:10b238000000000000000000000000000000000006
:10b2480000000000000000000000000000000000f6
:10b2580000000000000000000000000000000000e6
:10b2680000000000000000000000000000000000d6
:10b2780000000000000000000000000000000000c6
:10b2880000000000000000000000000000000000b6
:10b2980000000000000000000000000000000000a6
:10b2a8000000000000000000000000000000000096
:10b2b8000000000000000000000000000000000086
:10b2c8000000000000000000000000000000000076
:10b2d8000000000000000000000000000000000066
:10b2e8000000000000000000000000000000000056
:10b2f8000000000000000000000000000000000046
:10b308000000000000000000000000000000000035
:10b318000000000000000000000000000000000025
:10b328000000000000000000000000000000000015
:10b338000000000000000000000000000000000005
:10b3480000000000000000000000000000000000f5
:10b3580000000000000000000000000000000000e5
:10b3680000000000000000000000000000000000d5
:10b3780000000000000000000000000000000000c5
:10b3880000000000000000000000000000000000b5
:10b3980000000000000000000000000000000000a5
:10b3a8000000000000000000000000000000000095
:10b3b8000000000000000000000000000000000085
:10b3c8000000000000000000000000000000000075
:10b3d8000000000000000000000000000000000065
:10b3e8000000000000000000000000000000000055
:10b3f8000000000000000000000000000000000045
:10b408000000000000000000000000000000000034
:10b418000000000000000000000000000000000024
:10b428000000000000000000000000000000000014
:10b438000000000000000000000000000000000004
:10b4480000000000000000000000000000000000f4
:10b4580000000000000000000000000000000000e4
:10b4680000000000000000000000000000000000d4
:10b4780000000000000000000000000000000000c4
:10b4880000000000000000000000000000000000b4
:10b4980000000000000000000000000000000000a4
:10b4a8000000000000000000000000000000000094
:10b4b8000000000000000000000000000000000084
:10b4c8000000000000000000000000000000000074
:10b4d8000000000000000000000000000000000064
:10b4e8000000000000000000000000000000000054
:10b4f8000000000000000000000000000000000044
:10b508000000000000000000000000000000000033
:10b518000000000000000000000000000000000023
:10b528000000000000000000000000000000000013
:10b538000000000000000000000000000000000003
:10b5480000000000000000000000000000000000f3
:10b5580000000000000000000000000000000000e3
:10b5680000000000000000000000000000000000d3
:10b5780000000000000000000000000000000000c3
:10b5880000000000000000000000000000000000b3
:10b5980000000000000000000000000000000000a3
:10b5a8000000000000000000000000000000000093
:10b5b8000000000000000000000000000000000083
:10b5c8000000000000000000000000000000000073
:10b5d8000000000000000000000000000000000063
:10b5e8000000000000000000000000000000000053
:10b5f8000000000000000000000000000000000043
:10b608000000000000000000000000000000000032
:10b618000000000000000000000000000000000022
:10b628000000000000000000000000000000000012
:10b638000000000000000000000000000000000002
:10b6480000000000000000000000000000000000f2
:10b6580000000000000000000000000000000000e2
:10b6680000000000000000000000000000000000d2
:10b6780000000000000000000000000000000000c2
:10b6880000000000000000000000000000000000b2
:10b6980000000000000000000000000000000000a2
:10b6a8000000000000000000000000000000000092
:10b6b8000000000000000000000000000000000082
:10b6c8000000000000000000000000000000000072
:10b6d8000000000000000000000000000000000062
:10b6e8000000000000000000000000000000000052
:10b6f8000000000000000000000000000000000042
:10b708000000000000000000000000000000000031
:10b718000000000000000000000000000000000021
:10b728000000000000000000000000000000000011
:10b738000000000000000000000000000000000001
:10b7480000000000000000000000000000000000f1
:10b7580000000000000000000000000000000000e1
:10b7680000000000000000000000000000000000d1
:10b7780000000000000000000000000000000000c1
:10b7880000000000000000000000000000000000b1
:10b7980000000000000000000000000000000000a1
:10b7a8000000000000000000000000000000000091
:10b7b8000000000000000000000000000000000081
:10b7c8000000000000000000000000000000000071
:10b7d8000000000000000000000000000000000061
:10b7e8000000000000000000000000000000000051
:10b7f8000000000000000000000000000000000041
:10b808000000000000000000000000000000000030
:10b818000000000000000000000000000000000020
:10b828000000000000000000000000000000000010
:10b838000000000000000000000000000000000000
:10b8480000000000000000000000000000000000f0
:10b8580000000000000000000000000000000000e0
:10b8680000000000000000000000000000000000d0
:10b8780000000000000000000000000000000000c0
:10b8880000000000000000000000000000000000b0
:10b8980000000000000000000000000000000000a0
:10b8a8000000000000000000000000000000000090
:10b8b8000000000000000000000000000000000080
:10b8c8000000000000000000000000000000000070
:10b8d8000000000000000000000000000000000060
:10b8e8000000000000000000000000000000000050
:10b8f8000000000000000000000000000000000040
:10b90800000000000000000000000000000000002f
:10b91800000000000000000000000000000000001f
:10b92800000000000000000000000000000000000f
:10b9380000000000000000000000000000000000ff
:10b9480000000000000000000000000000000000ef
:10b9580000000000000000000000000000000000df
:10b9680000000000000000000000000000000000cf
:10b9780000000000000000000000000000000000bf
:10b9880000000000000000000000000000000000af
:10b99800000000000000000000000000000000009f
:10b9a800000000000000000000000000000000008f
:10b9b800000000000000000000000000000000007f
:10b9c800000000000000000000000000000000006f
:10b9d800000000000000000000000000000000005f
:10b9e800000000000000000000000000000000004f
:10b9f800000000000000000000000000000000003f
:10ba0800000000000000000000000000000000002e
:10ba1800000000000000000000000000000000001e
:10ba2800000000000000000000000000000000000e
:10ba380000000000000000000000000000000000fe
:10ba480000000000000000000000000000000000ee
:10ba580000000000000000000000000000000000de
:10ba680000000000000000000000000000000000ce
:10ba780000000000000000000000000000000000be
:10ba880000000000000000000000000000000000ae
:10ba9800000000000000000000000000000000009e
:10baa800000000000000000000000000000000008e
:10bab800000000000000000000000000000000007e
:10bac800000000000000000000000000000000006e
:10bad800000000000000000000000000000000005e
:10bae800000000000000000000000000000000004e
:10baf800000000000000000000000000000000003e
:10bb0800000000000000000000000000000000002d
:10bb1800000000000000000000000000000000001d
:10bb2800000000000000000000000000000000000d
:10bb380000000000000000000000000000000000fd
:10bb480000000000000000000000000000000000ed
:10bb580000000000000000000000000000000000dd
:10bb680000000000000000000000000000000000cd
:10bb780000000000000000000000000000000000bd
:10bb880000000000000000000000000000000000ad
:10bb9800000000000000000000000000000000009d
:10bba800000000000000000000000000000000008d
:10bbb800000000000000000000000000000000007d
:10bbc800000000000000000000000000000000006d
:10bbd800000000000000000000000000000000005d
:10bbe800000000000000000000000000000000004d
:10bbf800000000000000000000000000000000003d
:10bc0800000000000000000000000000000000002c
:10bc1800000000000000000000000000000000001c
:10bc2800000000000000000000000000000000000c
:10bc380000000000000000000000000000000000fc
:10bc480000000000000000000000000000000000ec
:10bc580000000000000000000000000000000000dc
:10bc680000000000000000000000000000000000cc
:10bc780000000000000000000000000000000000bc
:10bc880000000000000000000000000000000000ac
:10bc9800000000000000000000000000000000009c
:10bca800000000000000000000000000000000008c
:10bcb800000000000000000000000000000000007c
:10bcc800000000000000000000000000000000006c
:10bcd800000000000000000000000000000000005c
:10bce800000000000000000000000000000000004c
:10bcf800000000000000000000000000000000003c
:10bd0800000000000000000000000000000000002b
:10bd1800000000000000000000000000000000001b
:10bd2800000000000000000000000000000000000b
:10bd380000000000000000000000000000000000fb
:10bd480000000000000000000000000000000000eb
:10bd580000000000000000000000000000000000db
:10bd680000000000000000000000000000000000cb
:10bd780000000000000000000000000000000000bb
:10bd880000000000000000000000000000000000ab
:10bd9800000000000000000000000000000000009b
:10bda800000000000000000000000000000000008b
:10bdb800000000000000000000000000000000007b
:10bdc800000000000000000000000000000000006b
:10bdd800000000000000000000000000000000005b
:10bde800000000000000000000000000000000004b
:10bdf800000000000000000000000000000000003b
:10be0800000000000000000000000000000000002a
:10be1800000000000000000000000000000000001a
:10be2800000000000000000000000000000000000a
:10be380000000000000000000000000000000000fa
:10be480000000000000000000000000000000000ea
:10be580000000000000000000000000000000000da
:10be680000000000000000000000000000000000ca
:10be780000000000000000000000000000000000ba
:10be880000000000000000000000000000000000aa
:10be9800000000000000000000000000000000009a
:10bea800000000000000000000000000000000008a
:10beb800000000000000000000000000000000007a
:10bec800000000000000000000000000000000006a
:10bed800000000000000000000000000000000005a
:10bee800000000000000000000000000000000004a
:10bef800000000000000000000000000000000003a
:10bf08000000000000000000000000000000000029
:10bf18000000000000000000000000000000000019
:10bf28000000000000000000000000000000000009
:10bf380000000000000000000000000000000000f9
:10bf480000000000000000000000000000000000e9
:10bf580000000000000000000000000000000000d9
:10bf680000000000000000000000000000000000c9
:10bf780000000000000000000000000000000000b9
:10bf880000000000000000000000000000000000a9
:10bf98000000000000000000000000000000000099
:10bfa8000000000000000000000000000000000089
:10bfb8000000000000000000000000000000000079
:10bfc8000000000000000000000000000000000069
:10bfd8000000000000000000000000000000000059
:10bfe8000000000000000000000000000000000049
:10bff8000000000000000000000000000000000039
:10c008000000000000000000000000000000000028
:10c018000000000000000000000000000000000018
:10c028000000000000000000000000000000000008
:10c0380000000000000000000000000000000000f8
:10c0480000000000000000000000000000000000e8
:10c0580000000000000000000000000000000000d8
:10c0680000000000000000000000000000000000c8
:10c0780000000000000000000000000000000000b8
:10c0880000000000000000000000000000000000a8
:10c098000000000000000000000000000000000098
:10c0a8000000000000000000000000000000000088
:10c0b8000000000000000000000000000000000078
:10c0c8000000000000000000000000000000000068
:10c0d8000000000000000000000000000000000058
:10c0e8000000000000000000000000000000000048
:10c0f8000000000000000000000000000000000038
:10c108000000000000000000000000000000000027
:10c118000000000000000000000000000000000017
:10c128000000000000000000000000000000000007
:10c1380000000000000000000000000000000000f7
:10c1480000000000000000000000000000000000e7
:10c1580000000000000000000000000000000000d7
:10c1680000000000000000000000000000000000c7
:10c1780000000000000000000000000000000000b7
:10c1880000000000000000000000000000000000a7
:10c198000000000000000000000000000000000097
:10c1a8000000000000000000000000000000000087
:10c1b8000000000000000000000000000000000077
:10c1c8000000000000000000000000000000000067
:10c1d8000000000000000000000000000000000057
:10c1e8000000000000000000000000000000000047
:10c1f8000000000000000000000000000000000037
:10c208000000000000000000000000000000000026
:10c218000000000000000000000000000000000016
:10c228000000000000000000000000000000000006
:10c2380000000000000000000000000000000000f6
:10c2480000000000000000000000000000000000e6
:10c2580000000000000000000000000000000000d6
:10c2680000000000000000000000000000000000c6
:10c2780000000000000000000000000000000000b6
:10c2880000000000000000000000000000000000a6
:10c298000000000000000000000000000000000096
:10c2a8000000000000000000000000000000000086
:10c2b8000000000000000000000000000000000076
:10c2c8000000000000000000000000000000000066
:10c2d8000000000000000000000000000000000056
:10c2e8000000000000000000000000000000000046
:10c2f8000000000000000000000000000000000036
:10c308000000000000000000000000000000000025
:10c318000000000000000000000000000000000015
:10c328000000000000000000000000000000000005
:10c3380000000000000000000000000000000000f5
:10c3480000000000000000000000000000000000e5
:10c3580000000000000000000000000000000000d5
:10c3680000000000000000000000000000000000c5
:10c3780000000000000000000000000000000000b5
:10c3880000000000000000000000000000000000a5
:10c398000000000000000000000000000000000095
:10c3a8000000000000000000000000000000000085
:10c3b8000000000000000000000000000000000075
:10c3c8000000000000000000000000000000000065
:10c3d8000000000000000000000000000000000055
:10c3e8000000000000000000000000000000000045
:10c3f8000000000000000000000000000000000035
:10c408000000000000000000000000000000000024
:10c418000000000000000000000000000000000014
:10c428000000000000000000000000000000000004
:10c4380000000000000000000000000000000000f4
:10c4480000000000000000000000000000000000e4
:10c4580000000000000000000000000000000000d4
:10c4680000000000000000000000000000000000c4
:10c4780000000000000000000000000000000000b4
:10c4880000000000000000000000000000000000a4
:10c498000000000000000000000000000000000094
:10c4a8000000000000000000000000000000000084
:10c4b8000000000000000000000000000000000074
:10c4c8000000000000000000000000000000000064
:10c4d8000000000000000000000000000000000054
:10c4e8000000000000000000000000000000000044
:10c4f8000000000000000000000000000000000034
:10c508000000000000000000000000000000000023
:10c518000000000000000000000000000000000013
:10c528000000000000000000000000000000000003
:10c5380000000000000000000000000000000000f3
:10c5480000000000000000000000000000000000e3
:10c5580000000000000000000000000000000000d3
:10c5680000000000000000000000000000000000c3
:10c5780000000000000000000000000000000000b3
:10c5880000000000000000000000000000000000a3
:10c598000000000000000000000000000000000093
:10c5a8000000000000000000000000000000000083
:10c5b8000000000000000000000000000000000073
:10c5c8000000000000000000000000000000000063
:10c5d8000000000000000000000000000000000053
:10c5e8000000000000000000000000000000000043
:10c5f8000000000000000000000000000000000033
:10c608000000000000000000000000000000000022
:10c618000000000000000000000000000000000012
:10c628000000000000000000000000000000000002
:10c6380000000000000000000000000000000000f2
:10c6480000000000000000000000000000000000e2
:10c6580000000000000000000000000000000000d2
:10c6680000000000000000000000000000000000c2
:10c6780000000000000000000000000000000000b2
:10c6880000000000000000000000000000000000a2
:10c698000000000000000000000000000000000092
:10c6a8000000000000000000000000000000000082
:10c6b8000000000000000000000000000000000072
:10c6c8000000000000000000000000000000000062
:10c6d8000000000000000000000000000000000052
:10c6e8000000000000000000000000000000000042
:10c6f8000000000000000000000000000000000032
:10c708000000000000000000000000000000000021
:10c718000000000000000000000000000000000011
:10c728000000000000000000000000000000000001
:10c7380000000000000000000000000000000000f1
:10c7480000000000000000000000000000000000e1
:10c7580000000000000000000000000000000000d1
:10c7680000000000000000000000000000000000c1
:10c7780000000000000000000000000000000000b1
:10c7880000000000000000000000000000000000a1
:10c798000000000000000000000000000000000091
:10c7a8000000000000000000000000000000000081
:10c7b8000000000000000000000000000000000071
:10c7c8000000000000000000000000000000000061
:10c7d8000000000000000000000000000000000051
:10c7e8000000000000000000000000000000000041
:10c7f8000000000000000000000000000000000031
:10c808000000000000000000000000000000000020
:10c818000000000000000000000000000000000010
:10c828000000000000000000000000000000000000
:10c8380000000000000000000000000000000000f0
:10c8480000000000000000000000000000000000e0
:10c8580000000000000000000000000000000000d0
:10c8680000000000000000000000000000000000c0
:10c8780000000000000000000000000000000000b0
:10c8880000000000000000000000000000000000a0
:10c898000000000000000000000000000000000090
:10c8a8000000000000000000000000000000000080
:10c8b8000000000000000000000000000000000070
:10c8c8000000000000000000000000000000000060
:10c8d8000000000000000000000000000000000050
:10c8e8000000000000000000000000000000000040
:10c8f8000000000000000000000000000000000030
:10c90800000000000000000000000000000000001f
:10c91800000000000000000000000000000000000f
:10c9280000000000000000000000000000000000ff
:10c9380000000000000000000000000000000000ef
:10c9480000000000000000000000000000000000df
:10c9580000000000000000000000000000000000cf
:10c9680000000000000000000000000000000000bf
:10c9780000000000000000000000000000000000af
:10c98800000000000000000000000000000000009f
:10c99800000000000000000000000000000000008f
:10c9a800000000000000000000000000000000007f
:10c9b800000000000000000000000000000000006f
:10c9c800000000000000000000000000000000005f
:10c9d800000000000000000000000000000000004f
:10c9e800000000000000000000000000000000003f
:10c9f800000000000000000000000000000000002f
:10ca0800000000000000000000000000000000001e
:10ca1800000000000000000000000000000000000e
:10ca280000000000000000000000000000000000fe
:10ca380000000000000000000000000000000000ee
:10ca480000000000000000000000000000000000de
:10ca580000000000000000000000000000000000ce
:10ca680000000000000000000000000000000000be
:10ca780000000000000000000000000000000000ae
:10ca8800000000000000000000000000000000009e
:10ca9800000000000000000000000000000000008e
:10caa800000000000000000000000000000000007e
:10cab800000000000000000000000000000000006e
:10cac800000000000000000000000000000000005e
:10cad800000000000000000000000000000000004e
:10cae800000000000000000000000000000000003e
:10caf800000000000000000000000000000000002e
:10cb0800000000000000000000000000000000001d
:10cb1800000000000000000000000000000000000d
:10cb280000000000000000000000000000000000fd
:10cb380000000000000000000000000000000000ed
:10cb480000000000000000000000000000000000dd
:10cb580000000000000000000000000000000000cd
:10cb680000000000000000000000000000000000bd
:10cb780000000000000000000000000000000000ad
:10cb8800000000000000000000000000000000009d
:10cb9800000000000000000000000000000000008d
:10cba800000000000000000000000000000000007d
:10cbb800000000000000000000000000000000006d
:10cbc800000000000000000000000000000000005d
:10cbd800000000000000000000000000000000004d
:10cbe800000000000000000000000000000000003d
:10cbf800000000000000000000000000000000002d
:10cc0800000000000000000000000000000000001c
:10cc1800000000000000000000000000000000000c
:10cc280000000000000000000000000000000000fc
:10cc380000000000000000000000000000000000ec
:10cc480000000000000000000000000000000000dc
:10cc580000000000000000000000000000000000cc
:10cc680000000000000000000000000000000000bc
:10cc780000000000000000000000000000000000ac
:10cc8800000000000000000000000000000000009c
:10cc9800000000000000000000000000000000008c
:10cca800000000000000000000000000000000007c
:10ccb800000000000000000000000000000000006c
:10ccc800000000000000000000000000000000005c
:10ccd800000000000000000000000000000000004c
:10cce800000000000000000000000000000000003c
:10ccf800000000000000000000000000000000002c
:10cd0800000000000000000000000000000000001b
:10cd1800000000000000000000000000000000000b
:10cd280000000000000000000000000000000000fb
:10cd380000000000000000000000000000000000eb
:10cd480000000000000000000000000000000000db
:10cd580000000000000000000000000000000000cb
:10cd680000000000000000000000000000000000bb
:10cd780000000000000000000000000000000000ab
:10cd8800000000000000000000000000000000009b
:10cd9800000000000000000000000000000000008b
:10cda800000000000000000000000000000000007b
:10cdb800000000000000000000000000000000006b
:10cdc800000000000000000000000000000000005b
:10cdd800000000000000000000000000000000004b
:10cde800000000000000000000000000000000003b
:10cdf800000000000000000000000000000000002b
:10ce0800000000000000000000000000000000001a
:10ce1800000000000000000000000000000000000a
:10ce280000000000000000000000000000000000fa
:10ce380000000000000000000000000000000000ea
:10ce480000000000000000000000000000000000da
:10ce580000000000000000000000000000000000ca
:10ce680000000000000000000000000000000000ba
:10ce780000000000000000000000000000000000aa
:10ce8800000000000000000000000000000000009a
:10ce9800000000000000000000000000000000008a
:10cea800000000000000000000000000000000007a
:10ceb800000000000000000000000000000000006a
:10cec800000000000000000000000000000000005a
:10ced800000000000000000000000000000000004a
:10cee800000000000000000000000000000000003a
:10cef800000000000000000000000000000000002a
:10cf08000000000000000000000000000000000019
:10cf18000000000000000000000000000000000009
:10cf280000000000000000000000000000000000f9
:10cf380000000000000000000000000000000000e9
:10cf480000000000000000000000000000000000d9
:10cf580000000000000000000000000000000000c9
:10cf680000000000000000000000000000000000b9
:10cf780000000000000000000000000000000000a9
:10cf88000000000000000000000000000000000099
:10cf98000000000000000000000000000000000089
:10cfa8000000000000000000000000000000000079
:10cfb8000000000000000000000000000000000069
:10cfc8000000000000000000000000000000000059
:10cfd8000000000000000000000000000000000049
:10cfe8000000000000000000000000000000000039
:10cff8000000000000000000000000000000000029
:10d008000000000000000000000000000000000018
:10d018000000000000000000000000000000000008
:10d0280000000000000000000000000000000000f8
:10d0380000000000000000000000000000000000e8
:10d0480000000000000000000000000000000000d8
:10d0580000000000000000000000000000000000c8
:10d0680000000000000000000000000000000000b8
:10d0780000000000000000000000000000000000a8
:10d088000000000000000000000000000000000098
:10d098000000000000000000000000000000000088
:10d0a8000000000000000000000000000000000078
:10d0b8000000000000000000000000000000000068
:10d0c8000000000000000000000000000000000058
:10d0d8000000000000000000000000000000000048
:10d0e8000000000000000000000000000000000038
:10d0f8000000000000000000000000000000000028
:10d108000000000000000000000000000000000017
:10d118000000000000000000000000000000000007
:10d1280000000000000000000000000000000000f7
:10d1380000000000000000000000000000000000e7
:10d1480000000000000000000000000000000000d7
:10d1580000000000000000000000000000000000c7
:10d1680000000000000000000000000000000000b7
:10d1780000000000000000000000000000000000a7
:10d188000000000000000000000000000000000097
:10d198000000000000000000000000000000000087
:10d1a8000000000000000000000000000000000077
:10d1b8000000000000000000000000000000000067
:10d1c8000000000000000000000000000000000057
:10d1d8000000000000000000000000000000000047
:10d1e8000000000000000000000000000000000037
:10d1f8000000000000000000000000000000000027
:10d208000000000000000000000000000000000016
:10d218000000000000000000000000000000000006
:10d2280000000000000000000000000000000000f6
:10d2380000000000000000000000000000000000e6
:10d2480000000000000000000000000000000000d6
:10d2580000000000000000000000000000000000c6
:10d2680000000000000000000000000000000000b6
:10d2780000000000000000000000000000000000a6
:10d288000000000000000000000000000000000096
:10d298000000000000000000000000000000000086
:10d2a8000000000000000000000000000000000076
:10d2b8000000000000000000000000000000000066
:10d2c8000000000000000000000000000000000056
:10d2d8000000000000000000000000000000000046
:10d2e8000000000000000000000000000000000036
:10d2f8000000000000000000000000000000000026
:10d308000000000000000000000000000000000015
:10d318000000000000000000000000000000000005
:10d3280000000000000000000000000000000000f5
:10d3380000000000000000000000000000000000e5
:10d3480000000000000000000000000000000000d5
:10d3580000000000000000000000000000000000c5
:10d3680000000000000000000000000000000000b5
:10d3780000000000000000000000000000000000a5
:10d388000000000000000000000000000000000095
:10d398000000000000000000000000000000000085
:10d3a8000000000000000000000000000000000075
:10d3b8000000000000000000000000000000000065
:10d3c8000000000000000000000000000000000055
:10d3d8000000000000000000000000000000000045
:10d3e8000000000000000000000000000000000035
:10d3f8000000000000000000000000000000000025
:10d408000000000000000000000000000000000014
:10d418000000000000000000000000000000000004
:10d4280000000000000000000000000000000000f4
:10d4380000000000000000000000000000000000e4
:10d4480000000000000000000000000000000000d4
:10d4580000000000000000000000000000000000c4
:10d4680000000000000000000000000000000000b4
:10d4780000000000000000000000000000000000a4
:10d488000000000000000000000000000000000094
:10d498000000000000000000000000000000000084
:10d4a8000000000000000000000000000000000074
:10d4b8000000000000000000000000000000000064
:10d4c8000000000000000000000000000000000054
:10d4d8000000000000000000000000000000000044
:10d4e8000000000000000000000000000000000034
:10d4f8000000000000000000000000000000000024
:10d508000000000000000000000000000000000013
:10d518000000000000000000000000000000000003
:10d5280000000000000000000000000000000000f3
:10d5380000000000000000000000000000000000e3
:10d5480000000000000000000000000000000000d3
:10d5580000000000000000000000000000000000c3
:10d5680000000000000000000000000000000000b3
:10d5780000000000000000000000000000000000a3
:10d588000000000000000000000000000000000093
:10d598000000000000000000000000000000000083
:10d5a8000000000000000000000000000000000073
:10d5b8000000000000000000000000000000000063
:10d5c8000000000000000000000000000000000053
:10d5d8000000000000000000000000000000000043
:10d5e8000000000000000000000000000000000033
:10d5f8000000000000000000000000000000000023
:10d608000000000000000000000000000000000012
:10d618000000000000000000000000000000000002
:10d6280000000000000000000000000000000000f2
:10d6380000000000000000000000000000000000e2
:10d6480000000000000000000000000000000000d2
:10d6580000000000000000000000000000000000c2
:10d6680000000000000000000000000000000000b2
:10d6780000000000000000000000000000000000a2
:10d688000000000000000000000000000000000092
:10d698000000000000000000000000000000000082
:10d6a8000000000000000000000000000000000072
:10d6b8000000000000000000000000000000000062
:10d6c8000000000000000000000000000000000052
:10d6d8000000000000000000000000000000000042
:10d6e8000000000000000000000000000000000032
:10d6f8000000000000000000000000000000000022
:10d708000000000000000000000000000000000011
:10d718000000000000000000000000000000000001
:10d7280000000000000000000000000000000000f1
:10d7380000000000000000000000000000000000e1
:10d7480000000000000000000000000000000000d1
:10d7580000000000000000000000000000000000c1
:10d7680000000000000000000000000000000000b1
:10d7780000000000000000000000000000000000a1
:10d788000000000000000000000000000000000091
:10d798000000000000000000000000000000000081
:10d7a8000000000000000000000000000000000071
:10d7b8000000000000000000000000000000000061
:10d7c8000000000000000000000000000000000051
:10d7d8000000000000000000000000000000000041
:10d7e8000000000000000000000000000000000031
:10d7f8000000000000000000000000000000000021
:10d808000000000000000000000000000000000010
:10d818000000000000000000000000000000000000
:10d8280000000000000000000000000000000000f0
:10d8380000000000000000000000000000000000e0
:10d8480000000000000000000000000000000000d0
:10d8580000000000000000000000000000000000c0
:10d8680000000000000000000000000000000000b0
:10d8780000000000000000000000000000000000a0
:10d888000000000000000000000000000000000090
:10d898000000000000000000000000000000000080
:10d8a8000000000000000000000000000000000070
:10d8b8000000000000000000000000000000000060
:10d8c8000000000000000000000000000000000050
:10d8d8000000000000000000000000000000000040
:10d8e8000000000000000000000000000000000030
:10d8f8000000000000000000000000000000000020
:10d90800000000000000000000000000000000000f
:10d9180000000000000000000000000000000000ff
:10d9280000000000000000000000000000000000ef
:10d9380000000000000000000000000000000000df
:10d9480000000000000000000000000000000000cf
:10d9580000000000000000000000000000000000bf
:10d9680000000000000000000000000000000000af
:10d97800000000000000000000000000000000009f
:10d98800000000000000000000000000000000008f
:10d99800000000000000000000000000000000007f
:10d9a800000000000000000000000000000000006f
:10d9b800000000000000000000000000000000005f
:10d9c800000000000000000000000000000000004f
:10d9d800000000000000000000000000000000003f
:10d9e800000000000000000000000000000000002f
:10d9f800000000000000000000000000000000001f
:10da0800000000000000000000000000000000000e
:10da180000000000000000000000000000000000fe
:10da280000000000000000000000000000000000ee
:10da380000000000000000000000000000000000de
:10da480000000000000000000000000000000000ce
:10da580000000000000000000000000000000000be
:10da680000000000000000000000000000000000ae
:10da7800000000000000000000000000000000009e
:10da8800000000000000000000000000000000008e
:10da9800000000000000000000000000000000007e
:10daa800000000000000000000000000000000006e
:10dab800000000000000000000000000000000005e
:10dac800000000000000000000000000000000004e
:10dad800000000000000000000000000000000003e
:10dae800000000000000000000000000000000002e
:10daf800000000000000000000000000000000001e
:10db0800000000000000000000000000000000000d
:10db180000000000000000000000000000000000fd
:10db280000000000000000000000000000000000ed
:10db380000000000000000000000000000000000dd
:10db480000000000000000000000000000000000cd
:10db580000000000000000000000000000000000bd
:10db680000000000000000000000000000000000ad
:10db7800000000000000000000000000000000009d
:10db8800000000000000000000000000000000008d
:10db9800000000000000000000000000000000007d
:10dba800000000000000000000000000000000006d
:10dbb800000000000000000000000000000000005d
:10dbc800000000000000000000000000000000004d
:10dbd800000000000000000000000000000000003d
:10dbe800000000000000000000000000000000002d
:10dbf800000000000000000000000000000000001d
:10dc0800000000000000000000000000000000000c
:10dc180000000000000000000000000000000000fc
:10dc280000000000000000000000000000000000ec
:10dc380000000000000000000000000000000000dc
:10dc480000000000000000000000000000000000cc
:10dc580000000000000000000000000000000000bc
:10dc680000000000000000000000000000000000ac
:10dc7800000000000000000000000000000000009c
:10dc8800000000000000000000000000000000008c
:10dc9800000000000000000000000000000000007c
:10dca800000000000000000000000000000000006c
:10dcb800000000000000000000000000000000005c
:10dcc800000000000000000000000000000000004c
:10dcd800000000000000000000000000000000003c
:10dce800000000000000000000000000000000002c
:10dcf800000000000000000000000000000000001c
:10dd0800000000000000000000000000000000000b
:10dd180000000000000000000000000000000000fb
:10dd280000000000000000000000000000000000eb
:10dd380000000000000000000000000000000000db
:10dd480000000000000000000000000000000000cb
:10dd580000000000000000000000000000000000bb
:10dd680000000000000000000000000000000000ab
:10dd7800000000000000000000000000000000009b
:10dd8800000000000000000000000000000000008b
:10dd9800000000000000000000000000000000007b
:10dda800000000000000000000000000000000006b
:10ddb800000000000000000000000000000000005b
:10ddc800000000000000000000000000000000004b
:10ddd800000000000000000000000000000000003b
:10dde800000000000000000000000000000000002b
:10ddf800000000000000000000000000000000001b
:10de0800000000000000000000000000000000000a
:10de180000000000000000000000000000000000fa
:10de280000000000000000000000000000000000ea
:10de380000000000000000000000000000000000da
:10de480000000000000000000000000000000000ca
:10de580000000000000000000000000000000000ba
:10de680000000000000000000000000000000000aa
:10de7800000000000000000000000000000000009a
:10de8800000000000000000000000000000000008a
:10de9800000000000000000000000000000000007a
:10dea800000000000000000000000000000000006a
:10deb800000000000000000000000000000000005a
:10dec800000000000000000000000000000000004a
:10ded800000000000000000000000000000000003a
:10dee800000000000000000000000000000000002a
:10def800000000000000000000000000000000001a
:10df08000000000000000000000000000000000009
:10df180000000000000000000000000000000000f9
:10df280000000000000000000000000000000000e9
:10df380000000000000000000000000000000000d9
:10df480000000000000000000000000000000000c9
:10df580000000000000000000000000000000000b9
:10df680000000000000000000000000000000000a9
:10df78000000000000000000000000000000000099
:10df88000000000000000000000000000000000089
:10df98000000000000000000000000000000000079
:10dfa8000000000000000000000000000000000069
:10dfb8000000000000000000000000000000000059
:10dfc8000000000000000000000000000000000049
:10dfd8000000000000000000000000000000000039
:10dfe8000000000000000000000000000000000029
:10dff8000000000000000000000000000000000019
:10e008000000000000000000000000000000000008
:10e0180000000000000000000000000000000000f8
:10e0280000000000000000000000000000000000e8
:10e0380000000000000000000000000000000000d8
:10e0480000000000000000000000000000000000c8
:10e0580000000000000000000000000000000000b8
:10e0680000000000000000000000000000000000a8
:10e078000000000000000000000000000000000098
:10e088000000000000000000000000000000000088
:10e098000000000000000000000000000000000078
:10e0a8000000000000000000000000000000000068
:10e0b8000000000000000000000000000000000058
:10e0c8000000000000000000000000000000000048
:10e0d8000000000000000000000000000000000038
:10e0e8000000000000000000000000000000000028
:10e0f8000000000000000000000000000000000018
:10e108000000000000000000000000000000000007
:10e1180000000000000000000000000000000000f7
:10e1280000000000000000000000000000000000e7
:10e1380000000000000000000000000000000000d7
:10e1480000000000000000000000000000000000c7
:10e1580000000000000000000000000000000000b7
:10e1680000000000000000000000000000000000a7
:10e178000000000000000000000000000000000097
:10e188000000000000000000000000000000000087
:10e198000000000000000000000000000000000077
:10e1a8000000000000000000000000000000000067
:10e1b8000000000000000000000000000000000057
:10e1c8000000000000000000000000000000000047
:10e1d8000000000000000000000000000000000037
:10e1e8000000000000000000000000000000000027
:10e1f8000000000000000000000000000000000017
:10e208000000000000000000000000000000000006
:10e2180000000000000000000000000000000000f6
:10e2280000000000000000000000000000000000e6
:10e2380000000000000000000000000000000000d6
:10e2480000000000000000000000000000000000c6
:10e2580000000000000000000000000000000000b6
:10e2680000000000000000000000000000000000a6
:10e278000000000000000000000000000000000096
:10e288000000000000000000000000000000000086
:10e298000000000000000000000000000000000076
:10e2a8000000000000000000000000000000000066
:10e2b8000000000000000000000000000000000056
:10e2c8000000000000000000000000000000000046
:10e2d8000000000000000000000000000000000036
:10e2e8000000000000000000000000000000000026
:10e2f8000000000000000000000000000000000016
:10e308000000000000000000000000000000000005
:10e3180000000000000000000000000000000000f5
:10e3280000000000000000000000000000000000e5
:10e3380000000000000000000000000000000000d5
:10e3480000000000000000000000000000000000c5
:10e3580000000000000000000000000000000000b5
:10e3680000000000000000000000000000000000a5
:10e378000000000000000000000000000000000095
:10e388000000000000000000000000000000000085
:10e398000000000000000000000000000000000075
:10e3a8000000000000000000000000000000000065
:10e3b8000000000000000000000000000000000055
:10e3c8000000000000000000000000000000000045
:10e3d8000000000000000000000000000000000035
:10e3e8000000000000000000000000000000000025
:10e3f8000000000000000000000000000000000015
:10e408000000000000000000000000000000000004
:10e4180000000000000000000000000000000000f4
:10e4280000000000000000000000000000000000e4
:10e4380000000000000000000000000000000000d4
:10e4480000000000000000000000000000000000c4
:10e4580000000000000000000000000000000000b4
:10e4680000000000000000000000000000000000a4
:10e478000000000000000000000000000000000094
:10e488000000000000000000000000000000000084
:10e498000000000000000000000000000000000074
:10e4a8000000000000000000000000000000000064
:10e4b8000000000000000000000000000000000054
:10e4c8000000000000000000000000000000000044
:10e4d8000000000000000000000000000000000034
:10e4e8000000000000000000000000000000000024
:10e4f8000000000000000000000000000000000014
:10e508000000000000000000000000000000000003
:10e5180000000000000000000000000000000000f3
:10e5280000000000000000000000000000000000e3
:10e5380000000000000000000000000000000000d3
:10e5480000000000000000000000000000000000c3
:10e5580000000000000000000000000000000000b3
:10e5680000000000000000000000000000000000a3
:10e578000000000000000000000000000000000093
:10e588000000000000000000000000000000000083
:10e598000000000000000000000000000000000073
:10e5a8000000000000000000000000000000000063
:10e5b8000000000000000000000000000000000053
:10e5c8000000000000000000000000000000000043
:10e5d8000000000000000000000000000000000033
:10e5e8000000000000000000000000000000000023
:10e5f8000000000000000000000000000000000013
:10e608000000000000000000000000000000000002
:10e6180000000000000000000000000000000000f2
:10e6280000000000000000000000000000000000e2
:10e6380000000000000000000000000000000000d2
:10e6480000000000000000000000000000000000c2
:10e6580000000000000000000000000000000000b2
:10e6680000000000000000000000000000000000a2
:10e678000000000000000000000000000000000092
:10e688000000000000000000000000000000000082
:10e698000000000000000000000000000000000072
:10e6a8000000000000000000000000000000000062
:10e6b8000000000000000000000000000000000052
:10e6c8000000000000000000000000000000000042
:10e6d8000000000000000000000000000000000032
:10e6e8000000000000000000000000000000000022
:10e6f8000000000000000000000000000000000012
:10e708000000000000000000000000000000000001
:10e7180000000000000000000000000000000000f1
:10e7280000000000000000000000000000000000e1
:10e7380000000000000000000000000000000000d1
:10e7480000000000000000000000000000000000c1
:10e7580000000000000000000000000000000000b1
:10e7680000000000000000000000000000000000a1
:10e778000000000000000000000000000000000091
:10e788000000000000000000000000000000000081
:10e798000000000000000000000000000000000071
:10e7a8000000000000000000000000000000000061
:10e7b8000000000000000000000000000000000051
:10e7c8000000000000000000000000000000000041
:10e7d8000000000000000000000000000000000031
:10e7e8000000000000000000000000000000000021
:10e7f8000000000000000000000000000000000011
:10e808000000000000000000000000000000000000
:10e8180000000000000000000000000000000000f0
:10e8280000000000000000000000000000000000e0
:10e8380000000000000000000000000000000000d0
:10e8480000000000000000000000000000000000c0
:10e8580000000000000000000000000000000000b0
:10e8680000000000000000000000000000000000a0
:10e878000000000000000000000000000000000090
:10e888000000000000000000000000000000000080
:10e898000000000000000000000000000000000070
:10e8a8000000000000000000000000000000000060
:10e8b8000000000000000000000000000000000050
:10e8c8000000000000000000000000000000000040
:10e8d8000000000000000000000000000000000030
:10e8e8000000000000000000000000000000000020
:10e8f8000000000000000000000000000000000010
:10e9080000000000000000000000000000000000ff
:10e9180000000000000000000000000000000000ef
:10e9280000000000000000000000000000000000df
:10e9380000000000000000000000000000000000cf
:10e9480000000000000000000000000000000000bf
:10e9580000000000000000000000000000000000af
:10e96800000000000000000000000000000000009f
:10e97800000000000000000000000000000000008f
:10e98800000000000000000000000000000000007f
:10e99800000000000000000000000000000000006f
:10e9a800000000000000000000000000000000005f
:10e9b800000000000000000000000000000000004f
:10e9c800000000000000000000000000000000003f
:10e9d800000000000000000000000000000000002f
:10e9e800000000000000000000000000000000001f
:10e9f800000000000000000000000000000000000f
:10ea080000000000000000000000000000000000fe
:10ea180000000000000000000000000000000000ee
:10ea280000000000000000000000000000000000de
:10ea380000000000000000000000000000000000ce
:10ea480000000000000000000000000000000000be
:10ea580000000000000000000000000000000000ae
:10ea6800000000000000000000000000000000009e
:10ea7800000000000000000000000000000000008e
:10ea8800000000000000000000000000000000007e
:10ea9800000000000000000000000000000000006e
:10eaa800000000000000000000000000000000005e
:10eab800000000000000000000000000000000004e
:10eac800000000000000000000000000000000003e
:10ead800000000000000000000000000000000002e
:10eae800000000000000000000000000000000001e
:10eaf800000000000000000000000000000000000e
:10eb080000000000000000000000000000000000fd
:10eb180000000000000000000000000000000000ed
:10eb280000000000000000000000000000000000dd
:10eb380000000000000000000000000000000000cd
:10eb480000000000000000000000000000000000bd
:10eb580000000000000000000000000000000000ad
:10eb6800000000000000000000000000000000009d
:10eb7800000000000000000000000000000000008d
:10eb8800000000000000000000000000000000007d
:10eb9800000000000000000000000000000000006d
:10eba800000000000000000000000000000000005d
:10ebb800000000000000000000000000000000004d
:10ebc800000000000000000000000000000000003d
:10ebd800000000000000000000000000000000002d
:10ebe800000000000000000000000000000000001d
:10ebf800000000000000000000000000000000000d
:10ec080000000000000000000000000000000000fc
:10ec180000000000000000000000000000000000ec
:10ec280000000000000000000000000000000000dc
:10ec380000000000000000000000000000000000cc
:10ec480000000000000000000000000000000000bc
:10ec580000000000000000000000000000000000ac
:10ec6800000000000000000000000000000000009c
:10ec7800000000000000000000000000000000008c
:10ec8800000000000000000000000000000000007c
:10ec9800000000000000000000000000000000006c
:10eca800000000000000000000000000000000005c
:10ecb800000000000000000000000000000000004c
:10ecc800000000000000000000000000000000003c
:10ecd800000000000000000000000000000000002c
:10ece800000000000000000000000000000000001c
:10ecf800000000000000000000000000000000000c
:10ed080000000000000000000000000000000000fb
:10ed180000000000000000000000000000000000eb
:10ed280000000000000000000000000000000000db
:10ed380000000000000000000000000000000000cb
:10ed480000000000000000000000000000000000bb
:10ed580000000000000000000000000000000000ab
:10ed6800000000000000000000000000000000009b
:10ed7800000000000000000000000000000000008b
:10ed8800000000000000000000000000000000007b
:10ed9800000000000000000000000000000000006b
:10eda800000000000000000000000000000000005b
:10edb800000000000000000000000000000000004b
:10edc800000000000000000000000000000000003b
:10edd800000000000000000000000000000000002b
:10ede800000000000000000000000000000000001b
:10edf800000000000000000000000000000000000b
:10ee080000000000000000000000000000000000fa
:10ee180000000000000000000000000000000000ea
:10ee280000000000000000000000000000000000da
:10ee380000000000000000000000000000000000ca
:10ee480000000000000000000000000000000000ba
:10ee580000000000000000000000000000000000aa
:10ee6800000000000000000000000000000000009a
:10ee7800000000000000000000000000000000008a
:10ee8800000000000000000000000000000000007a
:10ee9800000000000000000000000000000000006a
:10eea800000000000000000000000000000000005a
:10eeb800000000000000000000000000000000004a
:10eec800000000000000000000000000000000003a
:10eed800000000000000000000000000000000002a
:10eee800000000000000000000000000000000001a
:10eef800000000000000000000000000000000000a
:10ef080000000000000000000000000000000000f9
:10ef180000000000000000000000000000000000e9
:10ef280000000000000000000000000000000000d9
:10ef380000000000000000000000000000000000c9
:10ef480000000000000000000000000000000000b9
:10ef580000000000000000000000000000000000a9
:10ef68000000000000000000000000000000000099
:10ef78000000000000000000000000000000000089
:10ef88000000000000000000000000000000000079
:10ef98000000000000000000000000000000000069
:10efa8000000000000000000000000000000000059
:10efb8000000000000000000000000000000000049
:10efc8000000000000000000000000000000000039
:10efd8000000000000000000000000000000000029
:10efe8000000000000000000000000000000000019
:10eff8000000000000000000000000000000000009
:10f0080000000000000000000000000000000000f8
:10f0180000000000000000000000000000000000e8
:10f0280000000000000000000000000000000000d8
:10f0380000000000000000000000000000000000c8
:10f0480000000000000000000000000000000000b8
:10f0580000000000000000000000000000000000a8
:10f068000000000000000000000000000000000098
:10f078000000000000000000000000000000000088
:10f088000000000000000000000000000000000078
:10f098000000000000000000000000000000000068
:10f0a8000000000000000000000000000000000058
:10f0b8000000000000000000000000000000000048
:10f0c8000000000000000000000000000000000038
:10f0d8000000000000000000000000000000000028
:10f0e8000000000000000000000000000000000018
:10f0f8000000000000000000000000000000000008
:10f1080000000000000000000000000000000000f7
:10f1180000000000000000000000000000000000e7
:10f1280000000000000000000000000000000000d7
:10f1380000000000000000000000000000000000c7
:10f1480000000000000000000000000000000000b7
:10f1580000000000000000000000000000000000a7
:10f168000000000000000000000000000000000097
:10f178000000000000000000000000000000000087
:10f188000000000000000000000000000000000077
:10f198000000000000000000000000000000000067
:10f1a8000000000000000000000000000000000057
:10f1b8000000000000000000000000000000000047
:10f1c8000000000000000000000000000000000037
:10f1d8000000000000000000000000000000000027
:10f1e8000000000000000000000000000000000017
:10f1f8000000000000000000000000000000000007
:10f2080000000000000000000000000000000000f6
:10f2180000000000000000000000000000000000e6
:10f2280000000000000000000000000000000000d6
:10f2380000000000000000000000000000000000c6
:10f2480000000000000000000000000000000000b6
:10f2580000000000000000000000000000000000a6
:10f268000000000000000000000000000000000096
:10f278000000000000000000000000000000000086
:10f288000000000000000000000000000000000076
:10f298000000000000000000000000000000000066
:10f2a8000000000000000000000000000000000056
:10f2b8000000000000000000000000000000000046
:10f2c8000000000000000000000000000000000036
:10f2d8000000000000000000000000000000000026
:10f2e8000000000000000000000000000000000016
:10f2f8000000000000000000000000000000000006
:10f3080000000000000000000000000000000000f5
:10f3180000000000000000000000000000000000e5
:10f3280000000000000000000000000000000000d5
:10f3380000000000000000000000000000000000c5
:10f3480000000000000000000000000000000000b5
:10f3580000000000000000000000000000000000a5
:10f368000000000000000000000000000000000095
:10f378000000000000000000000000000000000085
:10f388000000000000000000000000000000000075
:10f398000000000000000000000000000000000065
:10f3a8000000000000000000000000000000000055
:10f3b8000000000000000000000000000000000045
:10f3c8000000000000000000000000000000000035
:10f3d8000000000000000000000000000000000025
:10f3e8000000000000000000000000000000000015
:10f3f8000000000000000000000000000000000005
:10f4080000000000000000000000000000000000f4
:10f4180000000000000000000000000000000000e4
:10f4280000000000000000000000000000000000d4
:10f4380000000000000000000000000000000000c4
:10f4480000000000000000000000000000000000b4
:10f4580000000000000000000000000000000000a4
:10f468000000000000000000000000000000000094
:10f478000000000000000000000000000000000084
:10f488000000000000000000000000000000000074
:10f498000000000000000000000000000000000064
:10f4a8000000000000000000000000000000000054
:10f4b8000000000000000000000000000000000044
:10f4c8000000000000000000000000000000000034
:10f4d8000000000000000000000000000000000024
:10f4e8000000000000000000000000000000000014
:10f4f8000000000000000000000000000000000004
:10f5080000000000000000000000000000000000f3
:10f5180000000000000000000000000000000000e3
:10f5280000000000000000000000000000000000d3
:10f5380000000000000000000000000000000000c3
:10f5480000000000000000000000000000000000b3
:10f5580000000000000000000000000000000000a3
:10f568000000000000000000000000000000000093
:10f578000000000000000000000000000000000083
:10f588000000000000000000000000000000000073
:10f598000000000000000000000000000000000063
:10f5a8000000000000000000000000000000000053
:10f5b8000000000000000000000000000000000043
:10f5c8000000000000000000000000000000000033
:10f5d8000000000000000000000000000000000023
:10f5e8000000000000000000000000000000000013
:10f5f8000000000000000000000000000000000003
:10f6080000000000000000000000000000000000f2
:10f6180000000000000000000000000000000000e2
:10f6280000000000000000000000000000000000d2
:10f6380000000000000000000000000000000000c2
:10f6480000000000000000000000000000000000b2
:10f6580000000000000000000000000000000000a2
:10f668000000000000000000000000000000000092
:10f678000000000000000000000000000000000082
:10f688000000000000000000000000000000000072
:10f698000000000000000000000000000000000062
:10f6a8000000000000000000000000000000000052
:10f6b8000000000000000000000000000000000042
:10f6c8000000000000000000000000000000000032
:10f6d8000000000000000000000000000000000022
:10f6e8000000000000000000000000000000000012
:10f6f8000000000000000000000000000000000002
:10f7080000000000000000000000000000000000f1
:10f7180000000000000000000000000000000000e1
:10f7280000000000000000000000000000000000d1
:10f7380000000000000000000000000000000000c1
:10f7480000000000000000000000000000000000b1
:10f7580000000000000000000000000000000000a1
:10f768000000000000000000000000000000000091
:10f778000000000000000000000000000000000081
:10f788000000000000000000000000000000000071
:10f798000000000000000000000000000000000061
:10f7a8000000000000000000000000000000000051
:10f7b8000000000000000000000000000000000041
:10f7c8000000000000000000000000000000000031
:10f7d8000000000000000000000000000000000021
:10f7e8000000000000000000000000000000000011
:10f7f8000000000000000000000000000000000001
:10f8080000000000000000000000000000000000f0
:10f8180000000000000000000000000000000000e0
:10f8280000000000000000000000000000000000d0
:10f8380000000000000000000000000000000000c0
:10f8480000000000000000000000000000000000b0
:10f8580000000000000000000000000000000000a0
:10f868000000000000000000000000000000000090
:10f878000000000000000000000000000000000080
:10f888000000000000000000000000000000000070
:10f898000000000000000000000000000000000060
:10f8a8000000000000000000000000000000000050
:10f8b8000000000000000000000000000000000040
:10f8c8000000000000000000000000000000000030
:10f8d8000000000000000000000000000000000020
:10f8e8000000000000000000000000000000000010
:10f8f8000000000000000000000000000000000000
:10f9080000000000000000000000000000000000ef
:10f9180000000000000000000000000000000000df
:10f9280000000000000000000000000000000000cf
:10f9380000000000000000000000000000000000bf
:10f9480000000000000000000000000000000000af
:10f95800000000000000000000000000000000009f
:10f96800000000000000000000000000000000008f
:10f97800000000000000000000000000000000007f
:10f98800000000000000000000000000000000006f
:10f99800000000000000000000000000000000005f
:10f9a800000000000000000000000000000000004f
:10f9b800000000000000000000000000000000003f
:10f9c800000000000000000000000000000000002f
:10f9d800000000000000000000000000000000001f
:10f9e800000000000000000000000000000000000f
:10f9f80000000000000000000000000000000000ff
:10fa080000000000000000000000000000000000ee
:10fa180000000000000000000000000000000000de
:10fa280000000000000000000000000000000000ce
:10fa380000000000000000000000000000000000be
:10fa480000000000000000000000000000000000ae
:10fa5800000000000000000000000000000000009e
:10fa6800000000000000000000000000000000008e
:10fa7800000000000000000000000000000000007e
:10fa8800000000000000000000000000000000006e
:10fa9800000000000000000000000000000000005e
:10faa800000000000000000000000000000000004e
:10fab800000000000000000000000000000000003e
:10fac800000000000000000000000000000000002e
:10fad800000000000000000000000000000000001e
:10fae800000000000000000000000000000000000e
:10faf80000000000000000000000000000000000fe
:10fb080000000000000000000000000000000000ed
:10fb180000000000000000000000000000000000dd
:10fb280000000000000000000000000000000000cd
:10fb380000000000000000000000000000000000bd
:10fb480000000000000000000000000000000000ad
:10fb5800000000000000000000000000000000009d
:10fb6800000000000000000000000000000000008d
:10fb7800000000000000000000000000000000007d
:10fb8800000000000000000000000000000000006d
:10fb9800000000000000000000000000000000005d
:10fba800000000000000000000000000000000004d
:10fbb800000000000000000000000000000000003d
:10fbc800000000000000000000000000000000002d
:10fbd800000000000000000000000000000000001d
:10fbe800000000000000000000000000000000000d
:10fbf80000000000000000000000000000000000fd
:10fc080000000000000000000000000000000000ec
:10fc180000000000000000000000000000000000dc
:10fc280000000000000000000000000000000000cc
:10fc380000000000000000000000000000000000bc
:10fc480000000000000000000000000000000000ac
:10fc5800000000000000000000000000000000009c
:10fc6800000000000000000000000000000000008c
:10fc7800000000000000000000000000000000007c
:10fc8800000000000000000000000000000000006c
:10fc9800000000000000000000000000000000005c
:10fca800000000000000000000000000000000004c
:10fcb800000000000000000000000000000000003c
:10fcc800000000000000000000000000000000002c
:10fcd800000000000000000000000000000000001c
:10fce800000000000000000000000000000000000c
:10fcf80000000000000000000000000000000000fc
:10fd080000000000000000000000000000000000eb
:10fd180000000000000000000000000000000000db
:10fd280000000000000000000000000000000000cb
:10fd380000000000000000000000000000000000bb
:10fd480000000000000000000000000000000000ab
:10fd5800000000000000000000000000000000009b
:10fd6800000000000000000000000000000000008b
:10fd7800000000000000000000000000000000007b
:10fd8800000000000000000000000000000000006b
:10fd9800000000000000000000000000000000005b
:10fda800000000000000000000000000000000004b
:10fdb800000000000000000000000000000000003b
:10fdc800000000000000000000000000000000002b
:10fdd800000000000000000000000000000000001b
:10fde800000000000000000000000000000000000b
:10fdf80000000000000000000000000000000000fb
:10fe080000000000000000000000000000000000ea
:10fe180000000000000000000000000000000000da
:10fe280000000000000000000000000000000000ca
:10fe380000000000000000000000000000000000ba
:10fe480000000000000000000000000000000000aa
:10fe5800000000000000000000000000000000009a
:10fe6800000000000000000000000000000000008a
:10fe7800000000000000000000000000000000007a
:10fe8800000000000000000000000000000000006a
:10fe9800000000000000000000000000000000005a
:10fea800000000000000000000000000000000004a
:10feb800000000000000000000000000000000003a
:10fec800000000000000000000000000000000002a
:10fed800000000000000000000000000000000001a
:10fee800000000000000000000000000000000000a
:10fef80000000000000000000000000000000000fa
:10ff080000000000000000000000000000000000e9
:10ff180000000000000000000000000000000000d9
:10ff280000000000000000000000000000000000c9
:10ff380000000000000000000000000000000000b9
:10ff480000000000000000000000000000000000a9
:10ff58000000000000000000000000000000000099
:10ff68000000000000000000000000000000000089
:10ff78000000000000000000000000000000000079
:10ff88000000000000000000000000000000000069
:10ff98000000000000000000000000000000000059
:10ffa8000000000000000000000000000000000049
:10ffb8000000000000000000000000000000000039
:10ffc8000000000000000000000000000000000029
:10ffd8000000000000000000000000000000000019
:10ffe8000000000000000000000000000000000009
:10fff80000000000000000000000000000000000f9
:020000040001f9
:1000080000000000000000000000000000000000e8
:1000180000000000000000000000000000000000d8
:1000280000000000000000000000000000000000c8
:1000380000000000000000000000000000000000b8
:1000480000000000000000000000000000000000a8
:100058000000000000000000000000000000000098
:100068000000000000000000000000000000000088
:100078000000000000000000000000000000000078
:100088000000000000000000000000000000000068
:100098000000000000000000000000000000000058
:1000a8000000000000000000000000000000000048
:1000b8000000000000000000000000000000000038
:1000c8000000000000000000000000000000000028
:1000d8000000000000000000000000000000000018
:1000e8000000000000000000000000000000000008
:1000f80000000000000000000000000000000000f8
:1001080000000000000000000000000000000000e7
:1001180000000000000000000000000000000000d7
:1001280000000000000000000000000000000000c7
:1001380000000000000000000000000000000000b7
:1001480000000000000000000000000000000000a7
:100158000000000000000000000000000000000097
:100168000000000000000000000000000000000087
:100178000000000000000000000000000000000077
:100188000000000000000000000000000000000067
:100198000000000000000000000000000000000057
:1001a8000000000000000000000000000000000047
:1001b8000000000000000000000000000000000037
:1001c8000000000000000000000000000000000027
:1001d8000000000000000000000000000000000017
:1001e8000000000000000000000000000000000007
:1001f80000000000000000000000000000000000f7
:1002080000000000000000000000000000000000e6
:1002180000000000000000000000000000000000d6
:1002280000000000000000000000000000000000c6
:1002380000000000000000000000000000000000b6
:1002480000000000000000000000000000000000a6
:100258000000000000000000000000000000000096
:100268000000000000000000000000000000000086
:100278000000000000000000000000000000000076
:100288000000000000000000000000000000000066
:100298000000000000000000000000000000000056
:1002a8000000000000000000000000000000000046
:1002b8000000000000000000000000000000000036
:1002c8000000000000000000000000000000000026
:1002d8000000000000000000000000000000000016
:1002e8000000000000000000000000000000000006
:1002f80000000000000000000000000000000000f6
:1003080000000000000000000000000000000000e5
:1003180000000000000000000000000000000000d5
:1003280000000000000000000000000000000000c5
:1003380000000000000000000000000000000000b5
:1003480000000000000000000000000000000000a5
:100358000000000000000000000000000000000095
:100368000000000000000000000000000000000085
:100378000000000000000000000000000000000075
:100388000000000000000000000000000000000065
:100398000000000000000000000000000000000055
:1003a8000000000000000000000000000000000045
:1003b8000000000000000000000000000000000035
:1003c8000000000000000000000000000000000025
:1003d8000000000000000000000000000000000015
:1003e8000000000000000000000000000000000005
:1003f80000000000000000000000000000000000f5
:1004080000000000000000000000000000000000e4
:1004180000000000000000000000000000000000d4
:1004280000000000000000000000000000000000c4
:1004380000000000000000000000000000000000b4
:1004480000000000000000000000000000000000a4
:100458000000000000000000000000000000000094
:100468000000000000000000000000000000000084
:100478000000000000000000000000000000000074
:100488000000000000000000000000000000000064
:100498000000000000000000000000000000000054
:1004a8000000000000000000000000000000000044
:1004b8000000000000000000000000000000000034
:1004c8000000000000000000000000000000000024
:1004d8000000000000000000000000000000000014
:1004e8000000000000000000000000000000000004
:1004f80000000000000000000000000000000000f4
:1005080000000000000000000000000000000000e3
:1005180000000000000000000000000000000000d3
:1005280000000000000000000000000000000000c3
:1005380000000000000000000000000000000000b3
:1005480000000000000000000000000000000000a3
:100558000000000000000000000000000000000093
:100568000000000000000000000000000000000083
:100578000000000000000000000000000000000073
:100588000000000000000000000000000000000063
:100598000000000000000000000000000000000053
:1005a8000000000000000000000000000000000043
:1005b8000000000000000000000000000000000033
:1005c8000000000000000000000000000000000023
:1005d8000000000000000000000000000000000013
:1005e8000000000000000000000000000000000003
:1005f80000000000000000000000000000000000f3
:1006080000000000000000000000000000000000e2
:1006180000000000000000000000000000000000d2
:1006280000000000000000000000000000000000c2
:1006380000000000000000000000000000000000b2
:1006480000000000000000000000000000000000a2
:100658000000000000000000000000000000000092
:100668000000000000000000000000000000000082
:100678000000000000000000000000000000000072
:100688000000000000000000000000000000000062
:100698000000000000000000000000000000000052
:1006a8000000000000000000000000000000000042
:1006b8000000000000000000000000000000000032
:1006c8000000000000000000000000000000000022
:1006d8000000000000000000000000000000000012
:1006e8000000000000000000000000000000000002
:1006f80000000000000000000000000000000000f2
:1007080000000000000000000000000000000000e1
:1007180000000000000000000000000000000000d1
:1007280000000000000000000000000000000000c1
:1007380000000000000000000000000000000000b1
:1007480000000000000000000000000000000000a1
:100758000000000000000000000000000000000091
:100768000000000000000000000000000000000081
:100778000000000000000000000000000000000071
:100788000000000000000000000000000000000061
:100798000000000000000000000000000000000051
:1007a8000000000000000000000000000000000041
:1007b8000000000000000000000000000000000031
:1007c8000000000000000000000000000000000021
:1007d8000000000000000000000000000000000011
:1007e8000000000000000000000000000000000001
:1007f80000000000000000000000000000000000f1
:1008080000000000000000000000000000000000e0
:1008180000000000000000000000000000000000d0
:1008280000000000000000000000000000000000c0
:1008380000000000000000000000000000000000b0
:1008480000000000000000000000000000000000a0
:100858000000000000000000000000000000000090
:100868000000000000000000000000000000000080
:100878000000000000000000000000000000000070
:100888000000000000000000000000000000000060
:100898000000000000000000000000000000000050
:1008a8000000000000000000000000000000000040
:1008b8000000000000000000000000000000000030
:1008c8000000000000000000000000000000000020
:1008d8000000000000000000000000000000000010
:1008e8000000000000000000000000000000000000
:1008f80000000000000000000000000000000000f0
:1009080000000000000000000000000000000000df
:1009180000000000000000000000000000000000cf
:1009280000000000000000000000000000000000bf
:1009380000000000000000000000000000000000af
:10094800000000000000000000000000000000009f
:10095800000000000000000000000000000000008f
:10096800000000000000000000000000000000007f
:10097800000000000000000000000000000000006f
:10098800000000000000000000000000000000005f
:10099800000000000000000000000000000000004f
:1009a800000000000000000000000000000000003f
:1009b800000000000000000000000000000000002f
:1009c800000000000000000000000000000000001f
:1009d800000000000000000000000000000000000f
:1009e80000000000000000000000000000000000ff
:1009f80000000000000000000000000000000000ef
:100a080000000000000000000000000000000000de
:100a180000000000000000000000000000000000ce
:100a280000000000000000000000000000000000be
:100a380000000000000000000000000000000000ae
:100a4800000000000000000000000000000000009e
:100a5800000000000000000000000000000000008e
:100a6800000000000000000000000000000000007e
:100a7800000000000000000000000000000000006e
:100a8800000000000000000000000000000000005e
:100a9800000000000000000000000000000000004e
:100aa800000000000000000000000000000000003e
:100ab800000000000000000000000000000000002e
:100ac800000000000000000000000000000000001e
:100ad800000000000000000000000000000000000e
:100ae80000000000000000000000000000000000fe
:100af80000000000000000000000000000000000ee
:100b080000000000000000000000000000000000dd
:100b180000000000000000000000000000000000cd
:100b280000000000000000000000000000000000bd
:100b380000000000000000000000000000000000ad
:100b4800000000000000000000000000000000009d
:100b5800000000000000000000000000000000008d
:100b6800000000000000000000000000000000007d
:100b7800000000000000000000000000000000006d
:100b8800000000000000000000000000000000005d
:100b9800000000000000000000000000000000004d
:100ba800000000000000000000000000000000003d
:100bb800000000000000000000000000000000002d
:100bc800000000000000000000000000000000001d
:100bd800000000000000000000000000000000000d
:100be80000000000000000000000000000000000fd
:100bf80000000000000000000000000000000000ed
:100c080000000000000000000000000000000000dc
:100c180000000000000000000000000000000000cc
:100c280000000000000000000000000000000000bc
:100c380000000000000000000000000000000000ac
:100c4800000000000000000000000000000000009c
:100c5800000000000000000000000000000000008c
:100c6800000000000000000000000000000000007c
:100c7800000000000000000000000000000000006c
:100c8800000000000000000000000000000000005c
:100c9800000000000000000000000000000000004c
:100ca800000000000000000000000000000000003c
:100cb800000000000000000000000000000000002c
:100cc800000000000000000000000000000000001c
:100cd800000000000000000000000000000000000c
:100ce80000000000000000000000000000000000fc
:100cf80000000000000000000000000000000000ec
:100d080000000000000000000000000000000000db
:100d180000000000000000000000000000000000cb
:100d280000000000000000000000000000000000bb
:100d380000000000000000000000000000000000ab
:100d4800000000000000000000000000000000009b
:100d5800000000000000000000000000000000008b
:100d6800000000000000000000000000000000007b
:100d7800000000000000000000000000000000006b
:100d8800000000000000000000000000000000005b
:100d9800000000000000000000000000000000004b
:100da800000000000000000000000000000000003b
:100db800000000000000000000000000000000002b
:100dc800000000000000000000000000000000001b
:100dd800000000000000000000000000000000000b
:100de80000000000000000000000000000000000fb
:100df80000000000000000000000000000000000eb
:100e080000000000000000000000000000000000da
:100e180000000000000000000000000000000000ca
:100e280000000000000000000000000000000000ba
:100e380000000000000000000000000000000000aa
:100e4800000000000000000000000000000000009a
:100e5800000000000000000000000000000000008a
:100e6800000000000000000000000000000000007a
:100e7800000000000000000000000000000000006a
:100e8800000000000000000000000000000000005a
:100e9800000000000000000000000000000000004a
:100ea800000000000000000000000000000000003a
:100eb800000000000000000000000000000000002a
:100ec800000000000000000000000000000000001a
:100ed800000000000000000000000000000000000a
:100ee80000000000000000000000000000000000fa
:100ef80000000000000000000000000000000000ea
:100f080000000000000000000000000000000000d9
:100f180000000000000000000000000000000000c9
:100f280000000000000000000000000000000000b9
:100f380000000000000000000000000000000000a9
:100f48000000000000000000000000000000000099
:100f58000000000000000000000000000000000089
:100f68000000000000000000000000000000000079
:100f78000000000000000000000000000000000069
:100f88000000000000000000000000000000000059
:100f98000000000000000000000000000000000049
:100fa8000000000000000000000000000000000039
:100fb8000000000000000000000000000000000029
:100fc8000000000000000000000000000000000019
:100fd8000000000000000000000000000000000009
:100fe80000000000000000000000000000000000f9
:100ff80000000000000000000000000000000000e9
:1010080000000000000000000000000000000000d8
:1010180000000000000000000000000000000000c8
:1010280000000000000000000000000000000000b8
:1010380000000000000000000000000000000000a8
:101048000000000000000000000000000000000098
:101058000000000000000000000000000000000088
:101068000000000000000000000000000000000078
:101078000000000000000000000000000000000068
:101088000000000000000000000000000000000058
:101098000000000000000000000000000000000048
:1010a8000000000000000000000000000000000038
:1010b8000000000000000000000000000000000028
:1010c8000000000000000000000000000000000018
:1010d8000000000000000000000000000000000008
:1010e80000000000000000000000000000000000f8
:1010f80000000000000000000000000000000000e8
:1011080000000000000000000000000000000000d7
:1011180000000000000000000000000000000000c7
:1011280000000000000000000000000000000000b7
:1011380000000000000000000000000000000000a7
:101148000000000000000000000000000000000097
:101158000000000000000000000000000000000087
:101168000000000000000000000000000000000077
:101178000000000000000000000000000000000067
:101188000000000000000000000000000000000057
:101198000000000000000000000000000000000047
:1011a8000000000000000000000000000000000037
:1011b8000000000000000000000000000000000027
:1011c8000000000000000000000000000000000017
:1011d8000000000000000000000000000000000007
:1011e80000000000000000000000000000000000f7
:1011f80000000000000000000000000000000000e7
:1012080000000000000000000000000000000000d6
:1012180000000000000000000000000000000000c6
:1012280000000000000000000000000000000000b6
:1012380000000000000000000000000000000000a6
:101248000000000000000000000000000000000096
:101258000000000000000000000000000000000086
:101268000000000000000000000000000000000076
:101278000000000000000000000000000000000066
:101288000000000000000000000000000000000056
:101298000000000000000000000000000000000046
:1012a8000000000000000000000000000000000036
:1012b8000000000000000000000000000000000026
:1012c8000000000000000000000000000000000016
:1012d8000000000000000000000000000000000006
:1012e80000000000000000000000000000000000f6
:1012f80000000000000000000000000000000000e6
:1013080000000000000000000000000000000000d5
:1013180000000000000000000000000000000000c5
:1013280000000000000000000000000000000000b5
:1013380000000000000000000000000000000000a5
:101348000000000000000000000000000000000095
:101358000000000000000000000000000000000085
:101368000000000000000000000000000000000075
:101378000000000000000000000000000000000065
:101388000000000000000000000000000000000055
:101398000000000000000000000000000000000045
:1013a8000000000000000000000000000000000035
:1013b8000000000000000000000000000000000025
:1013c8000000000000000000000000000000000015
:1013d8000000000000000000000000000000000005
:1013e80000000000000000000000000000000000f5
:1013f80000000000000000000000000000000000e5
:1014080000000000000000000000000000000000d4
:1014180000000000000000000000000000000000c4
:1014280000000000000000000000000000000000b4
:1014380000000000000000000000000000000000a4
:101448000000000000000000000000000000000094
:101458000000000000000000000000000000000084
:101468000000000000000000000000000000000074
:101478000000000000000000000000000000000064
:101488000000000000000000000000000000000054
:101498000000000000000000000000000000000044
:1014a8000000000000000000000000000000000034
:1014b8000000000000000000000000000000000024
:1014c8000000000000000000000000000000000014
:1014d8000000000000000000000000000000000004
:1014e80000000000000000000000000000000000f4
:1014f80000000000000000000000000000000000e4
:1015080000000000000000000000000000000000d3
:1015180000000000000000000000000000000000c3
:1015280000000000000000000000000000000000b3
:1015380000000000000000000000000000000000a3
:101548000000000000000000000000000000000093
:101558000000000000000000000000000000000083
:101568000000000000000000000000000000000073
:101578000000000000000000000000000000000063
:101588000000000000000000000000000000000053
:101598000000000000000000000000000000000043
:1015a8000000000000000000000000000000000033
:1015b8000000000000000000000000000000000023
:1015c8000000000000000000000000000000000013
:1015d8000000000000000000000000000000000003
:1015e80000000000000000000000000000000000f3
:1015f80000000000000000000000000000000000e3
:1016080000000000000000000000000000000000d2
:1016180000000000000000000000000000000000c2
:1016280000000000000000000000000000000000b2
:1016380000000000000000000000000000000000a2
:101648000000000000000000000000000000000092
:101658000000000000000000000000000000000082
:101668000000000000000000000000000000000072
:101678000000000000000000000000000000000062
:101688000000000000000000000000000000000052
:101698000000000000000000000000000000000042
:1016a8000000000000000000000000000000000032
:1016b8000000000000000000000000000000000022
:1016c8000000000000000000000000000000000012
:1016d8000000000000000000000000000000000002
:1016e80000000000000000000000000000000000f2
:1016f80000000000000000000000000000000000e2
:1017080000000000000000000000000000000000d1
:1017180000000000000000000000000000000000c1
:1017280000000000000000000000000000000000b1
:1017380000000000000000000000000000000000a1
:101748000000000000000000000000000000000091
:101758000000000000000000000000000000000081
:101768000000000000000000000000000000000071
:101778000000000000000000000000000000000061
:101788000000000000000000000000000000000051
:101798000000000000000000000000000000000041
:1017a8000000000000000000000000000000000031
:1017b8000000000000000000000000000000000021
:1017c8000000000000000000000000000000000011
:1017d8000000000000000000000000000000000001
:1017e80000000000000000000000000000000000f1
:1017f80000000000000000000000000000000000e1
:1018080000000000000000000000000000000000d0
:1018180000000000000000000000000000000000c0
:1018280000000000000000000000000000000000b0
:1018380000000000000000000000000000000000a0
:101848000000000000000000000000000000000090
:101858000000000000000000000000000000000080
:101868000000000000000000000000000000000070
:101878000000000000000000000000000000000060
:101888000000000000000000000000000000000050
:101898000000000000000000000000000000000040
:1018a8000000000000000000000000000000000030
:1018b8000000000000000000000000000000000020
:1018c8000000000000000000000000000000000010
:1018d8000000000000000000000000000000000000
:1018e80000000000000000000000000000000000f0
:1018f80000000000000000000000000000000000e0
:1019080000000000000000000000000000000000cf
:1019180000000000000000000000000000000000bf
:1019280000000000000000000000000000000000af
:10193800000000000000000000000000000000009f
:10194800000000000000000000000000000000008f
:10195800000000000000000000000000000000007f
:10196800000000000000000000000000000000006f
:10197800000000000000000000000000000000005f
:10198800000000000000000000000000000000004f
:10199800000000000000000000000000000000003f
:1019a800000000000000000000000000000000002f
:1019b800000000000000000000000000000000001f
:1019c800000000000000000000000000000000000f
:1019d80000000000000000000000000000000000ff
:1019e80000000000000000000000000000000000ef
:1019f80000000000000000000000000000000000df
:101a080000000000000000000000000000000000ce
:101a180000000000000000000000000000000000be
:101a280000000000000000000000000000000000ae
:101a3800000000000000000000000000000000009e
:101a4800000000000000000000000000000000008e
:101a5800000000000000000000000000000000007e
:101a6800000000000000000000000000000000006e
:101a7800000000000000000000000000000000005e
:101a8800000000000000000000000000000000004e
:101a9800000000000000000000000000000000003e
:101aa800000000000000000000000000000000002e
:101ab800000000000000000000000000000000001e
:101ac800000000000000000000000000000000000e
:101ad80000000000000000000000000000000000fe
:101ae80000000000000000000000000000000000ee
:101af80000000000000000000000000000000000de
:101b080000000000000000000000000000000000cd
:101b180000000000000000000000000000000000bd
:101b280000000000000000000000000000000000ad
:101b3800000000000000000000000000000000009d
:101b4800000000000000000000000000000000008d
:101b5800000000000000000000000000000000007d
:101b6800000000000000000000000000000000006d
:101b7800000000000000000000000000000000005d
:101b8800000000000000000000000000000000004d
:101b9800000000000000000000000000000000003d
:101ba800000000000000000000000000000000002d
:101bb800000000000000000000000000000000001d
:101bc800000000000000000000000000000000000d
:101bd80000000000000000000000000000000000fd
:101be80000000000000000000000000000000000ed
:101bf80000000000000000000000000000000000dd
:101c080000000000000000000000000000000000cc
:101c180000000000000000000000000000000000bc
:101c280000000000000000000000000000000000ac
:101c3800000000000000000000000000000000009c
:101c4800000000000000000000000000000000008c
:101c5800000000000000000000000000000000007c
:101c6800000000000000000000000000000000006c
:101c7800000000000000000000000000000000005c
:101c8800000000000000000000000000000000004c
:101c9800000000000000000000000000000000003c
:101ca800000000000000000000000000000000002c
:101cb800000000000000000000000000000000001c
:101cc800000000000000000000000000000000000c
:101cd80000000000000000000000000000000000fc
:101ce80000000000000000000000000000000000ec
:101cf80000000000000000000000000000000000dc
:101d080000000000000000000000000000000000cb
:101d180000000000000000000000000000000000bb
:101d280000000000000000000000000000000000ab
:101d3800000000000000000000000000000000009b
:101d4800000000000000000000000000000000008b
:101d5800000000000000000000000000000000007b
:101d6800000000000000000000000000000000006b
:101d7800000000000000000000000000000000005b
:101d8800000000000000000000000000000000004b
:101d9800000000000000000000000000000000003b
:101da800000000000000000000000000000000002b
:101db800000000000000000000000000000000001b
:101dc800000000000000000000000000000000000b
:101dd80000000000000000000000000000000000fb
:101de80000000000000000000000000000000000eb
:101df80000000000000000000000000000000000db
:101e080000000000000000000000000000000000ca
:101e180000000000000000000000000000000000ba
:101e280000000000000000000000000000000000aa
:101e3800000000000000000000000000000000009a
:101e4800000000000000000000000000000000008a
:101e5800000000000000000000000000000000007a
:101e6800000000000000000000000000000000006a
:101e7800000000000000000000000000000000005a
:101e8800000000000000000000000000000000004a
:101e9800000000000000000000000000000000003a
:101ea800000000000000000000000000000000002a
:101eb800000000000000000000000000000000001a
:101ec800000000000000000000000000000000000a
:101ed80000000000000000000000000000000000fa
:101ee80000000000000000000000000000000000ea
:101ef80000000000000000000000000000000000da
:101f080000000000000000000000000000000000c9
:101f180000000000000000000000000000000000b9
:101f280000000000000000000000000000000000a9
:101f38000000000000000000000000000000000099
:101f48000000000000000000000000000000000089
:101f58000000000000000000000000000000000079
:101f68000000000000000000000000000000000069
:101f78000000000000000000000000000000000059
:101f88000000000000000000000000000000000049
:101f98000000000000000000000000000000000039
:101fa8000000000000000000000000000000000029
:101fb8000000000000000000000000000000000019
:101fc8000000000000000000000000000000000009
:101fd80000000000000000000000000000000000f9
:101fe80000000000000000000000000000000000e9
:101ff80000000000000000000000000000000000d9
:1020080000000000000000000000000000000000c8
:1020180000000000000000000000000000000000b8
:1020280000000000000000000000000000000000a8
:102038000000000000000000000000000000000098
:102048000000000000000000000000000000000088
:102058000000000000000000000000000000000078
:102068000000000000000000000000000000000068
:102078000000000000000000000000000000000058
:102088000000000000000000000000000000000048
:102098000000000000000000000000000000000038
:1020a8000000000000000000000000000000000028
:1020b8000000000000000000000000000000000018
:1020c8000000000000000000000000000000000008
:1020d80000000000000000000000000000000000f8
:1020e80000000000000000000000000000000000e8
:1020f80000000000000000000000000000000000d8
:1021080000000000000000000000000000000000c7
:1021180000000000000000000000000000000000b7
:1021280000000000000000000000000000000000a7
:102138000000000000000000000000000000000097
:102148000000000000000000000000000000000087
:102158000000000000000000000000000000000077
:102168000000000000000000000000000000000067
:102178000000000000000000000000000000000057
:102188000000000000000000000000000000000047
:102198000000000000000000000000000000000037
:1021a8000000000000000000000000000000000027
:1021b8000000000000000000000000000000000017
:1021c8000000000000000000000000000000000007
:1021d80000000000000000000000000000000000f7
:1021e80000000000000000000000000000000000e7
:1021f80000000000000000000000000000000000d7
:1022080000000000000000000000000000000000c6
:1022180000000000000000000000000000000000b6
:1022280000000000000000000000000000000000a6
:102238000000000000000000000000000000000096
:102248000000000000000000000000000000000086
:102258000000000000000000000000000000000076
:102268000000000000000000000000000000000066
:102278000000000000000000000000000000000056
:102288000000000000000000000000000000000046
:102298000000000000000000000000000000000036
:1022a8000000000000000000000000000000000026
:1022b8000000000000000000000000000000000016
:1022c8000000000000000000000000000000000006
:1022d80000000000000000000000000000000000f6
:1022e80000000000000000000000000000000000e6
:1022f80000000000000000000000000000000000d6
:1023080000000000000000000000000000000000c5
:1023180000000000000000000000000000000000b5
:1023280000000000000000000000000000000000a5
:102338000000000000000000000000000000000095
:102348000000000000000000000000000000000085
:102358000000000000000000000000000000000075
:102368000000000000000000000000000000000065
:102378000000000000000000000000000000000055
:102388000000000000000000000000000000000045
:102398000000000000000000000000000000000035
:1023a8000000000000000000000000000000000025
:1023b8000000000000000000000000000000000015
:1023c8000000000000000000000000000000000005
:1023d80000000000000000000000000000000000f5
:1023e80000000000000000000000000000000000e5
:1023f80000000000000000000000000000000000d5
:1024080000000000000000000000000000000000c4
:1024180000000000000000000000000000000000b4
:1024280000000000000000000000000000000000a4
:102438000000000000000000000000000000000094
:102448000000000000000000000000000000000084
:102458000000000000000000000000000000000074
:102468000000000000000000000000000000000064
:102478000000000000000000000000000000000054
:102488000000000000000000000000000000000044
:102498000000000000000000000000000000000034
:1024a8000000000000000000000000000000000024
:1024b8000000000000000000000000000000000014
:1024c8000000000000000000000000000000000004
:1024d80000000000000000000000000000000000f4
:1024e80000000000000000000000000000000000e4
:1024f80000000000000000000000000000000000d4
:1025080000000000000000000000000000000000c3
:1025180000000000000000000000000000000000b3
:1025280000000000000000000000000000000000a3
:102538000000000000000000000000000000000093
:102548000000000000000000000000000000000083
:102558000000000000000000000000000000000073
:102568000000000000000000000000000000000063
:102578000000000000000000000000000000000053
:102588000000000000000000000000000000000043
:102598000000000000000000000000000000000033
:1025a8000000000000000000000000000000000023
:1025b8000000000000000000000000000000000013
:1025c8000000000000000000000000000000000003
:1025d80000000000000000000000000000000000f3
:1025e80000000000000000000000000000000000e3
:1025f80000000000000000000000000000000000d3
:1026080000000000000000000000000000000000c2
:1026180000000000000000000000000000000000b2
:1026280000000000000000000000000000000000a2
:102638000000000000000000000000000000000092
:102648000000000000000000000000000000000082
:102658000000000000000000000000000000000072
:102668000000000000000000000000000000000062
:102678000000000000000000000000000000000052
:102688000000000000000000000000000000000042
:102698000000000000000000000000000000000032
:1026a8000000000000000000000000000000000022
:1026b8000000000000000000000000000000000012
:1026c8000000000000000000000000000000000002
:1026d80000000000000000000000000000000000f2
:1026e80000000000000000000000000000000000e2
:1026f80000000000000000000000000000000000d2
:1027080000000000000000000000000000000000c1
:1027180000000000000000000000000000000000b1
:1027280000000000000000000000000000000000a1
:102738000000000000000000000000000000000091
:102748000000000000000000000000000000000081
:102758000000000000000000000000000000000071
:102768000000000000000000000000000000000061
:102778000000000000000000000000000000000051
:102788000000000000000000000000000000000041
:102798000000000000000000000000000000000031
:1027a8000000000000000000000000000000000021
:1027b8000000000000000000000000000000000011
:1027c8000000000000000000000000000000000001
:1027d80000000000000000000000000000000000f1
:1027e80000000000000000000000000000000000e1
:1027f80000000000000000000000000000000000d1
:1028080000000000000000000000000000000000c0
:1028180000000000000000000000000000000000b0
:1028280000000000000000000000000000000000a0
:102838000000000000000000000000000000000090
:102848000000000000000000000000000000000080
:102858000000000000000000000000000000000070
:102868000000000000000000000000000000000060
:102878000000000000000000000000000000000050
:102888000000000000000000000000000000000040
:102898000000000000000000000000000000000030
:1028a8000000000000000000000000000000000020
:1028b8000000000000000000000000000000000010
:1028c8000000000000000000000000000000000000
:1028d80000000000000000000000000000000000f0
:1028e80000000000000000000000000000000000e0
:1028f80000000000000000000000000000000000d0
:1029080000000000000000000000000000000000bf
:1029180000000000000000000000000000000000af
:10292800000000000000000000000000000000009f
:10293800000000000000000000000000000000008f
:10294800000000000000000000000000000000007f
:10295800000000000000000000000000000000006f
:10296800000000000000000000000000000000005f
:10297800000000000000000000000000000000004f
:10298800000000000000000000000000000000003f
:10299800000000000000000000000000000000002f
:1029a800000000000000000000000000000000001f
:1029b800000000000000000000000000000000000f
:1029c80000000000000000000000000000000000ff
:1029d80000000000000000000000000000000000ef
:1029e80000000000000000000000000000000000df
:1029f80000000000000000000000000000000000cf
:102a080000000000000000000000000000000000be
:102a180000000000000000000000000000000000ae
:102a2800000000000000000000000000000000009e
:102a3800000000000000000000000000000000008e
:102a4800000000000000000000000000000000007e
:102a5800000000000000000000000000000000006e
:102a6800000000000000000000000000000000005e
:102a7800000000000000000000000000000000004e
:102a8800000000000000000000000000000000003e
:102a9800000000000000000000000000000000002e
:102aa800000000000000000000000000000000001e
:102ab800000000000000000000000000000000000e
:102ac80000000000000000000000000000000000fe
:102ad80000000000000000000000000000000000ee
:102ae80000000000000000000000000000000000de
:102af80000000000000000000000000000000000ce
:102b080000000000000000000000000000000000bd
:102b180000000000000000000000000000000000ad
:102b2800000000000000000000000000000000009d
:102b3800000000000000000000000000000000008d
:102b4800000000000000000000000000000000007d
:102b5800000000000000000000000000000000006d
:102b6800000000000000000000000000000000005d
:102b7800000000000000000000000000000000004d
:102b8800000000000000000000000000000000003d
:102b9800000000000000000000000000000000002d
:102ba800000000000000000000000000000000001d
:102bb800000000000000000000000000000000000d
:102bc80000000000000000000000000000000000fd
:102bd80000000000000000000000000000000000ed
:102be80000000000000000000000000000000000dd
:102bf80000000000000000000000000000000000cd
:102c080000000000000000000000000000000000bc
:102c180000000000000000000000000000000000ac
:102c2800000000000000000000000000000000009c
:102c3800000000000000000000000000000000008c
:102c4800000000000000000000000000000000007c
:102c5800000000000000000000000000000000006c
:102c6800000000000000000000000000000000005c
:102c7800000000000000000000000000000000004c
:102c8800000000000000000000000000000000003c
:102c9800000000000000000000000000000000002c
:102ca800000000000000000000000000000000001c
:102cb800000000000000000000000000000000000c
:102cc80000000000000000000000000000000000fc
:102cd80000000000000000000000000000000000ec
:102ce80000000000000000000000000000000000dc
:102cf80000000000000000000000000000000000cc
:102d080000000000000000000000000000000000bb
:102d180000000000000000000000000000000000ab
:102d2800000000000000000000000000000000009b
:102d3800000000000000000000000000000000008b
:102d4800000000000000000000000000000000007b
:102d5800000000000000000000000000000000006b
:102d6800000000000000000000000000000000005b
:102d7800000000000000000000000000000000004b
:102d8800000000000000000000000000000000003b
:102d9800000000000000000000000000000000002b
:102da800000000000000000000000000000000001b
:102db800000000000000000000000000000000000b
:102dc80000000000000000000000000000000000fb
:102dd80000000000000000000000000000000000eb
:102de80000000000000000000000000000000000db
:102df80000000000000000000000000000000000cb
:102e080000000000000000000000000000000000ba
:102e180000000000000000000000000000000000aa
:102e2800000000000000000000000000000000009a
:102e3800000000000000000000000000000000008a
:102e4800000000000000000000000000000000007a
:102e5800000000000000000000000000000000006a
:102e6800000000000000000000000000000000005a
:102e7800000000000000000000000000000000004a
:102e8800000000000000000000000000000000003a
:102e9800000000000000000000000000000000002a
:102ea800000000000000000000000000000000001a
:102eb800000000000000000000000000000000000a
:102ec80000000000000000000000000000000000fa
:102ed80000000000000000000000000000000000ea
:102ee80000000000000000000000000000000000da
:102ef80000000000000000000000000000000000ca
:102f080000000000000000000000000000000000b9
:102f180000000000000000000000000000000000a9
:102f28000000000000000000000000000000000099
:102f38000000000000000000000000000000000089
:102f48000000000000000000000000000000000079
:102f58000000000000000000000000000000000069
:102f68000000000000000000000000000000000059
:102f78000000000000000000000000000000000049
:102f88000000000000000000000000000000000039
:102f98000000000000000000000000000000000029
:102fa8000000000000000000000000000000000019
:102fb8000000000000000000000000000000000009
:102fc80000000000000000000000000000000000f9
:102fd80000000000000000000000000000000000e9
:102fe80000000000000000000000000000000000d9
:102ff80000000000000000000000000000000000c9
:1030080000000000000000000000000000000000b8
:1030180000000000000000000000000000000000a8
:103028000000000000000000000000000000000098
:103038000000000000000000000000000000000088
:103048000000000000000000000000000000000078
:103058000000000000000000000000000000000068
:103068000000000000000000000000000000000058
:103078000000000000000000000000000000000048
:103088000000000000000000000000000000000038
:103098000000000000000000000000000000000028
:1030a8000000000000000000000000000000000018
:1030b8000000000000000000000000000000000008
:1030c80000000000000000000000000000000000f8
:1030d80000000000000000000000000000000000e8
:1030e80000000000000000000000000000000000d8
:1030f80000000000000000000000000000000000c8
:1031080000000000000000000000000000000000b7
:1031180000000000000000000000000000000000a7
:103128000000000000000000000000000000000097
:103138000000000000000000000000000000000087
:103148000000000000000000000000000000000077
:103158000000000000000000000000000000000067
:103168000000000000000000000000000000000057
:103178000000000000000000000000000000000047
:103188000000000000000000000000000000000037
:103198000000000000000000000000000000000027
:1031a8000000000000000000000000000000000017
:1031b8000000000000000000000000000000000007
:1031c80000000000000000000000000000000000f7
:1031d80000000000000000000000000000000000e7
:1031e80000000000000000000000000000000000d7
:1031f80000000000000000000000000000000000c7
:1032080000000000000000000000000000000000b6
:1032180000000000000000000000000000000000a6
:103228000000000000000000000000000000000096
:103238000000000000000000000000000000000086
:103248000000000000000000000000000000000076
:103258000000000000000000000000000000000066
:103268000000000000000000000000000000000056
:103278000000000000000000000000000000000046
:103288000000000000000000000000000000000036
:103298000000000000000000000000000000000026
:1032a8000000000000000000000000000000000016
:1032b8000000000000000000000000000000000006
:1032c80000000000000000000000000000000000f6
:1032d80000000000000000000000000000000000e6
:1032e80000000000000000000000000000000000d6
:1032f80000000000000000000000000000000000c6
:1033080000000000000000000000000000000000b5
:1033180000000000000000000000000000000000a5
:103328000000000000000000000000000000000095
:103338000000000000000000000000000000000085
:103348000000000000000000000000000000000075
:103358000000000000000000000000000000000065
:103368000000000000000000000000000000000055
:103378000000000000000000000000000000000045
:103388000000000000000000000000000000000035
:103398000000000000000000000000000000000025
:1033a8000000000000000000000000000000000015
:1033b8000000000000000000000000000000000005
:1033c80000000000000000000000000000000000f5
:1033d80000000000000000000000000000000000e5
:1033e80000000000000000000000000000000000d5
:1033f80000000000000000000000000000000000c5
:1034080000000000000000000000000000000000b4
:1034180000000000000000000000000000000000a4
:103428000000000000000000000000000000000094
:103438000000000000000000000000000000000084
:103448000000000000000000000000000000000074
:103458000000000000000000000000000000000064
:103468000000000000000000000000000000000054
:103478000000000000000000000000000000000044
:103488000000000000000000000000000000000034
:103498000000000000000000000000000000000024
:1034a8000000000000000000000000000000000014
:1034b8000000000000000000000000000000000004
:1034c80000000000000000000000000000000000f4
:1034d80000000000000000000000000000000000e4
:1034e80000000000000000000000000000000000d4
:1034f80000000000000000000000000000000000c4
:1035080000000000000000000000000000000000b3
:1035180000000000000000000000000000000000a3
:103528000000000000000000000000000000000093
:103538000000000000000000000000000000000083
:103548000000000000000000000000000000000073
:103558000000000000000000000000000000000063
:103568000000000000000000000000000000000053
:103578000000000000000000000000000000000043
:103588000000000000000000000000000000000033
:103598000000000000000000000000000000000023
:1035a8000000000000000000000000000000000013
:1035b8000000000000000000000000000000000003
:1035c80000000000000000000000000000000000f3
:1035d80000000000000000000000000000000000e3
:1035e80000000000000000000000000000000000d3
:1035f80000000000000000000000000000000000c3
:1036080000000000000000000000000000000000b2
:1036180000000000000000000000000000000000a2
:103628000000000000000000000000000000000092
:103638000000000000000000000000000000000082
:103648000000000000000000000000000000000072
:103658000000000000000000000000000000000062
:103668000000000000000000000000000000000052
:103678000000000000000000000000000000000042
:103688000000000000000000000000000000000032
:103698000000000000000000000000000000000022
:1036a8000000000000000000000000000000000012
:1036b8000000000000000000000000000000000002
:1036c80000000000000000000000000000000000f2
:1036d80000000000000000000000000000000000e2
:1036e80000000000000000000000000000000000d2
:1036f80000000000000000000000000000000000c2
:1037080000000000000000000000000000000000b1
:1037180000000000000000000000000000000000a1
:103728000000000000000000000000000000000091
:103738000000000000000000000000000000000081
:103748000000000000000000000000000000000071
:103758000000000000000000000000000000000061
:103768000000000000000000000000000000000051
:103778000000000000000000000000000000000041
:103788000000000000000000000000000000000031
:103798000000000000000000000000000000000021
:1037a8000000000000000000000000000000000011
:1037b8000000000000000000000000000000000001
:1037c80000000000000000000000000000000000f1
:1037d80000000000000000000000000000000000e1
:1037e80000000000000000000000000000000000d1
:1037f80000000000000000000000000000000000c1
:1038080000000000000000000000000000000000b0
:1038180000000000000000000000000000000000a0
:103828000000000000000000000000000000000090
:103838000000000000000000000000000000000080
:103848000000000000000000000000000000000070
:103858000000000000000000000000000000000060
:103868000000000000000000000000000000000050
:103878000000000000000000000000000000000040
:103888000000000000000000000000000000000030
:103898000000000000000000000000000000000020
:1038a8000000000000000000000000000000000010
:1038b8000000000000000000000000000000000000
:1038c80000000000000000000000000000000000f0
:1038d80000000000000000000000000000000000e0
:1038e80000000000000000000000000000000000d0
:1038f80000000000000000000000000000000000c0
:1039080000000000000000000000000000000000af
:10391800000000000000000000000000000000009f
:10392800000000000000000000000000000000008f
:10393800000000000000000000000000000000007f
:10394800000000000000000000000000000000006f
:10395800000000000000000000000000000000005f
:10396800000000000000000000000000000000004f
:10397800000000000000000000000000000000003f
:10398800000000000000000000000000000000002f
:10399800000000000000000000000000000000001f
:1039a800000000000000000000000000000000000f
:1039b80000000000000000000000000000000000ff
:1039c80000000000000000000000000000000000ef
:1039d80000000000000000000000000000000000df
:1039e80000000000000000000000000000000000cf
:1039f80000000000000000000000000000000000bf
:103a080000000000000000000000000000000000ae
:103a1800000000000000000000000000000000009e
:103a2800000000000000000000000000000000008e
:103a3800000000000000000000000000000000007e
:103a4800000000000000000000000000000000006e
:103a5800000000000000000000000000000000005e
:103a6800000000000000000000000000000000004e
:103a7800000000000000000000000000000000003e
:103a8800000000000000000000000000000000002e
:103a9800000000000000000000000000000000001e
:103aa800000000000000000000000000000000000e
:103ab80000000000000000000000000000000000fe
:103ac80000000000000000000000000000000000ee
:103ad80000000000000000000000000000000000de
:103ae80000000000000000000000000000000000ce
:103af80000000000000000000000000000000000be
:103b080000000000000000000000000000000000ad
:103b1800000000000000000000000000000000009d
:103b2800000000000000000000000000000000008d
:103b3800000000000000000000000000000000007d
:103b4800000000000000000000000000000000006d
:103b5800000000000000000000000000000000005d
:103b6800000000000000000000000000000000004d
:103b7800000000000000000000000000000000003d
:103b8800000000000000000000000000000000002d
:103b9800000000000000000000000000000000001d
:103ba800000000000000000000000000000000000d
:103bb80000000000000000000000000000000000fd
:103bc80000000000000000000000000000000000ed
:103bd80000000000000000000000000000000000dd
:103be80000000000000000000000000000000000cd
:103bf80000000000000000000000000000000000bd
:103c080000000000000000000000000000000000ac
:103c1800000000000000000000000000000000009c
:103c2800000000000000000000000000000000008c
:103c3800000000000000000000000000000000007c
:103c4800000000000000000000000000000000006c
:103c5800000000000000000000000000000000005c
:103c6800000000000000000000000000000000004c
:103c7800000000000000000000000000000000003c
:103c8800000000000000000000000000000000002c
:103c9800000000000000000000000000000000001c
:103ca800000000000000000000000000000000000c
:103cb80000000000000000000000000000000000fc
:103cc80000000000000000000000000000000000ec
:103cd80000000000000000000000000000000000dc
:103ce80000000000000000000000000000000000cc
:103cf80000000000000000000000000000000000bc
:103d080000000000000000000000000000000000ab
:103d1800000000000000000000000000000000009b
:103d2800000000000000000000000000000000008b
:103d3800000000000000000000000000000000007b
:103d4800000000000000000000000000000000006b
:103d5800000000000000000000000000000000005b
:103d6800000000000000000000000000000000004b
:103d7800000000000000000000000000000000003b
:103d8800000000000000000000000000000000002b
:103d9800000000000000000000000000000000001b
:103da800000000000000000000000000000000000b
:103db80000000000000000000000000000000000fb
:103dc80000000000000000000000000000000000eb
:103dd80000000000000000000000000000000000db
:103de80000000000000000000000000000000000cb
:103df80000000000000000000000000000000000bb
:103e080000000000000000000000000000000000aa
:103e1800000000000000000000000000000000009a
:103e2800000000000000000000000000000000008a
:103e3800000000000000000000000000000000007a
:103e4800000000000000000000000000000000006a
:103e5800000000000000000000000000000000005a
:103e6800000000000000000000000000000000004a
:103e7800000000000000000000000000000000003a
:103e8800000000000000000000000000000000002a
:103e9800000000000000000000000000000000001a
:103ea800000000000000000000000000000000000a
:103eb80000000000000000000000000000000000fa
:103ec80000000000000000000000000000000000ea
:103ed80000000000000000000000000000000000da
:103ee80000000000000000000000000000000000ca
:103ef80000000000000000000000000000000000ba
:103f080000000000000000000000000000000000a9
:103f18000000000000000000000000000000000099
:103f28000000000000000000000000000000000089
:103f38000000000000000000000000000000000079
:103f48000000000000000000000000000000000069
:103f58000000000000000000000000000000000059
:103f68000000000000000000000000000000000049
:103f78000000000000000000000000000000000039
:103f88000000000000000000000000000000000029
:103f98000000000000000000000000000000000019
:103fa8000000000000000000000000000000000009
:103fb80000000000000000000000000000000000f9
:103fc80000000000000000000000000000000000e9
:103fd80000000000000000000000000000000000d9
:103fe80000000000000000000000000000000000c9
:103ff80000000000000000003412000078560000a5
:10400800000000000000000009000000010000009e
:104018000000000000000000000000000000000098
:104028000000000000000000000000000000000088
:104038000000000000000000000000000000000078
:10404800000000000000000009000000010000005e
:104058000000000000000000000000000000000058
:104068000000000000000000000000000000000048
:104078000000000000000000000000000000000038
:10408800000000000000000009000000010000001e
:104098000000000000000000000000000000000018
:1040a8000000000000000000000000000000000008
:1040b80000000000000000000000000000000000f8
:1040c80000000000000000000900000001000000de
:1040d80000000000000000000000000000000000d8
:1040e80000000000000000000000000000000000c8
:1040f80000000000000000000000000000000000b8
:1041080000000000000000000000000000000000a7
:104118000000000000000000000000000000000097
:104128000000000000000000000000000000000087
:104138000000000000000000000000000000000077
:104148000000000000000000000000000000000067
:104158000000000000000000000000000000000057
:104168000000000000000000000000000000000047
:104178000000000000000000000000000000000037
:104188000000000000000000000000000000000027
:104198000000000000000000000000000000000017
:1041a8000000000000000000000000000000000007
:1041b80000000000000000000000000000000000f7
:1041c80000000000000000000000000000000000e7
:1041d80000000000000000000000000000000000d7
:1041e80000000000000000000000000000000000c7
:1041f80000000000000000000000000001010000b5
:104208000202000003030000041000000511000072
:1042180006120000071c0000081d0000091e00000f
:104228000a1f00000b2c00000c2d00000d2e0000b2
:104238000e2f00000f3c0000103d0000113e000052
:10424800123d0000134c0000144d0000154e0000f4
:10425800164f000017ff000018ff000019ff0000ac
:104268001aff00001bff00001cff00001dff0000dc
:104278001eff00001fff00002004000021050000b1
:104288002206000023070000241300002514000064
:104298002615000027200000282100002922000000
:1042a8002a2300002b3000002c3100002d320000a2
:1042b8002e3300002f400000304100003142000042
:1042c80032430000335000003451000035520000e2
:1042d8003653000037ff000038ff000039ff0000a8
:1042e8003aff00003bff00003cff00003dff0000dc
:1042f8003eff00003fff00004008000041090000a9
:10430800420a0000430b0000441600004517000055
:1043180046180000472400004825000049260000f0
:104328004a2700004b3400004c3500004d36000091
:104338004e3700004f440000504500005146000031
:1043480052470000535400005455000055560000d1
:104358005657000057ff000058ff000059ff0000a3
:104368005aff00005bff00005cff00005dff0000db
:104378005eff00005fff0000600c0000610d0000a0
:10438800620e0000630f000064190000651a000047
:10439800661b00006728000068290000692a0000e1
:1043a8006a2b00006b3800006c3900006d3a000081
:1043b8006e3b00006f48000070490000714a000021
:1043c800724b00007358000074590000755a0000c1
:1043d800765b000077ff000078ff000079ff00009f
:1043e8007aff00007bff00007cff00007dff0000db
:0843f8007eff00007fff0000c2
:020000040000fa
:020000040001f9
:10440000001000003a0400008000000000000000de
:00000001FF
