:020000040000fa
:080000000402040000000000ee
:020000040000fa
:080400000040da000000fe00dc
:020000040000fa
:1000080000020000000200000002000000020000e0
:1000180000020000000200000002000000020000d0
:10002800000200000002000000020000660f00004d
:1000380000020000000200000002000000020000b0
:10004800000200000002000000020000d20a0000c6
:10005800da0b0000000200000002000000020000ad
:100068000002000000020000000200000002000080
:100078000002000000020000000200000002000070
:10008800000200000002000000020000560f0000fd
:1000980000020000000200003c0b00000c0c0000f5
:1000a8000002000000020000000200000002000040
:1000b8000002000000020000000200000002000030
:1000c8000002000000020000000200000002000020
:1000d8000002000000020000000200000002000010
:1000e8000002000000020000000200000002000000
:1000f80000020000000200000002000000020000f0
:1001080000020000000200000002000000020000df
:1001180000020000000200000002000000020000cf
:1001280000020000000200000002000000020000bf
:1001380000020000000200000002000000020000af
:10014800000200000002000000020000000200009f
:10015800000200000002000000020000000200008f
:10016800000200000002000000020000000200007f
:10017800000200000002000000020000000200006f
:10018800000200000002000000020000000200005f
:10019800000200000002000000020000000200004f
:1001a800000200000002000000020000000200003f
:1001b800000200000002000000020000000200002f
:1001c800000200000002000000020000000200001f
:1001d800000200000002000000020000000200000f
:1001e80000020000000200000002000000020000ff
:1001f80000020000000200000002000000020000ef
:1002080000020000000200000002000000020000de
:1002180000020000000200000002000000020000ce
:1002280000020000000200000002000000020000be
:1002380000020000000200000002000000020000ae
:10024800000200000002000000020000000200009e
:10025800000200000002000000020000000200008e
:10026800000200000002000000020000000200007e
:0c02780000020000000200000002000074
:020000040000fa
:1004080020020400000000000000eb000007780054
:100418000c000900002f78000007eb000000060020
:10042800010821008018eb00403821000008e10095
:10043800fcff3a00000006000ff02100e0ff210059
:1004480000018800080202000000000014020200f7
:10045800000000000c06020000000000400620001a
:100468003e0c0200000000004e31ef000e2eef009f
:100478001e2eef000e0602000000000041012000c1
:10048800401f20003e0c0200000000008100e9002f
:10049800fbff3a0008020200000000000e060200fe
:1004a8000000000008030200000000001805020018
:1004b80000000000cc0502000000000000712200ce
:1004c8003e0c020000000000820202000000000052
:1004d80000000000000000000000000012050200fb
:1004e800000000000c050200000000006e0502007c
:1004f80000000000be030400000000004e31ef00c1
:10050800024eaf004e11a800026eaf004e31a80097
:100518000000060014eea80010eea800158ea80032
:10052800118ea800007122003e0c0200000000009d
:1005380014eea90010eea900158ea900118ea900cd
:10054800007122003e0c020000000000f1ff37009d
:1005580015eeaa0015eeaa0015eeaa0015eeaa00df
:1005680015eeaa0015eeaa0015eeaa0015eeaa00cf
:1005780015eeaa000060fe00e6ff37000060fe00ee
:100588000701ae0015eea9000701af0015eea8009f
:10059800faff37000188a9002188a9000168a9008d
:1005a8002168a900b00a2000a0118800a00020003e
:1005b800480c020000000000f6ff370000000600ab
:1005c8000060fe0000003700f0ff2f003e0c020024
:1005d8000000000030122000009488004022200013
:1005e8001094880050322000209488006042200037
:1005f80030948800705220004094880066090200f8
:1006080000000000eeff37000e2eef001e2eef0058
:100618000e0ea8000e2ea8001e0ea8001e2ea80062
:100628001e4ea8001e6ea8004000200000002000fa
:10063800001988000030200010198800f0002800f8
:100648002019880000002000901988000000200070
:1006580070198800000020008019880021e3a80094
:1006680000000600c350ae000000060008b1ae004e
:100678000d0037000991af000400370008b1a90048
:10068800a00f200010888800070037000851a80034
:100698000011e20002003a000871a80000000600fc
:1006a8000031ed00000006000871a9000211e20007
:1006b80002003a000851a900000006000231ed00ce
:1006c800000006000851ae00030037000851a900d9
:1006d8000871a900000006000851a8000871a800c8
:1006e80000000600fc30a900130eaf00030037001d
:1006f80013aeaf000100370008003700c831ec0026
:1007080040062000c811e300010031000000060087
:10071800c831ed00fc30a80000000600c831ef0029
:1007280000000600c3f0ae00000006000871aa0031
:100738000851aa0000000600c3d0ae000000060061
:100748009830ec000991ae00050037009830ae00f3
:1007580015eea8009830af0015eea90000000600bd
:100768009870ae0015eea8009870af0015eea900bd
:10077800000006000f91a8000fb1a8000060fe005d
:10078800a003020000000000360302000000000081
:10079800fc10a8007603020000000000fc50a9002d
:1007a8000851af00fc50a800fc70a9000871af0008
:1007b800fc70a800fc90a90008b1af00fc90a8004c
:1007c8000851af0014eea8000851ae0014eea900bd
:1007d8000871af00158ea8000871ae00158ea9002b
:1007e8003e0e020000000000340402000000000079
:1007f80048040200000000003e0e02000000000055
:100808005c040200000000003e0e02000000000030
:10081800f2060200000000003e0e02000000000088
:100828002a0a0200000000003e0e0200000000003c
:100838007c070200000000003e0e020000000000dd
:10084800ceff370000000600000006003222af008d
:100858003222a9002222af002222a90000000600ad
:10086800c230ef0030088000c090b6004220af00d0
:100878000000060010868800c430b700c0b0b6007b
:100888000060fe0000000600c830ef00500880003d
:10089800c690b6004220af000000060040868800df
:1008a800ca30b700c6b0b6000060fe0000000600ff
:1008b800c350ae00000006009630ec00a00f2000e8
:1008c8009610e300010039000991a9000832ec00f4
:1008d800800020000812e300010039000832ef0010
:1008e8004090800000060100070037003300370001
:1008f8003800370038003700380037003800370034
:1009080038003700380037000632ec00300020008d
:100918000612e30001003100000006000632ef0075
:100928000811a9009632ef0001402200a00a200019
:100938003c0a020000000000500520003c0a0200aa
:1009480000000000100020003c0a02000000000027
:10095800300020003c0a02000000000020092000ae
:100968003c0a020000000000200020003c0a0200af
:1009780000000000500220003c0a020000000000b5
:10098800300020003c0a0200000000001000200097
:100998003c0a020000000000500520003c0a02004a
:1009a80000000000a00a20003c0a0200000000002d
:1009b800080a02000000000000000600c631ec0032
:1009c800c0032000c611e300010039001a11a90074
:1009d80000000600000006000000060000000600f7
:1009e80000000600000006000000060000000600e7
:1009f8000021ef0000032a0020088800400620009c
:100a0800100888000068a9002068a80000000600f7
:100a180000032a00900888000000060000032a004e
:100a2800800888000000060021742000620420006d
:100a380073052000824878008348780042c7a900df
:100a480000f02f00c626b600a0022000c626b70078
:100a5800f00f20008826b600003020008826b70056
:100a68002174200062042000730520008248780069
:100a78008348780042c7a80000000600d06a20001a
:100a880040118800a00028000011880000402000c4
:100a9800101188004648a9004628a8004608a80062
:100aa8000188a9002188a800301180003011800039
:100ab80030118000301180000168a90045c8a900e4
:100ac80045a8a8004588a8000168a9002168a800d1
:100ad8000000060030022000c011880080002800b5
:100ae8008011880000402000901188001acea800cc
:100af8004fc8a9004fa8a8004f88a80003e8a9007c
:100b080023e8a800b0118000b0118000b011800067
:100b1800b011800003c8a9004f48a9004f28a800b9
:100b28004f08a80003c8a90023c8a80000000600b1
:100b38001000200004003700700020000200370079
:100b48007000200000003700317420008207200068
:100b5800a30920000300fc0082487800834878003d
:100b680043e7b700217420006204200073052000c9
:100b78000300fc0082487800834878004207a800f8
:100b88000060fe004207af00fdff370000000600ce
:100b98004427ef000003200050042000303a88006a
:100ba800000020004427b700000020004427b700b9
:100bb800000020004427b7000000000000000000eb
:100bc80000000000007122003e0c0200000000003e
:100bd80000000000000000000000000010002000dd
:100be800a80502000000000000002000403a88002c
:100bf800000006000060fe00b00a200020118800f6
:100c0800007122003e0c020000000000f9ff3700ce
:100c180000000600100ea800102ea800002ea80044
:100c2800106ea800004ea800006ea80014eea900df
:100c380010eea900110ea800152ea900112ea9006a
:100c4800114ea800156ea800116ea900158ea900f6
:100c5800118ea90011aea80015eea90011eea90089
:100c6800000ea800104ea8000a4ea8000a6ea800a0
:100c78001d0ea8001daea800000006000f11af0051
:100c8800030037000f51af000600370000000600d0
:100c98000f11a90060928000809288000100220054
:100ca800050037000f51a9007092800080928800db
:100cb8000110220000003700c1938800310078003d
:100cc800e084880031007800f084880031007800e2
:100cd8000085880031007800108588003100780090
:100ce800208588003100780030858800e084800005
:100cf800f00fb2006100e1000100320000000600c0
:100d0800f08480000080fd00f00fb2006200e10076
:100d18000100320000000600008580000080fd0010
:100d2800f00fb2006300e10001003200000006008d
:100d3800e08480000080fd00f00fb200008488008d
:100d4800001020008010bc00b2888800f084800069
:100d580000c0fd00f000b2000084880000012000ff
:100d68008010bc00020078001631b400f0848000c6
:100d7800f000b2001631b4000085800000c0fd000c
:100d8800f000b20000848800000120008010bc0040
:100d9800c288880000858000f000b2001831b400d5
:100da8001a71a900a210af001a71a8001a91a9001f
:100db800a230af001a91a8001ab1a900a250af0042
:100dc8001ab1a8001ad1a900a270af001ad1a800c0
:100dd8001a11a800c631ef00000006000f31af005d
:100de800030037000f71af0006003700000006004f
:100df8000f31a90010938000309388000120220051
:100e0800050037000f71a9002093800030938800f7
:100e18000130220000003700c193880031007800bb
:100e2800d0868800725322000200e10004003200dc
:100e3800f2ff2f000200e10001003200000006006e
:100e480031007800e0868800728a80000220a000c5
:100e58000200e10004003200f2ff2f000200e1006e
:100e6800010032000000060031007800f08688009a
:100e780000b02a00de10e300010032000000060086
:100e880031007800e093880031007800f093880002
:100e98003100780050948800310078006094880010
:100ea80031007800709488003100780080948800c0
:100eb800f09380000080fd00f00fb2006000e100b8
:100ec80002003a008e080400000000007000e100f3
:100ed80002003a00f407040000000000e000e1000e
:100ee80002003a001208040000000000000006009a
:100ef80030088000d210b50000f0a60000000600ff
:100f080070868000ce30ef003000b200000601008d
:100f180002003700020037003000370000000600ea
:100f280070532200a0868800708a80000020a000ec
:100f3800b086880000c02a00c08688000000210012
:100f48000094880000002000109488000000200011
:100f5800209488000000200030948800a000200021
:100f680040948800a3292100e08780008019780038
:100f7800a087800080197800808780008019780019
:100f88009087800080197800d087800080197800c9
:100f9800c087800080197800b087800080197800a9
:100fa800d088800080197800b08880008019780087
:100fb800c088800080197800a02921000080510095
:100fc8004100de00c09488000811a800a329210070
:100fd800660902000000000000000600000006008c
:100fe800f0938000f00fb2006100e10001003900c9
:100ff8000000060000060100000037009630ef00f0
:101008000991a800a00020000601b400908688007d
:10101800100020007086880000000600f093800011
:10102800f00fb2006800e10001003900000006007e
:101038000006010007003700110037001b003700c9
:10104800230037002b0037002b0037002b00370018
:101058002f00370012002000708a80000010dd0089
:101068008a32b60001003a000000060008b1a80064
:10107800900120009012bc00028888000000060041
:1010880012002000708a80000010dd008a32b6004d
:1010980001003a000000060008b1a90090012000f4
:1010a8009012bc0012888800000006001200200080
:1010b800708a80000010dd008a32b60001003a0014
:1010c8000000060008d1a8001a31a8000000060098
:1010d80012002000708a80000010dd008a32b600fd
:1010e80001003a000000060008d1a9001a31a90041
:1010f80000000600000006000000060008d1a90054
:101108001a31a90008b1a900fc90a9000000060046
:1011180000000600f0938000f000b2000006010015
:101128001100370011003700110037001100370097
:101138001100370011003700110037000800370090
:1011480007003700060037000500370004003700a5
:10115800030037000b00370002003700000037009b
:10116800000006000000060000000600000006005f
:10117800000006000000060000000600000006004f
:10118800000006007c32ed007c32ed008001eb00af
:101198003102780003006a00f00fb2000c003a0038
:1011a8008301e8000480fd0003006a00f00fb2002c
:1011b80007003a008301e800e09380000018e1008e
:1011c800f3ff3900360902000000000000000600a5
:1011d8006009020000000000000006000100a700ee
:1011e8000400370011007800f00fb2008100e80019
:1011f800000006000100a100110078000080fd0039
:10120800f00fb2008180e80000000600821f78001d
:10121800f20802000000000000017800f208020055
:10122800000000000080fd00020070004f017800ff
:1012380000000600b093800000f0a0000094880031
:1012480020003700f09380007ff2a8000094880007
:101258008232ef008432ef008632ef008832ef00ee
:10126800180037000000200000948800150037009f
:101278001000200000948800120037002000200091
:10128800009488000f003700300020000094880088
:101298000c00370040002000009488000900370047
:1012a80050002000009488000600370060002000ed
:1012b8000094880003003700700020000094880024
:1012c80000003700b809020000000000a086800076
:1012d800e209020000000000b0868000e209020076
:1012e80000000000c0868000e20902000000000043
:1012f800a00020009812b4009812b400e20902007d
:101308000000000000948000e209020000000000d4
:1013180010948000e2090200000000002094800080
:10132800e20902000000000030948000e209020097
:101338000000000040948000e20902000000000064
:101348009812e2000500320033007800e20902003a
:10135800000000009832ed00f9ff3700f2090200a2
:1013680000000000000006000811ae000e11a900e0
:101378000811af000e31a9009632ef00b00a200024
:10138800909488009432ef000811ae0001402200ca
:101398000811af0001502200a00e20003c0a0200f4
:1013a800000000000000060092b2b6009432b400bb
:1013b800520a02000000000000000600801f7800aa
:1013c800d8090200000000004f0078000080fd00ee
:1013d800d809020000000000000006009094800078
:1013e800520a020000000000a0948000520a020085
:1013f80000000000b00e20003c0a020000000000bf
:101408000811af00070037009612f8005412f900cf
:101418005232ef000e11a8000ed1a9000188a800d1
:10142800000006009612f8006a12f9006832ef0010
:101438000e31a8000fb1a9000ef1a900152ea800c1
:101448000891a80003e8a800000006000ef1ae000d
:10145800000006003302ae00000006000ef1a900ed
:10146800152ea9000891a9000fb1a80000000600d8
:10147800f00fb2009612af00030037008008780022
:101488009632ec00000006000080fd009108400044
:101498008180e8009632ec0000000600821f780088
:1014a800f00fb200a20e20000200e1000800320096
:1014b800b20e20000200e10005003200c20e20003a
:1014c8000200e100020032004f017800e8ff370017
:1014d800801f7800c00e20003c0a020000000000b7
:1014e800b20a20004f007800000069003c0a0200a0
:1014f800000000004f017800000006000030a7003f
:101508000a0037007000b200000601001000050054
:1015180020000500400005008000050000010500ce
:10152800000205000004050000080500860a020004
:10153800000000000080fd00000006000030a70049
:10154800faff37007000b20000060100000805002d
:1015580000040500000205000001050080000500e8
:10156800400005002000050010000500a60a020042
:10157800000000000080fd00000006004200f800a6
:10158800801f78000288a9004f0078004200f90007
:10159800004006000288a900004006004200f8004a
:1015a800801f7800811f78000168a9003111800030
:1015b800f10fb200d0848000f00fb2000080fd006f
:1015c80001007000d084880050a52a009a10e3001a
:1015d80003003a000831a8004a32ef002000370023
:1015e8000831ae001e003700000022000e51af0087
:1015f800001022004a12b4000000a1004a12af00f5
:101608000200370001087800030037000180fd0060
:10161800108840000180fd004a32ec009000200054
:101628004a12e3000e0039000831a900a05a25002b
:101638009a10e3000a003a00509280000e51ae0062
:10164800609288000e51af00709288000e51ae0073
:101658000f11a8000e51af000f51a8000e51aa009b
:10166800cf0078004f0078004200f90000400600e3
:101678004200f800801f7800811f780003c8a90085
:10168800b1118000f10fb2000fb1ae004300370076
:10169800a00e20000100e10022003200b00e200060
:1016a8000100e10024003200c00e20000100e1002a
:1016b80037003200b00a20000eb1af008100680088
:1016c8000eb1a900001020006012e30032003100c2
:1016d800002022000e71af00003022006012b4001a
:1016e8000000a1006012af00020037000108780076
:1016f800030037000180fd00108840000180fd00d4
:10170800809380009093880001007800809388007f
:10171800010078006e32b4006cb2b6006032ec00a2
:101728001e0037000eb1a9006032ef006e32ef00e4
:101738006c32ef00190037000eb1a900b00a200082
:101748006c92b6007092b60014003a008093800044
:101758007012b4007212b4006e92b600f00fb200ac
:101768000e003a00009380000e71ae0010938800be
:101778000e71af00209388000e71ae000f31a800e3
:101788000e71af000f71a8000e71aa000300370098
:101798000eb1a8000100370000000000cf0078005b
:1017a8004f0078004200f900004006004200f800af
:1017b800801f7800811f78000188a9000e11ae00f3
:1017c8000f00370001402200909280008100400005
:1017d8000100a100110078005212af000080fd0046
:1017e800f00fb200201188005232ec00a092800065
:1017f8005212e300020039000e11a9000ed1a80010
:10180800cf0078004f0078004200f9000040060041
:101818004200f800801f7800811f780003e8a900c3
:101828000e31ae000f0037000150220040938000b7
:10183800810040000100a100110078006812af008b
:101848000080fd00f00fb200a01188006832ec00a3
:10185800509380006812e300020039000e31a9009d
:101868000ef1a800cf0078004f0078004200f90080
:10187800004006000060fe000000e900fdff3a009d
:1018880000000600100020008010f8008210f80008
:10189800108488003008800000848800300c200004
:1018a800101020008030b4000060fe00008480002a
:1018b8000601b50000f0a700fbff37008230ed00fd
:1018c800f4ff3a008210f9008010f90000000600c9
:1018d8000e000900000000000000e900fcff3a00cb
:1018e80000000600808b800000060100020037001f
:1018f800060037000e0037002023a90030088000ba
:10190800e08888007031ec0000000600e088800064
:101918000601b50000848800900120008010e300d3
:1019280001003100000006007031ec0000000600e4
:1019380001a8ae000000060001a8a9007031ef0060
:10194800fa32ec0040002000fa12e30001003900ee
:10195800fa32ef00a12d2100d09780004300dd006e
:10196800810040000018800080187800301880003e
:1019780080187800201880008018780010188000df
:1019880080187800a12d21001100780000848800bb
:101998008100b00011007800108488008100b00038
:1019a80011007800208488008100b00011007800c0
:1019b80030848800420d020000000000e097880093
:1019c800c12d210011007800008488008100b0003a
:1019d80011007800108488008100b00011007800a0
:1019e800208488008100b0001100780030848800cd
:1019f800420d020000000000f0978800e12d210050
:101a080011007800008488008100b000110078007f
:101a1800108488008100b0001100780020848800bc
:101a28008100b0001100780030848800420d020067
:101a38000000000000988800012e210011007800a5
:101a4800008488008100b0001100780010848800ac
:101a58008100b00011007800208488008100b00067
:101a68001100780030848800420d02000000000058
:101a78001098880003f3a800000006000084800086
:101a88008210e30004003600008480008290b600d3
:101a980080b0b60082b0b600108480008410e300e5
:101aa80004003600108480008490b60082b0b6002e
:101ab80084b0b600208480008610e300040036005d
:101ac800208480008690b60084b0b60086b0b60048
:101ad800108480008410e300040036001084800025
:101ae8008490b60082b0b60084b0b600008480004e
:101af8008210e30004003600008480008290b60063
:101b080080b0b60082b0b600208480008210b40095
:101b18004100de00000006000971a9004019880094
:101b28002023a800400120002a0e02000000000027
:101b38002023a900be30ef00be30ec00bf10af007c
:101b4800000006002003ae00fbff37000971a80063
:101b58000000060040002000900d02000000000078
:101b68000971ae00080037000018800060878800ff
:101b78001018800070878800fa0d0200000000002d
:101b8800ca0d02000000000000000600c0878000a7
:101b9800ec10e30003003900ec10f800f810f9002d
:101ba8000000060060878000f810b50042012000a0
:101bb8000200e10005003100f810e20001003200e7
:101bc800f830ed000431ef00000006000431ec00ad
:101bd800400620000411e300010031000000060067
:101be800ec10f800f810f90000000600808780006b
:101bf800ee10e30003003900ee10f800f010f900d1
:101c08000000060070878000f010b5004201200037
:101c18000200e10005003100f010e200010032008e
:101c2800f030ed000631ef00000006000631ec0050
:101c3800400620000611e300010031000000060004
:101c4800ee10f800f010f900000006000000000097
:101c58000000e900fdff3a00000006003000b20075
:101c680000060100200005003000050040000500c6
:101c780050000500808b80004200de00320e02001a
:101c880000000000900d0200000000000115210076
:101c9800808b800081004000810040000018800097
:101ca800800878001018800070878800201880004d
:101cb80060878800000000000000000000000000ad
:101cc8000000000000000000fa0d02000000000003
:101cd800ca0d0200000000007031ec000001200075
:101ce8007011e30001003100000006007031ef00c0
:101cf8005011f8008010f9005211f8008210f90014
:101d08005411f8008410f9005611f8008610f900f3
:101d1800420d020000000000a08788005811f8005a
:101d28008010f9005a11f8008210f9005c11f800cf
:101d38008410f9005e11f8008610f900420d0200c7
:101d480000000000b08788006011f8008010f900da
:101d58006211f8008210f9006411f8008410f9008b
:101d68006611f8008610f900420d0200000000001c
:101d7800908788006811f8008010f9006a11f8004f
:101d88008210f9006c11f8008410f9006e11f80047
:101d98008610f900420d020000000000d08788007c
:101da800000006003000b200000601000400370001
:101db8000c0037000e0037007031ef0000000600fd
:101dc800bc30ef0000878000401988002023a8005d
:101dd800a00020006c0c0200000000007031ec0034
:101de800000006002023a9007031ec000000060066
:101df8002003af0008003700bc30ec00007122005f
:101e0800bc10e300010031000000060000000000e3
:101e18007031ef00000006007031ef00410e210024
:101e2800108780004100dd0081004000001880001c
:101e380080087800e230ec0040002000e210e30067
:101e48000100310000000600e230ef00e410f80065
:101e58008010f900e610f8008210f900e810f80088
:101e68008410f900ea10f8008610f900420d02000b
:101e780000000000010f210002878000810041005e
:101e88008100410080087800e030ec00600020000c
:101e9800e010e3000100310000000600e030ef0030
:101ea800000006004200f800801f7800811f7800bb
:101eb8000368a900cf0078004f0078004200f900bd
:101ec8000040060000a0fe000068a9000080fe0097
:101ed80000400600a00f2000a0028800010020009a
:101ee800b208bb00b298bb00b208bb00b298bb00f6
:101ef8005420ef0000000600518488008830ef006d
:101f08005420ef00810b2100408480004300dd0055
:101f1800810040003100ba00008488003100ba0016
:101f2800108488003100ba00208488003100ba008b
:101f3800308488008010e20001003a0000000600aa
:101f4800008480008a10e300020032008830ec0030
:101f5800ebff370001c02200408480008100400070
:101f680081004000528480001200780080087800c8
:101f780000000600811f7800dc0f0200000000004e
:101f8800cf007800800f020000000000ee0f020072
:101f98000000000001003a000000060004100200e2
:101fa800000000004a1002000000000000000600c7
:101fb80002c022005420ef0001002a004300200044
:101fc8003100ba00001978008301e900fcff3a00eb
:101fd800000006005420ef0001002a004300200002
:101fe80002c022003100ba0032006800010032004d
:101ff800000006008301e900faff3a00000006002d
:10200800c3e8a90000002000a805020000000000a5
:102018004210020000000000000020006039880023
:1020280000002a0050398800300024004039880018
:102038000a00fc005005200070398800a00a200022
:102048007039880029e7a80000000000000000009f
:102058000000000000000000000000004210020024
:10206800000000000000200040398800cc05020074
:1020780000000000c3e8a800000006000060fe00a1
:1020880029e7af00fdff370000000600c3e8a900fc
:1020980000002000a8050200000000004210020015
:1020a800000000008001eb0000002000603988007b
:1020b80000002a0003004000030040000300400025
:1020c800030040005039880002c02200028141000c
:1020d800028141000281410002814100a00f2000dd
:1020e800a002880001002000b208bb008398bb0052
:1020f800b208bb008398bb005420ef0010002400f6
:10210800403988000a00fc0050052000703988001a
:10211800a00a20007039880029e7a8000000000004
:1021280000000000000000000000000000000000a7
:1021380042100200000000008301e8004000200077
:102148000000e8004180de000018e100d6ff3900f9
:102158000000200040398800cc0502000000000083
:10216800c3e8a800000006000413000000000000f7
:10217800000000000000000006130000010000003d
:10218800000000000000000008130000020000002a
:1021980000000000000000000a1300000300000017
:1021a8000000000000000000000000000000000027
:1021b8000000000000000000000000000000000017
:1021c8000000000000000000000000000000000007
:1021d80000000000000000000000000000000000f7
:1021e80000000000000000000000000000000000e7
:1021f80000000000000000000000000000000000d7
:1022080000000000000000000000000000000000c6
:1022180000000000000000000000000000000000b6
:1022280000000000000000000000000000000000a6
:102238000000000000000000000000000000000096
:102248000000000000000000000000000000000086
:102258000000000000000000000000000000000076
:102268000000000000000000000000000000000066
:102278000000000000000000000000000000000056
:102288000000000000000000000000000000000046
:102298000000000000000000000000000000000036
:1022a8000000000000000000000000000000000026
:1022b8000000000000000000000000000000000016
:1022c8000000000000000000000000000000000006
:1022d80000000000000000000000000000000000f6
:1022e80000000000000000000000000000000000e6
:1022f80000000000000000000000000000000000d6
:1023080000000000000000000000000000000000c5
:1023180000000000000000000000000000000000b5
:1023280000000000000000000000000000000000a5
:102338000000000000000000000000000000000095
:102348000000000000000000000000000000000085
:102358000000000000000000000000000000000075
:102368000000000000000000000000000000000065
:102378000000000000000000000000000000000055
:102388000000000000000000000000000000000045
:102398000000000000000000000000000000000035
:1023a8000000000000000000000000000000000025
:1023b8000000000000000000000000000000000015
:1023c8000000000000000000000000000000000005
:1023d80000000000000000000000000000000000f5
:1023e80000000000000000000000000000000000e5
:1023f80000000000000000000000000000000000d5
:1024080000000000000000000000000000000000c4
:1024180000000000000000000000000000000000b4
:1024280000000000000000000000000000000000a4
:102438000000000000000000000000000000000094
:102448000000000000000000000000000000000084
:102458000000000000000000000000000000000074
:102468000000000000000000000000000000000064
:102478000000000000000000000000000000000054
:102488000000000000000000000000000000000044
:102498000000000000000000000000000000000034
:1024a8000000000000000000000000000000000024
:1024b8000000000000000000000000000000000014
:1024c8000000000000000000000000000000000004
:1024d80000000000000000000000000000000000f4
:1024e80000000000000000000000000000000000e4
:1024f80000000000000000000000000000000000d4
:1025080000000000000000000000000000000000c3
:1025180000000000000000000000000000000000b3
:1025280000000000000000000000000000000000a3
:102538000000000000000000000000000000000093
:102548000000000000000000000000000000000083
:102558000000000000000000000000000000000073
:102568000000000000000000000000000000000063
:102578000000000000000000000000000000000053
:102588000000000000000000000000000000000043
:102598000000000000000000000000000000000033
:1025a8000000000000000000000000000000000023
:1025b8000000000000000000000000000000000013
:1025c8000000000000000000000000000000000003
:1025d80000000000000000000000000000000000f3
:1025e80000000000000000000000000000000000e3
:1025f80000000000000000000000000000000000d3
:1026080000000000000000000000000000000000c2
:1026180000000000000000000000000000000000b2
:1026280000000000000000000000000000000000a2
:102638000000000000000000000000000000000092
:102648000000000000000000000000000000000082
:102658000000000000000000000000000000000072
:102668000000000000000000000000000000000062
:102678000000000000000000000000000000000052
:102688000000000000000000000000000000000042
:102698000000000000000000000000000000000032
:1026a8000000000000000000000000000000000022
:1026b8000000000000000000000000000000000012
:1026c8000000000000000000000000000000000002
:1026d80000000000000000000000000000000000f2
:1026e80000000000000000000000000000000000e2
:1026f80000000000000000000000000000000000d2
:1027080000000000000000000000000000000000c1
:1027180000000000000000000000000000000000b1
:1027280000000000000000000000000000000000a1
:102738000000000000000000000000000000000091
:102748000000000000000000000000000000000081
:102758000000000000000000000000000000000071
:102768000000000000000000000000000000000061
:102778000000000000000000000000000000000051
:102788000000000000000000000000000000000041
:102798000000000000000000000000000000000031
:1027a8000000000000000000000000000000000021
:1027b8000000000000000000000000000000000011
:1027c8000000000000000000000000000000000001
:1027d80000000000000000000000000000000000f1
:1027e80000000000000000000000000000000000e1
:1027f80000000000000000000000000000000000d1
:1028080000000000000000000000000000000000c0
:1028180000000000000000000000000000000000b0
:1028280000000000000000000000000000000000a0
:102838000000000000000000000000000000000090
:102848000000000000000000000000000000000080
:102858000000000000000000000000000000000070
:102868000000000000000000000000000000000060
:102878000000000000000000000000000000000050
:102888000000000000000000000000000000000040
:102898000000000000000000000000000000000030
:1028a8000000000000000000000000000000000020
:1028b8000000000000000000000000000000000010
:1028c8000000000000000000000000000000000000
:1028d80000000000000000000000000000000000f0
:1028e80000000000000000000000000000000000e0
:1028f80000000000000000000000000000000000d0
:1029080000000000000000000000000000000000bf
:1029180000000000000000000000000000000000af
:10292800000000000000000000000000000000009f
:10293800000000000000000000000000000000008f
:10294800000000000000000000000000000000007f
:10295800000000000000000000000000000000006f
:10296800000000000000000000000000000000005f
:10297800000000000000000000000000000000004f
:10298800000000000000000000000000000000003f
:10299800000000000000000000000000000000002f
:1029a800000000000000000000000000000000001f
:1029b800000000000000000000000000000000000f
:1029c80000000000000000000000000000000000ff
:1029d80000000000000000000000000000000000ef
:1029e80000000000000000000000000000000000df
:1029f80000000000000000000000000000000000cf
:102a080000000000000000000000000000000000be
:102a180000000000000000000000000000000000ae
:102a2800000000000000000000000000000000009e
:102a3800000000000000000000000000000000008e
:102a4800000000000000000000000000000000007e
:102a5800000000000000000000000000000000006e
:102a6800000000000000000000000000000000005e
:102a7800000000000000000000000000000000004e
:102a8800000000000000000000000000000000003e
:102a9800000000000000000000000000000000002e
:102aa800000000000000000000000000000000001e
:102ab800000000000000000000000000000000000e
:102ac80000000000000000000000000000000000fe
:102ad80000000000000000000000000000000000ee
:102ae80000000000000000000000000000000000de
:102af80000000000000000000000000000000000ce
:102b080000000000000000000000000000000000bd
:102b180000000000000000000000000000000000ad
:102b2800000000000000000000000000000000009d
:102b3800000000000000000000000000000000008d
:102b4800000000000000000000000000000000007d
:102b5800000000000000000000000000000000006d
:102b6800000000000000000000000000000000005d
:102b7800000000000000000000000000000000004d
:102b8800000000000000000000000000000000003d
:102b9800000000000000000000000000000000002d
:102ba800000000000000000000000000000000001d
:102bb800000000000000000000000000000000000d
:102bc80000000000000000000000000000000000fd
:102bd80000000000000000000000000000000000ed
:102be80000000000000000000000000000000000dd
:102bf80000000000000000000000000000000000cd
:102c080000000000000000000000000000000000bc
:102c180000000000000000000000000000000000ac
:102c2800000000000000000000000000000000009c
:102c3800000000000000000000000000000000008c
:102c4800000000000000000000000000000000007c
:102c5800000000000000000000000000000000006c
:102c6800000000000000000000000000000000005c
:102c7800000000000000000000000000000000004c
:102c8800000000000000000000000000000000003c
:102c9800000000000000000000000000000000002c
:102ca800000000000000000000000000000000001c
:102cb800000000000000000000000000000000000c
:102cc80000000000000000000000000000000000fc
:102cd80000000000000000000000000000000000ec
:102ce80000000000000000000000000000000000dc
:102cf80000000000000000000000000000000000cc
:102d080000000000000000000000000000000000bb
:102d180000000000000000000000000000000000ab
:102d2800000000000000000000000000000000009b
:102d3800000000000000000000000000000000008b
:102d4800000000000000000000000000000000007b
:102d5800000000000000000000000000000000006b
:102d6800000000000000000000000000000000005b
:102d7800000000000000000000000000000000004b
:102d8800000000000000000000000000000000003b
:102d9800000000000000000000000000000000002b
:102da800000000000000000000000000000000001b
:102db800000000000000000000000000000000000b
:102dc80000000000000000000000000000000000fb
:102dd80000000000000000000000000000000000eb
:102de80000000000000000000000000000000000db
:102df80000000000000000000000000000000000cb
:102e080000000000000000000000000000000000ba
:102e180000000000000000000000000000000000aa
:102e2800000000000000000000000000000000009a
:102e3800000000000000000000000000000000008a
:102e4800000000000000000000000000000000007a
:102e5800000000000000000000000000000000006a
:102e6800000000000000000000000000000000005a
:102e7800000000000000000000000000000000004a
:102e8800000000000000000000000000000000003a
:102e9800000000000000000000000000000000002a
:102ea800000000000000000000000000000000001a
:102eb800000000000000000000000000000000000a
:102ec80000000000000000000000000000000000fa
:102ed80000000000000000000000000000000000ea
:102ee80000000000000000000000000000000000da
:102ef80000000000000000000000000000000000ca
:102f080000000000000000000000000000000000b9
:102f180000000000000000000000000000000000a9
:102f28000000000000000000000000000000000099
:102f38000000000000000000000000000000000089
:102f48000000000000000000000000000000000079
:102f58000000000000000000000000000000000069
:102f68000000000000000000000000000000000059
:102f78000000000000000000000000000000000049
:102f88000000000000000000000000000000000039
:102f98000000000000000000000000000000000029
:102fa8000000000000000000000000000000000019
:102fb8000000000000000000000000000000000009
:102fc80000000000000000000000000000000000f9
:102fd80000000000000000000000000000000000e9
:102fe80000000000000000000000000000000000d9
:102ff80000000000000000000000000000000000c9
:1030080000000000000000000000000000000000b8
:1030180000000000000000000000000000000000a8
:103028000000000000000000000000000000000098
:103038000000000000000000000000000000000088
:103048000000000000000000000000000000000078
:103058000000000000000000000000000000000068
:103068000000000000000000000000000000000058
:103078000000000000000000000000000000000048
:103088000000000000000000000000000000000038
:103098000000000000000000000000000000000028
:1030a8000000000000000000000000000000000018
:1030b8000000000000000000000000000000000008
:1030c80000000000000000000000000000000000f8
:1030d80000000000000000000000000000000000e8
:1030e80000000000000000000000000000000000d8
:1030f80000000000000000000000000000000000c8
:1031080000000000000000000000000000000000b7
:1031180000000000000000000000000000000000a7
:103128000000000000000000000000000000000097
:103138000000000000000000000000000000000087
:103148000000000000000000000000000000000077
:103158000000000000000000000000000000000067
:103168000000000000000000000000000000000057
:103178000000000000000000000000000000000047
:103188000000000000000000000000000000000037
:103198000000000000000000000000000000000027
:1031a8000000000000000000000000000000000017
:1031b8000000000000000000000000000000000007
:1031c80000000000000000000000000000000000f7
:1031d80000000000000000000000000000000000e7
:1031e80000000000000000000000000000000000d7
:1031f80000000000000000000000000000000000c7
:1032080000000000000000000000000000000000b6
:1032180000000000000000000000000000000000a6
:103228000000000000000000000000000000000096
:103238000000000000000000000000000000000086
:103248000000000000000000000000000000000076
:103258000000000000000000000000000000000066
:103268000000000000000000000000000000000056
:103278000000000000000000000000000000000046
:103288000000000000000000000000000000000036
:103298000000000000000000000000000000000026
:1032a8000000000000000000000000000000000016
:1032b8000000000000000000000000000000000006
:1032c80000000000000000000000000000000000f6
:1032d80000000000000000000000000000000000e6
:1032e80000000000000000000000000000000000d6
:1032f80000000000000000000000000000000000c6
:1033080000000000000000000000000000000000b5
:1033180000000000000000000000000000000000a5
:103328000000000000000000000000000000000095
:103338000000000000000000000000000000000085
:103348000000000000000000000000000000000075
:103358000000000000000000000000000000000065
:103368000000000000000000000000000000000055
:103378000000000000000000000000000000000045
:103388000000000000000000000000000000000035
:103398000000000000000000000000000000000025
:1033a8000000000000000000000000000000000015
:1033b8000000000000000000000000000000000005
:1033c80000000000000000000000000000000000f5
:1033d80000000000000000000000000000000000e5
:1033e80000000000000000000000000000000000d5
:1033f80000000000000000000000000000000000c5
:1034080000000000000000000000000000000000b4
:1034180000000000000000000000000000000000a4
:103428000000000000000000000000000000000094
:103438000000000000000000000000000000000084
:103448000000000000000000000000000000000074
:103458000000000000000000000000000000000064
:103468000000000000000000000000000000000054
:103478000000000000000000000000000000000044
:103488000000000000000000000000000000000034
:103498000000000000000000000000000000000024
:1034a8000000000000000000000000000000000014
:1034b8000000000000000000000000000000000004
:1034c80000000000000000000000000000000000f4
:1034d80000000000000000000000000000000000e4
:1034e80000000000000000000000000000000000d4
:1034f80000000000000000000000000000000000c4
:1035080000000000000000000000000000000000b3
:1035180000000000000000000000000000000000a3
:103528000000000000000000000000000000000093
:103538000000000000000000000000000000000083
:103548000000000000000000000000000000000073
:103558000000000000000000000000000000000063
:103568000000000000000000000000000000000053
:103578000000000000000000000000000000000043
:103588000000000000000000000000000000000033
:103598000000000000000000000000000000000023
:1035a8000000000000000000000000000000000013
:1035b8000000000000000000000000000000000003
:1035c80000000000000000000000000000000000f3
:1035d80000000000000000000000000000000000e3
:1035e80000000000000000000000000000000000d3
:1035f80000000000000000000000000000000000c3
:1036080000000000000000000000000000000000b2
:1036180000000000000000000000000000000000a2
:103628000000000000000000000000000000000092
:103638000000000000000000000000000000000082
:103648000000000000000000000000000000000072
:103658000000000000000000000000000000000062
:103668000000000000000000000000000000000052
:103678000000000000000000000000000000000042
:103688000000000000000000000000000000000032
:103698000000000000000000000000000000000022
:1036a8000000000000000000000000000000000012
:1036b8000000000000000000000000000000000002
:1036c80000000000000000000000000000000000f2
:1036d80000000000000000000000000000000000e2
:1036e80000000000000000000000000000000000d2
:1036f80000000000000000000000000000000000c2
:1037080000000000000000000000000000000000b1
:1037180000000000000000000000000000000000a1
:103728000000000000000000000000000000000091
:103738000000000000000000000000000000000081
:103748000000000000000000000000000000000071
:103758000000000000000000000000000000000061
:103768000000000000000000000000000000000051
:103778000000000000000000000000000000000041
:103788000000000000000000000000000000000031
:103798000000000000000000000000000000000021
:1037a8000000000000000000000000000000000011
:1037b8000000000000000000000000000000000001
:1037c80000000000000000000000000000000000f1
:1037d80000000000000000000000000000000000e1
:1037e80000000000000000000000000000000000d1
:1037f80000000000000000000000000000000000c1
:1038080000000000000000000000000000000000b0
:1038180000000000000000000000000000000000a0
:103828000000000000000000000000000000000090
:103838000000000000000000000000000000000080
:103848000000000000000000000000000000000070
:103858000000000000000000000000000000000060
:103868000000000000000000000000000000000050
:103878000000000000000000000000000000000040
:103888000000000000000000000000000000000030
:103898000000000000000000000000000000000020
:1038a8000000000000000000000000000000000010
:1038b8000000000000000000000000000000000000
:1038c80000000000000000000000000000000000f0
:1038d80000000000000000000000000000000000e0
:1038e80000000000000000000000000000000000d0
:1038f80000000000000000000000000000000000c0
:1039080000000000000000000000000000000000af
:10391800000000000000000000000000000000009f
:10392800000000000000000000000000000000008f
:10393800000000000000000000000000000000007f
:10394800000000000000000000000000000000006f
:10395800000000000000000000000000000000005f
:10396800000000000000000000000000000000004f
:10397800000000000000000000000000000000003f
:10398800000000000000000000000000000000002f
:10399800000000000000000000000000000000001f
:1039a800000000000000000000000000000000000f
:1039b80000000000000000000000000000000000ff
:1039c80000000000000000000000000000000000ef
:1039d80000000000000000000000000000000000df
:1039e80000000000000000000000000000000000cf
:1039f80000000000000000000000000000000000bf
:103a080000000000000000000000000000000000ae
:103a1800000000000000000000000000000000009e
:103a2800000000000000000000000000000000008e
:103a3800000000000000000000000000000000007e
:103a4800000000000000000000000000000000006e
:103a5800000000000000000000000000000000005e
:103a6800000000000000000000000000000000004e
:103a7800000000000000000000000000000000003e
:103a8800000000000000000000000000000000002e
:103a9800000000000000000000000000000000001e
:103aa800000000000000000000000000000000000e
:103ab80000000000000000000000000000000000fe
:103ac80000000000000000000000000000000000ee
:103ad80000000000000000000000000000000000de
:103ae80000000000000000000000000000000000ce
:103af80000000000000000000000000000000000be
:103b080000000000000000000000000000000000ad
:103b1800000000000000000000000000000000009d
:103b2800000000000000000000000000000000008d
:103b3800000000000000000000000000000000007d
:103b4800000000000000000000000000000000006d
:103b5800000000000000000000000000000000005d
:103b6800000000000000000000000000000000004d
:103b7800000000000000000000000000000000003d
:103b8800000000000000000000000000000000002d
:103b9800000000000000000000000000000000001d
:103ba800000000000000000000000000000000000d
:103bb80000000000000000000000000000000000fd
:103bc80000000000000000000000000000000000ed
:103bd80000000000000000000000000000000000dd
:103be80000000000000000000000000000000000cd
:103bf80000000000000000000000000000000000bd
:103c080000000000000000000000000000000000ac
:103c1800000000000000000000000000000000009c
:103c2800000000000000000000000000000000008c
:103c3800000000000000000000000000000000007c
:103c4800000000000000000000000000000000006c
:103c5800000000000000000000000000000000005c
:103c6800000000000000000000000000000000004c
:103c7800000000000000000000000000000000003c
:103c8800000000000000000000000000000000002c
:103c9800000000000000000000000000000000001c
:103ca800000000000000000000000000000000000c
:103cb80000000000000000000000000000000000fc
:103cc80000000000000000000000000000000000ec
:103cd80000000000000000000000000000000000dc
:103ce80000000000000000000000000000000000cc
:103cf80000000000000000000000000000000000bc
:103d080000000000000000000000000000000000ab
:103d1800000000000000000000000000000000009b
:103d2800000000000000000000000000000000008b
:103d3800000000000000000000000000000000007b
:103d4800000000000000000000000000000000006b
:103d5800000000000000000000000000000000005b
:103d6800000000000000000000000000000000004b
:103d7800000000000000000000000000000000003b
:103d8800000000000000000000000000000000002b
:103d9800000000000000000000000000000000001b
:103da800000000000000000000000000000000000b
:103db80000000000000000000000000000000000fb
:103dc80000000000000000000000000000000000eb
:103dd80000000000000000000000000000000000db
:103de80000000000000000000000000000000000cb
:103df80000000000000000000000000000000000bb
:103e080000000000000000000000000000000000aa
:103e1800000000000000000000000000000000009a
:103e2800000000000000000000000000000000008a
:103e3800000000000000000000000000000000007a
:103e4800000000000000000000000000000000006a
:103e5800000000000000000000000000000000005a
:103e6800000000000000000000000000000000004a
:103e7800000000000000000000000000000000003a
:103e8800000000000000000000000000000000002a
:103e9800000000000000000000000000000000001a
:103ea800000000000000000000000000000000000a
:103eb80000000000000000000000000000000000fa
:103ec80000000000000000000000000000000000ea
:103ed80000000000000000000000000000000000da
:103ee80000000000000000000000000000000000ca
:103ef80000000000000000000000000000000000ba
:103f080000000000000000000000000000000000a9
:103f18000000000000000000000000000000000099
:103f28000000000000000000000000000000000089
:103f38000000000000000000000000000000000079
:103f48000000000000000000000000000000000069
:103f58000000000000000000000000000000000059
:103f68000000000000000000000000000000000049
:103f78000000000000000000000000000000000039
:103f88000000000000000000000000000000000029
:103f98000000000000000000000000000000000019
:103fa8000000000000000000000000000000000009
:103fb80000000000000000000000000000000000f9
:103fc80000000000000000000000000000000000e9
:103fd80000000000000000000000000000000000d9
:103fe80000000000000000000000000000000000c9
:103ff80000000000000000000000000000000000b9
:1040080000000000000000000000000000000000a8
:104018000000000000000000000000000000000098
:104028000000000000000000000000000000000088
:104038000000000000000000000000000000000078
:104048000000000000000000000000000000000068
:104058000000000000000000000000000000000058
:104068000000000000000000000000000000000048
:104078000000000000000000000000000000000038
:104088000000000000000000000000000000000028
:104098000000000000000000000000000000000018
:1040a8000000000000000000000000000000000008
:1040b80000000000000000000000000000000000f8
:1040c80000000000000000000000000000000000e8
:1040d80000000000000000000000000000000000d8
:1040e80000000000000000000000000000000000c8
:1040f80000000000000000000000000000000000b8
:1041080000000000000000000000000000000000a7
:104118000000000000000000000000000000000097
:104128000000000000000000000000000000000087
:104138000000000000000000000000000000000077
:104148000000000000000000000000000000000067
:104158000000000000000000000000000000000057
:104168000000000000000000000000000000000047
:104178000000000000000000000000000000000037
:104188000000000000000000000000000000000027
:104198000000000000000000000000000000000017
:1041a8000000000000000000000000000000000007
:1041b80000000000000000000000000000000000f7
:1041c80000000000000000000000000000000000e7
:1041d80000000000000000000000000000000000d7
:1041e80000000000000000000000000000000000c7
:1041f80000000000000000000000000000000000b7
:1042080000000000000000000000000000000000a6
:104218000000000000000000000000000000000096
:104228000000000000000000000000000000000086
:104238000000000000000000000000000000000076
:104248000000000000000000000000000000000066
:104258000000000000000000000000000000000056
:104268000000000000000000000000000000000046
:104278000000000000000000000000000000000036
:104288000000000000000000000000000000000026
:104298000000000000000000000000000000000016
:1042a8000000000000000000000000000000000006
:1042b80000000000000000000000000000000000f6
:1042c80000000000000000000000000000000000e6
:1042d80000000000000000000000000000000000d6
:1042e80000000000000000000000000000000000c6
:1042f80000000000000000000000000000000000b6
:1043080000000000000000000000000000000000a5
:104318000000000000000000000000000000000095
:104328000000000000000000000000000000000085
:104338000000000000000000000000000000000075
:104348000000000000000000000000000000000065
:104358000000000000000000000000000000000055
:104368000000000000000000000000000000000045
:104378000000000000000000000000000000000035
:104388000000000000000000000000000000000025
:104398000000000000000000000000000000000015
:1043a8000000000000000000000000000000000005
:1043b80000000000000000000000000000000000f5
:1043c80000000000000000000000000000000000e5
:1043d80000000000000000000000000000000000d5
:1043e80000000000000000000000000000000000c5
:1043f80000000000000000000000000000000000b5
:1044080000000000000000000000000000000000a4
:104418000000000000000000000000000000000094
:104428000000000000000000000000000000000084
:104438000000000000000000000000000000000074
:104448000000000000000000000000000000000064
:104458000000000000000000000000000000000054
:104468000000000000000000000000000000000044
:104478000000000000000000000000000000000034
:104488000000000000000000000000000000000024
:104498000000000000000000000000000000000014
:1044a8000000000000000000000000000000000004
:1044b80000000000000000000000000000000000f4
:1044c80000000000000000000000000000000000e4
:1044d80000000000000000000000000000000000d4
:1044e80000000000000000000000000000000000c4
:1044f80000000000000000000000000000000000b4
:1045080000000000000000000000000000000000a3
:104518000000000000000000000000000000000093
:104528000000000000000000000000000000000083
:104538000000000000000000000000000000000073
:104548000000000000000000000000000000000063
:104558000000000000000000000000000000000053
:104568000000000000000000000000000000000043
:104578000000000000000000000000000000000033
:104588000000000000000000000000000000000023
:104598000000000000000000000000000000000013
:1045a8000000000000000000000000000000000003
:1045b80000000000000000000000000000000000f3
:1045c80000000000000000000000000000000000e3
:1045d80000000000000000000000000000000000d3
:1045e80000000000000000000000000000000000c3
:1045f80000000000000000000000000000000000b3
:1046080000000000000000000000000000000000a2
:104618000000000000000000000000000000000092
:104628000000000000000000000000000000000082
:104638000000000000000000000000000000000072
:104648000000000000000000000000000000000062
:104658000000000000000000000000000000000052
:104668000000000000000000000000000000000042
:104678000000000000000000000000000000000032
:104688000000000000000000000000000000000022
:104698000000000000000000000000000000000012
:1046a8000000000000000000000000000000000002
:1046b80000000000000000000000000000000000f2
:1046c80000000000000000000000000000000000e2
:1046d80000000000000000000000000000000000d2
:1046e80000000000000000000000000000000000c2
:1046f80000000000000000000000000000000000b2
:1047080000000000000000000000000000000000a1
:104718000000000000000000000000000000000091
:104728000000000000000000000000000000000081
:104738000000000000000000000000000000000071
:104748000000000000000000000000000000000061
:104758000000000000000000000000000000000051
:104768000000000000000000000000000000000041
:104778000000000000000000000000000000000031
:104788000000000000000000000000000000000021
:104798000000000000000000000000000000000011
:1047a8000000000000000000000000000000000001
:1047b80000000000000000000000000000000000f1
:1047c80000000000000000000000000000000000e1
:1047d80000000000000000000000000000000000d1
:1047e80000000000000000000000000000000000c1
:1047f80000000000000000000000000000000000b1
:1048080000000000000000000000000000000000a0
:104818000000000000000000000000000000000090
:104828000000000000000000000000000000000080
:104838000000000000000000000000000000000070
:104848000000000000000000000000000000000060
:104858000000000000000000000000000000000050
:104868000000000000000000000000000000000040
:104878000000000000000000000000000000000030
:104888000000000000000000000000000000000020
:104898000000000000000000000000000000000010
:1048a8000000000000000000000000000000000000
:1048b80000000000000000000000000000000000f0
:1048c80000000000000000000000000000000000e0
:1048d80000000000000000000000000000000000d0
:1048e80000000000000000000000000000000000c0
:1048f80000000000000000000000000000000000b0
:10490800000000000000000000000000000000009f
:10491800000000000000000000000000000000008f
:10492800000000000000000000000000000000007f
:10493800000000000000000000000000000000006f
:10494800000000000000000000000000000000005f
:10495800000000000000000000000000000000004f
:10496800000000000000000000000000000000003f
:10497800000000000000000000000000000000002f
:10498800000000000000000000000000000000001f
:10499800000000000000000000000000000000000f
:1049a80000000000000000000000000000000000ff
:1049b80000000000000000000000000000000000ef
:1049c80000000000000000000000000000000000df
:1049d80000000000000000000000000000000000cf
:1049e80000000000000000000000000000000000bf
:1049f80000000000000000000000000000000000af
:104a0800000000000000000000000000000000009e
:104a1800000000000000000000000000000000008e
:104a2800000000000000000000000000000000007e
:104a3800000000000000000000000000000000006e
:104a4800000000000000000000000000000000005e
:104a5800000000000000000000000000000000004e
:104a6800000000000000000000000000000000003e
:104a7800000000000000000000000000000000002e
:104a8800000000000000000000000000000000001e
:104a9800000000000000000000000000000000000e
:104aa80000000000000000000000000000000000fe
:104ab80000000000000000000000000000000000ee
:104ac80000000000000000000000000000000000de
:104ad80000000000000000000000000000000000ce
:104ae80000000000000000000000000000000000be
:104af80000000000000000000000000000000000ae
:104b0800000000000000000000000000000000009d
:104b1800000000000000000000000000000000008d
:104b2800000000000000000000000000000000007d
:104b3800000000000000000000000000000000006d
:104b4800000000000000000000000000000000005d
:104b5800000000000000000000000000000000004d
:104b6800000000000000000000000000000000003d
:104b7800000000000000000000000000000000002d
:104b8800000000000000000000000000000000001d
:104b9800000000000000000000000000000000000d
:104ba80000000000000000000000000000000000fd
:104bb80000000000000000000000000000000000ed
:104bc80000000000000000000000000000000000dd
:104bd80000000000000000000000000000000000cd
:104be80000000000000000000000000000000000bd
:104bf80000000000000000000000000000000000ad
:104c0800000000000000000000000000000000009c
:104c1800000000000000000000000000000000008c
:104c2800000000000000000000000000000000007c
:104c3800000000000000000000000000000000006c
:104c4800000000000000000000000000000000005c
:104c5800000000000000000000000000000000004c
:104c6800000000000000000000000000000000003c
:104c7800000000000000000000000000000000002c
:104c8800000000000000000000000000000000001c
:104c9800000000000000000000000000000000000c
:104ca80000000000000000000000000000000000fc
:104cb80000000000000000000000000000000000ec
:104cc80000000000000000000000000000000000dc
:104cd80000000000000000000000000000000000cc
:104ce80000000000000000000000000000000000bc
:104cf80000000000000000000000000000000000ac
:104d0800000000000000000000000000000000009b
:104d1800000000000000000000000000000000008b
:104d2800000000000000000000000000000000007b
:104d3800000000000000000000000000000000006b
:104d4800000000000000000000000000000000005b
:104d5800000000000000000000000000000000004b
:104d6800000000000000000000000000000000003b
:104d7800000000000000000000000000000000002b
:104d8800000000000000000000000000000000001b
:104d9800000000000000000000000000000000000b
:104da80000000000000000000000000000000000fb
:104db80000000000000000000000000000000000eb
:104dc80000000000000000000000000000000000db
:104dd80000000000000000000000000000000000cb
:104de80000000000000000000000000000000000bb
:104df80000000000000000000000000000000000ab
:104e0800000000000000000000000000000000009a
:104e1800000000000000000000000000000000008a
:104e2800000000000000000000000000000000007a
:104e3800000000000000000000000000000000006a
:104e4800000000000000000000000000000000005a
:104e5800000000000000000000000000000000004a
:104e6800000000000000000000000000000000003a
:104e7800000000000000000000000000000000002a
:104e8800000000000000000000000000000000001a
:104e9800000000000000000000000000000000000a
:104ea80000000000000000000000000000000000fa
:104eb80000000000000000000000000000000000ea
:104ec80000000000000000000000000000000000da
:104ed80000000000000000000000000000000000ca
:104ee80000000000000000000000000000000000ba
:104ef80000000000000000000000000000000000aa
:104f08000000000000000000000000000000000099
:104f18000000000000000000000000000000000089
:104f28000000000000000000000000000000000079
:104f38000000000000000000000000000000000069
:104f48000000000000000000000000000000000059
:104f58000000000000000000000000000000000049
:104f68000000000000000000000000000000000039
:104f78000000000000000000000000000000000029
:104f88000000000000000000000000000000000019
:104f98000000000000000000000000000000000009
:104fa80000000000000000000000000000000000f9
:104fb80000000000000000000000000000000000e9
:104fc80000000000000000000000000000000000d9
:104fd80000000000000000000000000000000000c9
:104fe80000000000000000000000000000000000b9
:104ff80000000000000000000000000000000000a9
:105008000000000000000000000000000000000098
:105018000000000000000000000000000000000088
:105028000000000000000000000000000000000078
:105038000000000000000000000000000000000068
:105048000000000000000000000000000000000058
:105058000000000000000000000000000000000048
:105068000000000000000000000000000000000038
:105078000000000000000000000000000000000028
:105088000000000000000000000000000000000018
:105098000000000000000000000000000000000008
:1050a80000000000000000000000000000000000f8
:1050b80000000000000000000000000000000000e8
:1050c80000000000000000000000000000000000d8
:1050d80000000000000000000000000000000000c8
:1050e80000000000000000000000000000000000b8
:1050f80000000000000000000000000000000000a8
:105108000000000000000000000000000000000097
:105118000000000000000000000000000000000087
:105128000000000000000000000000000000000077
:105138000000000000000000000000000000000067
:105148000000000000000000000000000000000057
:105158000000000000000000000000000000000047
:105168000000000000000000000000000000000037
:105178000000000000000000000000000000000027
:105188000000000000000000000000000000000017
:105198000000000000000000000000000000000007
:1051a80000000000000000000000000000000000f7
:1051b80000000000000000000000000000000000e7
:1051c80000000000000000000000000000000000d7
:1051d80000000000000000000000000000000000c7
:1051e80000000000000000000000000000000000b7
:1051f80000000000000000000000000000000000a7
:105208000000000000000000000000000000000096
:105218000000000000000000000000000000000086
:105228000000000000000000000000000000000076
:105238000000000000000000000000000000000066
:105248000000000000000000000000000000000056
:105258000000000000000000000000000000000046
:105268000000000000000000000000000000000036
:105278000000000000000000000000000000000026
:105288000000000000000000000000000000000016
:105298000000000000000000000000000000000006
:1052a80000000000000000000000000000000000f6
:1052b80000000000000000000000000000000000e6
:1052c80000000000000000000000000000000000d6
:1052d80000000000000000000000000000000000c6
:1052e80000000000000000000000000000000000b6
:1052f80000000000000000000000000000000000a6
:105308000000000000000000000000000000000095
:105318000000000000000000000000000000000085
:105328000000000000000000000000000000000075
:105338000000000000000000000000000000000065
:105348000000000000000000000000000000000055
:105358000000000000000000000000000000000045
:105368000000000000000000000000000000000035
:105378000000000000000000000000000000000025
:105388000000000000000000000000000000000015
:105398000000000000000000000000000000000005
:1053a80000000000000000000000000000000000f5
:1053b80000000000000000000000000000000000e5
:1053c80000000000000000000000000000000000d5
:1053d80000000000000000000000000000000000c5
:1053e80000000000000000000000000000000000b5
:1053f80000000000000000000000000000000000a5
:105408000000000000000000000000000000000094
:105418000000000000000000000000000000000084
:105428000000000000000000000000000000000074
:105438000000000000000000000000000000000064
:105448000000000000000000000000000000000054
:105458000000000000000000000000000000000044
:105468000000000000000000000000000000000034
:105478000000000000000000000000000000000024
:105488000000000000000000000000000000000014
:105498000000000000000000000000000000000004
:1054a80000000000000000000000000000000000f4
:1054b80000000000000000000000000000000000e4
:1054c80000000000000000000000000000000000d4
:1054d80000000000000000000000000000000000c4
:1054e80000000000000000000000000000000000b4
:1054f80000000000000000000000000000000000a4
:105508000000000000000000000000000000000093
:105518000000000000000000000000000000000083
:105528000000000000000000000000000000000073
:105538000000000000000000000000000000000063
:105548000000000000000000000000000000000053
:105558000000000000000000000000000000000043
:105568000000000000000000000000000000000033
:105578000000000000000000000000000000000023
:105588000000000000000000000000000000000013
:105598000000000000000000000000000000000003
:1055a80000000000000000000000000000000000f3
:1055b80000000000000000000000000000000000e3
:1055c80000000000000000000000000000000000d3
:1055d80000000000000000000000000000000000c3
:1055e80000000000000000000000000000000000b3
:1055f80000000000000000000000000000000000a3
:105608000000000000000000000000000000000092
:105618000000000000000000000000000000000082
:105628000000000000000000000000000000000072
:105638000000000000000000000000000000000062
:105648000000000000000000000000000000000052
:105658000000000000000000000000000000000042
:105668000000000000000000000000000000000032
:105678000000000000000000000000000000000022
:105688000000000000000000000000000000000012
:105698000000000000000000000000000000000002
:1056a80000000000000000000000000000000000f2
:1056b80000000000000000000000000000000000e2
:1056c80000000000000000000000000000000000d2
:1056d80000000000000000000000000000000000c2
:1056e80000000000000000000000000000000000b2
:1056f80000000000000000000000000000000000a2
:105708000000000000000000000000000000000091
:105718000000000000000000000000000000000081
:105728000000000000000000000000000000000071
:105738000000000000000000000000000000000061
:105748000000000000000000000000000000000051
:105758000000000000000000000000000000000041
:105768000000000000000000000000000000000031
:105778000000000000000000000000000000000021
:105788000000000000000000000000000000000011
:105798000000000000000000000000000000000001
:1057a80000000000000000000000000000000000f1
:1057b80000000000000000000000000000000000e1
:1057c80000000000000000000000000000000000d1
:1057d80000000000000000000000000000000000c1
:1057e80000000000000000000000000000000000b1
:1057f80000000000000000000000000000000000a1
:105808000000000000000000000000000000000090
:105818000000000000000000000000000000000080
:105828000000000000000000000000000000000070
:105838000000000000000000000000000000000060
:105848000000000000000000000000000000000050
:105858000000000000000000000000000000000040
:105868000000000000000000000000000000000030
:105878000000000000000000000000000000000020
:105888000000000000000000000000000000000010
:105898000000000000000000000000000000000000
:1058a80000000000000000000000000000000000f0
:1058b80000000000000000000000000000000000e0
:1058c80000000000000000000000000000000000d0
:1058d80000000000000000000000000000000000c0
:1058e80000000000000000000000000000000000b0
:1058f80000000000000000000000000000000000a0
:10590800000000000000000000000000000000008f
:10591800000000000000000000000000000000007f
:10592800000000000000000000000000000000006f
:10593800000000000000000000000000000000005f
:10594800000000000000000000000000000000004f
:10595800000000000000000000000000000000003f
:10596800000000000000000000000000000000002f
:10597800000000000000000000000000000000001f
:10598800000000000000000000000000000000000f
:1059980000000000000000000000000000000000ff
:1059a80000000000000000000000000000000000ef
:1059b80000000000000000000000000000000000df
:1059c80000000000000000000000000000000000cf
:1059d80000000000000000000000000000000000bf
:1059e80000000000000000000000000000000000af
:1059f800000000000000000000000000000000009f
:105a0800000000000000000000000000000000008e
:105a1800000000000000000000000000000000007e
:105a2800000000000000000000000000000000006e
:105a3800000000000000000000000000000000005e
:105a4800000000000000000000000000000000004e
:105a5800000000000000000000000000000000003e
:105a6800000000000000000000000000000000002e
:105a7800000000000000000000000000000000001e
:105a8800000000000000000000000000000000000e
:105a980000000000000000000000000000000000fe
:105aa80000000000000000000000000000000000ee
:105ab80000000000000000000000000000000000de
:105ac80000000000000000000000000000000000ce
:105ad80000000000000000000000000000000000be
:105ae80000000000000000000000000000000000ae
:105af800000000000000000000000000000000009e
:105b0800000000000000000000000000000000008d
:105b1800000000000000000000000000000000007d
:105b2800000000000000000000000000000000006d
:105b3800000000000000000000000000000000005d
:105b4800000000000000000000000000000000004d
:105b5800000000000000000000000000000000003d
:105b6800000000000000000000000000000000002d
:105b7800000000000000000000000000000000001d
:105b8800000000000000000000000000000000000d
:105b980000000000000000000000000000000000fd
:105ba80000000000000000000000000000000000ed
:105bb80000000000000000000000000000000000dd
:105bc80000000000000000000000000000000000cd
:105bd80000000000000000000000000000000000bd
:105be80000000000000000000000000000000000ad
:105bf800000000000000000000000000000000009d
:105c0800000000000000000000000000000000008c
:105c1800000000000000000000000000000000007c
:105c2800000000000000000000000000000000006c
:105c3800000000000000000000000000000000005c
:105c4800000000000000000000000000000000004c
:105c5800000000000000000000000000000000003c
:105c6800000000000000000000000000000000002c
:105c7800000000000000000000000000000000001c
:105c8800000000000000000000000000000000000c
:105c980000000000000000000000000000000000fc
:105ca80000000000000000000000000000000000ec
:105cb80000000000000000000000000000000000dc
:105cc80000000000000000000000000000000000cc
:105cd80000000000000000000000000000000000bc
:105ce80000000000000000000000000000000000ac
:105cf800000000000000000000000000000000009c
:105d0800000000000000000000000000000000008b
:105d1800000000000000000000000000000000007b
:105d2800000000000000000000000000000000006b
:105d3800000000000000000000000000000000005b
:105d4800000000000000000000000000000000004b
:105d5800000000000000000000000000000000003b
:105d6800000000000000000000000000000000002b
:105d7800000000000000000000000000000000001b
:105d8800000000000000000000000000000000000b
:105d980000000000000000000000000000000000fb
:105da80000000000000000000000000000000000eb
:105db80000000000000000000000000000000000db
:105dc80000000000000000000000000000000000cb
:105dd80000000000000000000000000000000000bb
:105de80000000000000000000000000000000000ab
:105df800000000000000000000000000000000009b
:105e0800000000000000000000000000000000008a
:105e1800000000000000000000000000000000007a
:105e2800000000000000000000000000000000006a
:105e3800000000000000000000000000000000005a
:105e4800000000000000000000000000000000004a
:105e5800000000000000000000000000000000003a
:105e6800000000000000000000000000000000002a
:105e7800000000000000000000000000000000001a
:105e8800000000000000000000000000000000000a
:105e980000000000000000000000000000000000fa
:105ea80000000000000000000000000000000000ea
:105eb80000000000000000000000000000000000da
:105ec80000000000000000000000000000000000ca
:105ed80000000000000000000000000000000000ba
:105ee80000000000000000000000000000000000aa
:105ef800000000000000000000000000000000009a
:105f08000000000000000000000000000000000089
:105f18000000000000000000000000000000000079
:105f28000000000000000000000000000000000069
:105f38000000000000000000000000000000000059
:105f48000000000000000000000000000000000049
:105f58000000000000000000000000000000000039
:105f68000000000000000000000000000000000029
:105f78000000000000000000000000000000000019
:105f88000000000000000000000000000000000009
:105f980000000000000000000000000000000000f9
:105fa80000000000000000000000000000000000e9
:105fb80000000000000000000000000000000000d9
:105fc80000000000000000000000000000000000c9
:105fd80000000000000000000000000000000000b9
:105fe80000000000000000000000000000000000a9
:105ff8000000000000000000000000000000000099
:106008000000000000000000000000000000000088
:106018000000000000000000000000000000000078
:106028000000000000000000000000000000000068
:106038000000000000000000000000000000000058
:106048000000000000000000000000000000000048
:106058000000000000000000000000000000000038
:106068000000000000000000000000000000000028
:106078000000000000000000000000000000000018
:106088000000000000000000000000000000000008
:1060980000000000000000000000000000000000f8
:1060a80000000000000000000000000000000000e8
:1060b80000000000000000000000000000000000d8
:1060c80000000000000000000000000000000000c8
:1060d80000000000000000000000000000000000b8
:1060e80000000000000000000000000000000000a8
:1060f8000000000000000000000000000000000098
:106108000000000000000000000000000000000087
:106118000000000000000000000000000000000077
:106128000000000000000000000000000000000067
:106138000000000000000000000000000000000057
:106148000000000000000000000000000000000047
:106158000000000000000000000000000000000037
:106168000000000000000000000000000000000027
:106178000000000000000000000000000000000017
:106188000000000000000000000000000000000007
:1061980000000000000000000000000000000000f7
:1061a80000000000000000000000000000000000e7
:1061b80000000000000000000000000000000000d7
:1061c80000000000000000000000000000000000c7
:1061d80000000000000000000000000000000000b7
:1061e80000000000000000000000000000000000a7
:1061f8000000000000000000000000000000000097
:106208000000000000000000000000000000000086
:106218000000000000000000000000000000000076
:106228000000000000000000000000000000000066
:106238000000000000000000000000000000000056
:106248000000000000000000000000000000000046
:106258000000000000000000000000000000000036
:106268000000000000000000000000000000000026
:106278000000000000000000000000000000000016
:106288000000000000000000000000000000000006
:1062980000000000000000000000000000000000f6
:1062a80000000000000000000000000000000000e6
:1062b80000000000000000000000000000000000d6
:1062c80000000000000000000000000000000000c6
:1062d80000000000000000000000000000000000b6
:1062e80000000000000000000000000000000000a6
:1062f8000000000000000000000000000000000096
:106308000000000000000000000000000000000085
:106318000000000000000000000000000000000075
:106328000000000000000000000000000000000065
:106338000000000000000000000000000000000055
:106348000000000000000000000000000000000045
:106358000000000000000000000000000000000035
:106368000000000000000000000000000000000025
:106378000000000000000000000000000000000015
:106388000000000000000000000000000000000005
:1063980000000000000000000000000000000000f5
:1063a80000000000000000000000000000000000e5
:1063b80000000000000000000000000000000000d5
:1063c80000000000000000000000000000000000c5
:1063d80000000000000000000000000000000000b5
:1063e80000000000000000000000000000000000a5
:1063f8000000000000000000000000000000000095
:106408000000000000000000000000000000000084
:106418000000000000000000000000000000000074
:106428000000000000000000000000000000000064
:106438000000000000000000000000000000000054
:106448000000000000000000000000000000000044
:106458000000000000000000000000000000000034
:106468000000000000000000000000000000000024
:106478000000000000000000000000000000000014
:106488000000000000000000000000000000000004
:1064980000000000000000000000000000000000f4
:1064a80000000000000000000000000000000000e4
:1064b80000000000000000000000000000000000d4
:1064c80000000000000000000000000000000000c4
:1064d80000000000000000000000000000000000b4
:1064e80000000000000000000000000000000000a4
:1064f8000000000000000000000000000000000094
:106508000000000000000000000000000000000083
:106518000000000000000000000000000000000073
:106528000000000000000000000000000000000063
:106538000000000000000000000000000000000053
:106548000000000000000000000000000000000043
:106558000000000000000000000000000000000033
:106568000000000000000000000000000000000023
:106578000000000000000000000000000000000013
:106588000000000000000000000000000000000003
:1065980000000000000000000000000000000000f3
:1065a80000000000000000000000000000000000e3
:1065b80000000000000000000000000000000000d3
:1065c80000000000000000000000000000000000c3
:1065d80000000000000000000000000000000000b3
:1065e80000000000000000000000000000000000a3
:1065f8000000000000000000000000000000000093
:106608000000000000000000000000000000000082
:106618000000000000000000000000000000000072
:106628000000000000000000000000000000000062
:106638000000000000000000000000000000000052
:106648000000000000000000000000000000000042
:106658000000000000000000000000000000000032
:106668000000000000000000000000000000000022
:106678000000000000000000000000000000000012
:106688000000000000000000000000000000000002
:1066980000000000000000000000000000000000f2
:1066a80000000000000000000000000000000000e2
:1066b80000000000000000000000000000000000d2
:1066c80000000000000000000000000000000000c2
:1066d80000000000000000000000000000000000b2
:1066e80000000000000000000000000000000000a2
:1066f8000000000000000000000000000000000092
:106708000000000000000000000000000000000081
:106718000000000000000000000000000000000071
:106728000000000000000000000000000000000061
:106738000000000000000000000000000000000051
:106748000000000000000000000000000000000041
:106758000000000000000000000000000000000031
:106768000000000000000000000000000000000021
:106778000000000000000000000000000000000011
:106788000000000000000000000000000000000001
:1067980000000000000000000000000000000000f1
:1067a80000000000000000000000000000000000e1
:1067b80000000000000000000000000000000000d1
:1067c80000000000000000000000000000000000c1
:1067d80000000000000000000000000000000000b1
:1067e80000000000000000000000000000000000a1
:1067f8000000000000000000000000000000000091
:106808000000000000000000000000000000000080
:106818000000000000000000000000000000000070
:106828000000000000000000000000000000000060
:106838000000000000000000000000000000000050
:106848000000000000000000000000000000000040
:106858000000000000000000000000000000000030
:106868000000000000000000000000000000000020
:106878000000000000000000000000000000000010
:106888000000000000000000000000000000000000
:1068980000000000000000000000000000000000f0
:1068a80000000000000000000000000000000000e0
:1068b80000000000000000000000000000000000d0
:1068c80000000000000000000000000000000000c0
:1068d80000000000000000000000000000000000b0
:1068e80000000000000000000000000000000000a0
:1068f8000000000000000000000000000000000090
:10690800000000000000000000000000000000007f
:10691800000000000000000000000000000000006f
:10692800000000000000000000000000000000005f
:10693800000000000000000000000000000000004f
:10694800000000000000000000000000000000003f
:10695800000000000000000000000000000000002f
:10696800000000000000000000000000000000001f
:10697800000000000000000000000000000000000f
:1069880000000000000000000000000000000000ff
:1069980000000000000000000000000000000000ef
:1069a80000000000000000000000000000000000df
:1069b80000000000000000000000000000000000cf
:1069c80000000000000000000000000000000000bf
:1069d80000000000000000000000000000000000af
:1069e800000000000000000000000000000000009f
:1069f800000000000000000000000000000000008f
:106a0800000000000000000000000000000000007e
:106a1800000000000000000000000000000000006e
:106a2800000000000000000000000000000000005e
:106a3800000000000000000000000000000000004e
:106a4800000000000000000000000000000000003e
:106a5800000000000000000000000000000000002e
:106a6800000000000000000000000000000000001e
:106a7800000000000000000000000000000000000e
:106a880000000000000000000000000000000000fe
:106a980000000000000000000000000000000000ee
:106aa80000000000000000000000000000000000de
:106ab80000000000000000000000000000000000ce
:106ac80000000000000000000000000000000000be
:106ad80000000000000000000000000000000000ae
:106ae800000000000000000000000000000000009e
:106af800000000000000000000000000000000008e
:106b0800000000000000000000000000000000007d
:106b1800000000000000000000000000000000006d
:106b2800000000000000000000000000000000005d
:106b3800000000000000000000000000000000004d
:106b4800000000000000000000000000000000003d
:106b5800000000000000000000000000000000002d
:106b6800000000000000000000000000000000001d
:106b7800000000000000000000000000000000000d
:106b880000000000000000000000000000000000fd
:106b980000000000000000000000000000000000ed
:106ba80000000000000000000000000000000000dd
:106bb80000000000000000000000000000000000cd
:106bc80000000000000000000000000000000000bd
:106bd80000000000000000000000000000000000ad
:106be800000000000000000000000000000000009d
:106bf800000000000000000000000000000000008d
:106c0800000000000000000000000000000000007c
:106c1800000000000000000000000000000000006c
:106c2800000000000000000000000000000000005c
:106c3800000000000000000000000000000000004c
:106c4800000000000000000000000000000000003c
:106c5800000000000000000000000000000000002c
:106c6800000000000000000000000000000000001c
:106c7800000000000000000000000000000000000c
:106c880000000000000000000000000000000000fc
:106c980000000000000000000000000000000000ec
:106ca80000000000000000000000000000000000dc
:106cb80000000000000000000000000000000000cc
:106cc80000000000000000000000000000000000bc
:106cd80000000000000000000000000000000000ac
:106ce800000000000000000000000000000000009c
:106cf800000000000000000000000000000000008c
:106d0800000000000000000000000000000000007b
:106d1800000000000000000000000000000000006b
:106d2800000000000000000000000000000000005b
:106d3800000000000000000000000000000000004b
:106d4800000000000000000000000000000000003b
:106d5800000000000000000000000000000000002b
:106d6800000000000000000000000000000000001b
:106d7800000000000000000000000000000000000b
:106d880000000000000000000000000000000000fb
:106d980000000000000000000000000000000000eb
:106da80000000000000000000000000000000000db
:106db80000000000000000000000000000000000cb
:106dc80000000000000000000000000000000000bb
:106dd80000000000000000000000000000000000ab
:106de800000000000000000000000000000000009b
:106df800000000000000000000000000000000008b
:106e0800000000000000000000000000000000007a
:106e1800000000000000000000000000000000006a
:106e2800000000000000000000000000000000005a
:106e3800000000000000000000000000000000004a
:106e4800000000000000000000000000000000003a
:106e5800000000000000000000000000000000002a
:106e6800000000000000000000000000000000001a
:106e7800000000000000000000000000000000000a
:106e880000000000000000000000000000000000fa
:106e980000000000000000000000000000000000ea
:106ea80000000000000000000000000000000000da
:106eb80000000000000000000000000000000000ca
:106ec80000000000000000000000000000000000ba
:106ed80000000000000000000000000000000000aa
:106ee800000000000000000000000000000000009a
:106ef800000000000000000000000000000000008a
:106f08000000000000000000000000000000000079
:106f18000000000000000000000000000000000069
:106f28000000000000000000000000000000000059
:106f38000000000000000000000000000000000049
:106f48000000000000000000000000000000000039
:106f58000000000000000000000000000000000029
:106f68000000000000000000000000000000000019
:106f78000000000000000000000000000000000009
:106f880000000000000000000000000000000000f9
:106f980000000000000000000000000000000000e9
:106fa80000000000000000000000000000000000d9
:106fb80000000000000000000000000000000000c9
:106fc80000000000000000000000000000000000b9
:106fd80000000000000000000000000000000000a9
:106fe8000000000000000000000000000000000099
:106ff8000000000000000000000000000000000089
:107008000000000000000000000000000000000078
:107018000000000000000000000000000000000068
:107028000000000000000000000000000000000058
:107038000000000000000000000000000000000048
:107048000000000000000000000000000000000038
:107058000000000000000000000000000000000028
:107068000000000000000000000000000000000018
:107078000000000000000000000000000000000008
:1070880000000000000000000000000000000000f8
:1070980000000000000000000000000000000000e8
:1070a80000000000000000000000000000000000d8
:1070b80000000000000000000000000000000000c8
:1070c80000000000000000000000000000000000b8
:1070d80000000000000000000000000000000000a8
:1070e8000000000000000000000000000000000098
:1070f8000000000000000000000000000000000088
:107108000000000000000000000000000000000077
:107118000000000000000000000000000000000067
:107128000000000000000000000000000000000057
:107138000000000000000000000000000000000047
:107148000000000000000000000000000000000037
:107158000000000000000000000000000000000027
:107168000000000000000000000000000000000017
:107178000000000000000000000000000000000007
:1071880000000000000000000000000000000000f7
:1071980000000000000000000000000000000000e7
:1071a80000000000000000000000000000000000d7
:1071b80000000000000000000000000000000000c7
:1071c80000000000000000000000000000000000b7
:1071d80000000000000000000000000000000000a7
:1071e8000000000000000000000000000000000097
:1071f8000000000000000000000000000000000087
:107208000000000000000000000000000000000076
:107218000000000000000000000000000000000066
:107228000000000000000000000000000000000056
:107238000000000000000000000000000000000046
:107248000000000000000000000000000000000036
:107258000000000000000000000000000000000026
:107268000000000000000000000000000000000016
:107278000000000000000000000000000000000006
:1072880000000000000000000000000000000000f6
:1072980000000000000000000000000000000000e6
:1072a80000000000000000000000000000000000d6
:1072b80000000000000000000000000000000000c6
:1072c80000000000000000000000000000000000b6
:1072d80000000000000000000000000000000000a6
:1072e8000000000000000000000000000000000096
:1072f8000000000000000000000000000000000086
:107308000000000000000000000000000000000075
:107318000000000000000000000000000000000065
:107328000000000000000000000000000000000055
:107338000000000000000000000000000000000045
:107348000000000000000000000000000000000035
:107358000000000000000000000000000000000025
:107368000000000000000000000000000000000015
:107378000000000000000000000000000000000005
:1073880000000000000000000000000000000000f5
:1073980000000000000000000000000000000000e5
:1073a80000000000000000000000000000000000d5
:1073b80000000000000000000000000000000000c5
:1073c80000000000000000000000000000000000b5
:1073d80000000000000000000000000000000000a5
:1073e8000000000000000000000000000000000095
:1073f8000000000000000000000000000000000085
:107408000000000000000000000000000000000074
:107418000000000000000000000000000000000064
:107428000000000000000000000000000000000054
:107438000000000000000000000000000000000044
:107448000000000000000000000000000000000034
:107458000000000000000000000000000000000024
:107468000000000000000000000000000000000014
:107478000000000000000000000000000000000004
:1074880000000000000000000000000000000000f4
:1074980000000000000000000000000000000000e4
:1074a80000000000000000000000000000000000d4
:1074b80000000000000000000000000000000000c4
:1074c80000000000000000000000000000000000b4
:1074d80000000000000000000000000000000000a4
:1074e8000000000000000000000000000000000094
:1074f8000000000000000000000000000000000084
:107508000000000000000000000000000000000073
:107518000000000000000000000000000000000063
:107528000000000000000000000000000000000053
:107538000000000000000000000000000000000043
:107548000000000000000000000000000000000033
:107558000000000000000000000000000000000023
:107568000000000000000000000000000000000013
:107578000000000000000000000000000000000003
:1075880000000000000000000000000000000000f3
:1075980000000000000000000000000000000000e3
:1075a80000000000000000000000000000000000d3
:1075b80000000000000000000000000000000000c3
:1075c80000000000000000000000000000000000b3
:1075d80000000000000000000000000000000000a3
:1075e8000000000000000000000000000000000093
:1075f8000000000000000000000000000000000083
:107608000000000000000000000000000000000072
:107618000000000000000000000000000000000062
:107628000000000000000000000000000000000052
:107638000000000000000000000000000000000042
:107648000000000000000000000000000000000032
:107658000000000000000000000000000000000022
:107668000000000000000000000000000000000012
:107678000000000000000000000000000000000002
:1076880000000000000000000000000000000000f2
:1076980000000000000000000000000000000000e2
:1076a80000000000000000000000000000000000d2
:1076b80000000000000000000000000000000000c2
:1076c80000000000000000000000000000000000b2
:1076d80000000000000000000000000000000000a2
:1076e8000000000000000000000000000000000092
:1076f8000000000000000000000000000000000082
:107708000000000000000000000000000000000071
:107718000000000000000000000000000000000061
:107728000000000000000000000000000000000051
:107738000000000000000000000000000000000041
:107748000000000000000000000000000000000031
:107758000000000000000000000000000000000021
:107768000000000000000000000000000000000011
:107778000000000000000000000000000000000001
:1077880000000000000000000000000000000000f1
:1077980000000000000000000000000000000000e1
:1077a80000000000000000000000000000000000d1
:1077b80000000000000000000000000000000000c1
:1077c80000000000000000000000000000000000b1
:1077d80000000000000000000000000000000000a1
:1077e8000000000000000000000000000000000091
:1077f8000000000000000000000000000000000081
:107808000000000000000000000000000000000070
:107818000000000000000000000000000000000060
:107828000000000000000000000000000000000050
:107838000000000000000000000000000000000040
:107848000000000000000000000000000000000030
:107858000000000000000000000000000000000020
:107868000000000000000000000000000000000010
:107878000000000000000000000000000000000000
:1078880000000000000000000000000000000000f0
:1078980000000000000000000000000000000000e0
:1078a80000000000000000000000000000000000d0
:1078b80000000000000000000000000000000000c0
:1078c80000000000000000000000000000000000b0
:1078d80000000000000000000000000000000000a0
:1078e8000000000000000000000000000000000090
:1078f8000000000000000000000000000000000080
:10790800000000000000000000000000000000006f
:10791800000000000000000000000000000000005f
:10792800000000000000000000000000000000004f
:10793800000000000000000000000000000000003f
:10794800000000000000000000000000000000002f
:10795800000000000000000000000000000000001f
:10796800000000000000000000000000000000000f
:1079780000000000000000000000000000000000ff
:1079880000000000000000000000000000000000ef
:1079980000000000000000000000000000000000df
:1079a80000000000000000000000000000000000cf
:1079b80000000000000000000000000000000000bf
:1079c80000000000000000000000000000000000af
:1079d800000000000000000000000000000000009f
:1079e800000000000000000000000000000000008f
:1079f800000000000000000000000000000000007f
:107a0800000000000000000000000000000000006e
:107a1800000000000000000000000000000000005e
:107a2800000000000000000000000000000000004e
:107a3800000000000000000000000000000000003e
:107a4800000000000000000000000000000000002e
:107a5800000000000000000000000000000000001e
:107a6800000000000000000000000000000000000e
:107a780000000000000000000000000000000000fe
:107a880000000000000000000000000000000000ee
:107a980000000000000000000000000000000000de
:107aa80000000000000000000000000000000000ce
:107ab80000000000000000000000000000000000be
:107ac80000000000000000000000000000000000ae
:107ad800000000000000000000000000000000009e
:107ae800000000000000000000000000000000008e
:107af800000000000000000000000000000000007e
:107b0800000000000000000000000000000000006d
:107b1800000000000000000000000000000000005d
:107b2800000000000000000000000000000000004d
:107b3800000000000000000000000000000000003d
:107b4800000000000000000000000000000000002d
:107b5800000000000000000000000000000000001d
:107b6800000000000000000000000000000000000d
:107b780000000000000000000000000000000000fd
:107b880000000000000000000000000000000000ed
:107b980000000000000000000000000000000000dd
:107ba80000000000000000000000000000000000cd
:107bb80000000000000000000000000000000000bd
:107bc80000000000000000000000000000000000ad
:107bd800000000000000000000000000000000009d
:107be800000000000000000000000000000000008d
:107bf800000000000000000000000000000000007d
:107c0800000000000000000000000000000000006c
:107c1800000000000000000000000000000000005c
:107c2800000000000000000000000000000000004c
:107c3800000000000000000000000000000000003c
:107c4800000000000000000000000000000000002c
:107c5800000000000000000000000000000000001c
:107c6800000000000000000000000000000000000c
:107c780000000000000000000000000000000000fc
:107c880000000000000000000000000000000000ec
:107c980000000000000000000000000000000000dc
:107ca80000000000000000000000000000000000cc
:107cb80000000000000000000000000000000000bc
:107cc80000000000000000000000000000000000ac
:107cd800000000000000000000000000000000009c
:107ce800000000000000000000000000000000008c
:107cf800000000000000000000000000000000007c
:107d0800000000000000000000000000000000006b
:107d1800000000000000000000000000000000005b
:107d2800000000000000000000000000000000004b
:107d3800000000000000000000000000000000003b
:107d4800000000000000000000000000000000002b
:107d5800000000000000000000000000000000001b
:107d6800000000000000000000000000000000000b
:107d780000000000000000000000000000000000fb
:107d880000000000000000000000000000000000eb
:107d980000000000000000000000000000000000db
:107da80000000000000000000000000000000000cb
:107db80000000000000000000000000000000000bb
:107dc80000000000000000000000000000000000ab
:107dd800000000000000000000000000000000009b
:107de800000000000000000000000000000000008b
:107df800000000000000000000000000000000007b
:107e0800000000000000000000000000000000006a
:107e1800000000000000000000000000000000005a
:107e2800000000000000000000000000000000004a
:107e3800000000000000000000000000000000003a
:107e4800000000000000000000000000000000002a
:107e5800000000000000000000000000000000001a
:107e6800000000000000000000000000000000000a
:107e780000000000000000000000000000000000fa
:107e880000000000000000000000000000000000ea
:107e980000000000000000000000000000000000da
:107ea80000000000000000000000000000000000ca
:107eb80000000000000000000000000000000000ba
:107ec80000000000000000000000000000000000aa
:107ed800000000000000000000000000000000009a
:107ee800000000000000000000000000000000008a
:107ef800000000000000000000000000000000007a
:107f08000000000000000000000000000000000069
:107f18000000000000000000000000000000000059
:107f28000000000000000000000000000000000049
:107f38000000000000000000000000000000000039
:107f48000000000000000000000000000000000029
:107f58000000000000000000000000000000000019
:107f68000000000000000000000000000000000009
:107f780000000000000000000000000000000000f9
:107f880000000000000000000000000000000000e9
:107f980000000000000000000000000000000000d9
:107fa80000000000000000000000000000000000c9
:107fb80000000000000000000000000000000000b9
:107fc80000000000000000000000000000000000a9
:107fd8000000000000000000000000000000000099
:107fe8000000000000000000000000000000000089
:107ff8000000000000000000000000000000000079
:108008000000000000000000000000000000000068
:108018000000000000000000000000000000000058
:108028000000000000000000000000000000000048
:108038000000000000000000000000000000000038
:108048000000000000000000000000000000000028
:108058000000000000000000000000000000000018
:108068000000000000000000000000000000000008
:1080780000000000000000000000000000000000f8
:1080880000000000000000000000000000000000e8
:1080980000000000000000000000000000000000d8
:1080a80000000000000000000000000000000000c8
:1080b80000000000000000000000000000000000b8
:1080c80000000000000000000000000000000000a8
:1080d8000000000000000000000000000000000098
:1080e8000000000000000000000000000000000088
:1080f8000000000000000000000000000000000078
:108108000000000000000000000000000000000067
:108118000000000000000000000000000000000057
:108128000000000000000000000000000000000047
:108138000000000000000000000000000000000037
:108148000000000000000000000000000000000027
:108158000000000000000000000000000000000017
:108168000000000000000000000000000000000007
:1081780000000000000000000000000000000000f7
:1081880000000000000000000000000000000000e7
:1081980000000000000000000000000000000000d7
:1081a80000000000000000000000000000000000c7
:1081b80000000000000000000000000000000000b7
:1081c80000000000000000000000000000000000a7
:1081d8000000000000000000000000000000000097
:1081e8000000000000000000000000000000000087
:1081f8000000000000000000000000000000000077
:108208000000000000000000000000000000000066
:108218000000000000000000000000000000000056
:108228000000000000000000000000000000000046
:108238000000000000000000000000000000000036
:108248000000000000000000000000000000000026
:108258000000000000000000000000000000000016
:108268000000000000000000000000000000000006
:1082780000000000000000000000000000000000f6
:1082880000000000000000000000000000000000e6
:1082980000000000000000000000000000000000d6
:1082a80000000000000000000000000000000000c6
:1082b80000000000000000000000000000000000b6
:1082c80000000000000000000000000000000000a6
:1082d8000000000000000000000000000000000096
:1082e8000000000000000000000000000000000086
:1082f8000000000000000000000000000000000076
:108308000000000000000000000000000000000065
:108318000000000000000000000000000000000055
:108328000000000000000000000000000000000045
:108338000000000000000000000000000000000035
:108348000000000000000000000000000000000025
:108358000000000000000000000000000000000015
:108368000000000000000000000000000000000005
:1083780000000000000000000000000000000000f5
:1083880000000000000000000000000000000000e5
:1083980000000000000000000000000000000000d5
:1083a80000000000000000000000000000000000c5
:1083b80000000000000000000000000000000000b5
:1083c80000000000000000000000000000000000a5
:1083d8000000000000000000000000000000000095
:1083e8000000000000000000000000000000000085
:1083f8000000000000000000000000000000000075
:108408000000000000000000000000000000000064
:108418000000000000000000000000000000000054
:108428000000000000000000000000000000000044
:108438000000000000000000000000000000000034
:108448000000000000000000000000000000000024
:108458000000000000000000000000000000000014
:108468000000000000000000000000000000000004
:1084780000000000000000000000000000000000f4
:1084880000000000000000000000000000000000e4
:1084980000000000000000000000000000000000d4
:1084a80000000000000000000000000000000000c4
:1084b80000000000000000000000000000000000b4
:1084c80000000000000000000000000000000000a4
:1084d8000000000000000000000000000000000094
:1084e8000000000000000000000000000000000084
:1084f8000000000000000000000000000000000074
:108508000000000000000000000000000000000063
:108518000000000000000000000000000000000053
:108528000000000000000000000000000000000043
:108538000000000000000000000000000000000033
:108548000000000000000000000000000000000023
:108558000000000000000000000000000000000013
:108568000000000000000000000000000000000003
:1085780000000000000000000000000000000000f3
:1085880000000000000000000000000000000000e3
:1085980000000000000000000000000000000000d3
:1085a80000000000000000000000000000000000c3
:1085b80000000000000000000000000000000000b3
:1085c80000000000000000000000000000000000a3
:1085d8000000000000000000000000000000000093
:1085e8000000000000000000000000000000000083
:1085f8000000000000000000000000000000000073
:108608000000000000000000000000000000000062
:108618000000000000000000000000000000000052
:108628000000000000000000000000000000000042
:108638000000000000000000000000000000000032
:108648000000000000000000000000000000000022
:108658000000000000000000000000000000000012
:108668000000000000000000000000000000000002
:1086780000000000000000000000000000000000f2
:1086880000000000000000000000000000000000e2
:1086980000000000000000000000000000000000d2
:1086a80000000000000000000000000000000000c2
:1086b80000000000000000000000000000000000b2
:1086c80000000000000000000000000000000000a2
:1086d8000000000000000000000000000000000092
:1086e8000000000000000000000000000000000082
:1086f8000000000000000000000000000000000072
:108708000000000000000000000000000000000061
:108718000000000000000000000000000000000051
:108728000000000000000000000000000000000041
:108738000000000000000000000000000000000031
:108748000000000000000000000000000000000021
:108758000000000000000000000000000000000011
:108768000000000000000000000000000000000001
:1087780000000000000000000000000000000000f1
:1087880000000000000000000000000000000000e1
:1087980000000000000000000000000000000000d1
:1087a80000000000000000000000000000000000c1
:1087b80000000000000000000000000000000000b1
:1087c80000000000000000000000000000000000a1
:1087d8000000000000000000000000000000000091
:1087e8000000000000000000000000000000000081
:1087f8000000000000000000000000000000000071
:108808000000000000000000000000000000000060
:108818000000000000000000000000000000000050
:108828000000000000000000000000000000000040
:108838000000000000000000000000000000000030
:108848000000000000000000000000000000000020
:108858000000000000000000000000000000000010
:108868000000000000000000000000000000000000
:1088780000000000000000000000000000000000f0
:1088880000000000000000000000000000000000e0
:1088980000000000000000000000000000000000d0
:1088a80000000000000000000000000000000000c0
:1088b80000000000000000000000000000000000b0
:1088c80000000000000000000000000000000000a0
:1088d8000000000000000000000000000000000090
:1088e8000000000000000000000000000000000080
:1088f8000000000000000000000000000000000070
:10890800000000000000000000000000000000005f
:10891800000000000000000000000000000000004f
:10892800000000000000000000000000000000003f
:10893800000000000000000000000000000000002f
:10894800000000000000000000000000000000001f
:10895800000000000000000000000000000000000f
:1089680000000000000000000000000000000000ff
:1089780000000000000000000000000000000000ef
:1089880000000000000000000000000000000000df
:1089980000000000000000000000000000000000cf
:1089a80000000000000000000000000000000000bf
:1089b80000000000000000000000000000000000af
:1089c800000000000000000000000000000000009f
:1089d800000000000000000000000000000000008f
:1089e800000000000000000000000000000000007f
:1089f800000000000000000000000000000000006f
:108a0800000000000000000000000000000000005e
:108a1800000000000000000000000000000000004e
:108a2800000000000000000000000000000000003e
:108a3800000000000000000000000000000000002e
:108a4800000000000000000000000000000000001e
:108a5800000000000000000000000000000000000e
:108a680000000000000000000000000000000000fe
:108a780000000000000000000000000000000000ee
:108a880000000000000000000000000000000000de
:108a980000000000000000000000000000000000ce
:108aa80000000000000000000000000000000000be
:108ab80000000000000000000000000000000000ae
:108ac800000000000000000000000000000000009e
:108ad800000000000000000000000000000000008e
:108ae800000000000000000000000000000000007e
:108af800000000000000000000000000000000006e
:108b0800000000000000000000000000000000005d
:108b1800000000000000000000000000000000004d
:108b2800000000000000000000000000000000003d
:108b3800000000000000000000000000000000002d
:108b4800000000000000000000000000000000001d
:108b5800000000000000000000000000000000000d
:108b680000000000000000000000000000000000fd
:108b780000000000000000000000000000000000ed
:108b880000000000000000000000000000000000dd
:108b980000000000000000000000000000000000cd
:108ba80000000000000000000000000000000000bd
:108bb80000000000000000000000000000000000ad
:108bc800000000000000000000000000000000009d
:108bd800000000000000000000000000000000008d
:108be800000000000000000000000000000000007d
:108bf800000000000000000000000000000000006d
:108c0800000000000000000000000000000000005c
:108c1800000000000000000000000000000000004c
:108c2800000000000000000000000000000000003c
:108c3800000000000000000000000000000000002c
:108c4800000000000000000000000000000000001c
:108c5800000000000000000000000000000000000c
:108c680000000000000000000000000000000000fc
:108c780000000000000000000000000000000000ec
:108c880000000000000000000000000000000000dc
:108c980000000000000000000000000000000000cc
:108ca80000000000000000000000000000000000bc
:108cb80000000000000000000000000000000000ac
:108cc800000000000000000000000000000000009c
:108cd800000000000000000000000000000000008c
:108ce800000000000000000000000000000000007c
:108cf800000000000000000000000000000000006c
:108d0800000000000000000000000000000000005b
:108d1800000000000000000000000000000000004b
:108d2800000000000000000000000000000000003b
:108d3800000000000000000000000000000000002b
:108d4800000000000000000000000000000000001b
:108d5800000000000000000000000000000000000b
:108d680000000000000000000000000000000000fb
:108d780000000000000000000000000000000000eb
:108d880000000000000000000000000000000000db
:108d980000000000000000000000000000000000cb
:108da80000000000000000000000000000000000bb
:108db80000000000000000000000000000000000ab
:108dc800000000000000000000000000000000009b
:108dd800000000000000000000000000000000008b
:108de800000000000000000000000000000000007b
:108df800000000000000000000000000000000006b
:108e0800000000000000000000000000000000005a
:108e1800000000000000000000000000000000004a
:108e2800000000000000000000000000000000003a
:108e3800000000000000000000000000000000002a
:108e4800000000000000000000000000000000001a
:108e5800000000000000000000000000000000000a
:108e680000000000000000000000000000000000fa
:108e780000000000000000000000000000000000ea
:108e880000000000000000000000000000000000da
:108e980000000000000000000000000000000000ca
:108ea80000000000000000000000000000000000ba
:108eb80000000000000000000000000000000000aa
:108ec800000000000000000000000000000000009a
:108ed800000000000000000000000000000000008a
:108ee800000000000000000000000000000000007a
:108ef800000000000000000000000000000000006a
:108f08000000000000000000000000000000000059
:108f18000000000000000000000000000000000049
:108f28000000000000000000000000000000000039
:108f38000000000000000000000000000000000029
:108f48000000000000000000000000000000000019
:108f58000000000000000000000000000000000009
:108f680000000000000000000000000000000000f9
:108f780000000000000000000000000000000000e9
:108f880000000000000000000000000000000000d9
:108f980000000000000000000000000000000000c9
:108fa80000000000000000000000000000000000b9
:108fb80000000000000000000000000000000000a9
:108fc8000000000000000000000000000000000099
:108fd8000000000000000000000000000000000089
:108fe8000000000000000000000000000000000079
:108ff8000000000000000000000000000000000069
:109008000000000000000000000000000000000058
:109018000000000000000000000000000000000048
:109028000000000000000000000000000000000038
:109038000000000000000000000000000000000028
:109048000000000000000000000000000000000018
:109058000000000000000000000000000000000008
:1090680000000000000000000000000000000000f8
:1090780000000000000000000000000000000000e8
:1090880000000000000000000000000000000000d8
:1090980000000000000000000000000000000000c8
:1090a80000000000000000000000000000000000b8
:1090b80000000000000000000000000000000000a8
:1090c8000000000000000000000000000000000098
:1090d8000000000000000000000000000000000088
:1090e8000000000000000000000000000000000078
:1090f8000000000000000000000000000000000068
:109108000000000000000000000000000000000057
:109118000000000000000000000000000000000047
:109128000000000000000000000000000000000037
:109138000000000000000000000000000000000027
:109148000000000000000000000000000000000017
:109158000000000000000000000000000000000007
:1091680000000000000000000000000000000000f7
:1091780000000000000000000000000000000000e7
:1091880000000000000000000000000000000000d7
:1091980000000000000000000000000000000000c7
:1091a80000000000000000000000000000000000b7
:1091b80000000000000000000000000000000000a7
:1091c8000000000000000000000000000000000097
:1091d8000000000000000000000000000000000087
:1091e8000000000000000000000000000000000077
:1091f8000000000000000000000000000000000067
:109208000000000000000000000000000000000056
:109218000000000000000000000000000000000046
:109228000000000000000000000000000000000036
:109238000000000000000000000000000000000026
:109248000000000000000000000000000000000016
:109258000000000000000000000000000000000006
:1092680000000000000000000000000000000000f6
:1092780000000000000000000000000000000000e6
:1092880000000000000000000000000000000000d6
:1092980000000000000000000000000000000000c6
:1092a80000000000000000000000000000000000b6
:1092b80000000000000000000000000000000000a6
:1092c8000000000000000000000000000000000096
:1092d8000000000000000000000000000000000086
:1092e8000000000000000000000000000000000076
:1092f8000000000000000000000000000000000066
:109308000000000000000000000000000000000055
:109318000000000000000000000000000000000045
:109328000000000000000000000000000000000035
:109338000000000000000000000000000000000025
:109348000000000000000000000000000000000015
:109358000000000000000000000000000000000005
:1093680000000000000000000000000000000000f5
:1093780000000000000000000000000000000000e5
:1093880000000000000000000000000000000000d5
:1093980000000000000000000000000000000000c5
:1093a80000000000000000000000000000000000b5
:1093b80000000000000000000000000000000000a5
:1093c8000000000000000000000000000000000095
:1093d8000000000000000000000000000000000085
:1093e8000000000000000000000000000000000075
:1093f8000000000000000000000000000000000065
:109408000000000000000000000000000000000054
:109418000000000000000000000000000000000044
:109428000000000000000000000000000000000034
:109438000000000000000000000000000000000024
:109448000000000000000000000000000000000014
:109458000000000000000000000000000000000004
:1094680000000000000000000000000000000000f4
:1094780000000000000000000000000000000000e4
:1094880000000000000000000000000000000000d4
:1094980000000000000000000000000000000000c4
:1094a80000000000000000000000000000000000b4
:1094b80000000000000000000000000000000000a4
:1094c8000000000000000000000000000000000094
:1094d8000000000000000000000000000000000084
:1094e8000000000000000000000000000000000074
:1094f8000000000000000000000000000000000064
:109508000000000000000000000000000000000053
:109518000000000000000000000000000000000043
:109528000000000000000000000000000000000033
:109538000000000000000000000000000000000023
:109548000000000000000000000000000000000013
:109558000000000000000000000000000000000003
:1095680000000000000000000000000000000000f3
:1095780000000000000000000000000000000000e3
:1095880000000000000000000000000000000000d3
:1095980000000000000000000000000000000000c3
:1095a80000000000000000000000000000000000b3
:1095b80000000000000000000000000000000000a3
:1095c8000000000000000000000000000000000093
:1095d8000000000000000000000000000000000083
:1095e8000000000000000000000000000000000073
:1095f8000000000000000000000000000000000063
:109608000000000000000000000000000000000052
:109618000000000000000000000000000000000042
:109628000000000000000000000000000000000032
:109638000000000000000000000000000000000022
:109648000000000000000000000000000000000012
:109658000000000000000000000000000000000002
:1096680000000000000000000000000000000000f2
:1096780000000000000000000000000000000000e2
:1096880000000000000000000000000000000000d2
:1096980000000000000000000000000000000000c2
:1096a80000000000000000000000000000000000b2
:1096b80000000000000000000000000000000000a2
:1096c8000000000000000000000000000000000092
:1096d8000000000000000000000000000000000082
:1096e8000000000000000000000000000000000072
:1096f8000000000000000000000000000000000062
:109708000000000000000000000000000000000051
:109718000000000000000000000000000000000041
:109728000000000000000000000000000000000031
:109738000000000000000000000000000000000021
:109748000000000000000000000000000000000011
:109758000000000000000000000000000000000001
:1097680000000000000000000000000000000000f1
:1097780000000000000000000000000000000000e1
:1097880000000000000000000000000000000000d1
:1097980000000000000000000000000000000000c1
:1097a80000000000000000000000000000000000b1
:1097b80000000000000000000000000000000000a1
:1097c8000000000000000000000000000000000091
:1097d8000000000000000000000000000000000081
:1097e8000000000000000000000000000000000071
:1097f8000000000000000000000000000000000061
:109808000000000000000000000000000000000050
:109818000000000000000000000000000000000040
:109828000000000000000000000000000000000030
:109838000000000000000000000000000000000020
:109848000000000000000000000000000000000010
:109858000000000000000000000000000000000000
:1098680000000000000000000000000000000000f0
:1098780000000000000000000000000000000000e0
:1098880000000000000000000000000000000000d0
:1098980000000000000000000000000000000000c0
:1098a80000000000000000000000000000000000b0
:1098b80000000000000000000000000000000000a0
:1098c8000000000000000000000000000000000090
:1098d8000000000000000000000000000000000080
:1098e8000000000000000000000000000000000070
:1098f8000000000000000000000000000000000060
:10990800000000000000000000000000000000004f
:10991800000000000000000000000000000000003f
:10992800000000000000000000000000000000002f
:10993800000000000000000000000000000000001f
:10994800000000000000000000000000000000000f
:1099580000000000000000000000000000000000ff
:1099680000000000000000000000000000000000ef
:1099780000000000000000000000000000000000df
:1099880000000000000000000000000000000000cf
:1099980000000000000000000000000000000000bf
:1099a80000000000000000000000000000000000af
:1099b800000000000000000000000000000000009f
:1099c800000000000000000000000000000000008f
:1099d800000000000000000000000000000000007f
:1099e800000000000000000000000000000000006f
:1099f800000000000000000000000000000000005f
:109a0800000000000000000000000000000000004e
:109a1800000000000000000000000000000000003e
:109a2800000000000000000000000000000000002e
:109a3800000000000000000000000000000000001e
:109a4800000000000000000000000000000000000e
:109a580000000000000000000000000000000000fe
:109a680000000000000000000000000000000000ee
:109a780000000000000000000000000000000000de
:109a880000000000000000000000000000000000ce
:109a980000000000000000000000000000000000be
:109aa80000000000000000000000000000000000ae
:109ab800000000000000000000000000000000009e
:109ac800000000000000000000000000000000008e
:109ad800000000000000000000000000000000007e
:109ae800000000000000000000000000000000006e
:109af800000000000000000000000000000000005e
:109b0800000000000000000000000000000000004d
:109b1800000000000000000000000000000000003d
:109b2800000000000000000000000000000000002d
:109b3800000000000000000000000000000000001d
:109b4800000000000000000000000000000000000d
:109b580000000000000000000000000000000000fd
:109b680000000000000000000000000000000000ed
:109b780000000000000000000000000000000000dd
:109b880000000000000000000000000000000000cd
:109b980000000000000000000000000000000000bd
:109ba80000000000000000000000000000000000ad
:109bb800000000000000000000000000000000009d
:109bc800000000000000000000000000000000008d
:109bd800000000000000000000000000000000007d
:109be800000000000000000000000000000000006d
:109bf800000000000000000000000000000000005d
:109c0800000000000000000000000000000000004c
:109c1800000000000000000000000000000000003c
:109c2800000000000000000000000000000000002c
:109c3800000000000000000000000000000000001c
:109c4800000000000000000000000000000000000c
:109c580000000000000000000000000000000000fc
:109c680000000000000000000000000000000000ec
:109c780000000000000000000000000000000000dc
:109c880000000000000000000000000000000000cc
:109c980000000000000000000000000000000000bc
:109ca80000000000000000000000000000000000ac
:109cb800000000000000000000000000000000009c
:109cc800000000000000000000000000000000008c
:109cd800000000000000000000000000000000007c
:109ce800000000000000000000000000000000006c
:109cf800000000000000000000000000000000005c
:109d0800000000000000000000000000000000004b
:109d1800000000000000000000000000000000003b
:109d2800000000000000000000000000000000002b
:109d3800000000000000000000000000000000001b
:109d4800000000000000000000000000000000000b
:109d580000000000000000000000000000000000fb
:109d680000000000000000000000000000000000eb
:109d780000000000000000000000000000000000db
:109d880000000000000000000000000000000000cb
:109d980000000000000000000000000000000000bb
:109da80000000000000000000000000000000000ab
:109db800000000000000000000000000000000009b
:109dc800000000000000000000000000000000008b
:109dd800000000000000000000000000000000007b
:109de800000000000000000000000000000000006b
:109df800000000000000000000000000000000005b
:109e0800000000000000000000000000000000004a
:109e1800000000000000000000000000000000003a
:109e2800000000000000000000000000000000002a
:109e3800000000000000000000000000000000001a
:109e4800000000000000000000000000000000000a
:109e580000000000000000000000000000000000fa
:109e680000000000000000000000000000000000ea
:109e780000000000000000000000000000000000da
:109e880000000000000000000000000000000000ca
:109e980000000000000000000000000000000000ba
:109ea80000000000000000000000000000000000aa
:109eb800000000000000000000000000000000009a
:109ec800000000000000000000000000000000008a
:109ed800000000000000000000000000000000007a
:109ee800000000000000000000000000000000006a
:109ef800000000000000000000000000000000005a
:109f08000000000000000000000000000000000049
:109f18000000000000000000000000000000000039
:109f28000000000000000000000000000000000029
:109f38000000000000000000000000000000000019
:109f48000000000000000000000000000000000009
:109f580000000000000000000000000000000000f9
:109f680000000000000000000000000000000000e9
:109f780000000000000000000000000000000000d9
:109f880000000000000000000000000000000000c9
:109f980000000000000000000000000000000000b9
:109fa80000000000000000000000000000000000a9
:109fb8000000000000000000000000000000000099
:109fc8000000000000000000000000000000000089
:109fd8000000000000000000000000000000000079
:109fe8000000000000000000000000000000000069
:109ff8000000000000000000000000000000000059
:10a008000000000000000000000000000000000048
:10a018000000000000000000000000000000000038
:10a028000000000000000000000000000000000028
:10a038000000000000000000000000000000000018
:10a048000000000000000000000000000000000008
:10a0580000000000000000000000000000000000f8
:10a0680000000000000000000000000000000000e8
:10a0780000000000000000000000000000000000d8
:10a0880000000000000000000000000000000000c8
:10a0980000000000000000000000000000000000b8
:10a0a80000000000000000000000000000000000a8
:10a0b8000000000000000000000000000000000098
:10a0c8000000000000000000000000000000000088
:10a0d8000000000000000000000000000000000078
:10a0e8000000000000000000000000000000000068
:10a0f8000000000000000000000000000000000058
:10a108000000000000000000000000000000000047
:10a118000000000000000000000000000000000037
:10a128000000000000000000000000000000000027
:10a138000000000000000000000000000000000017
:10a148000000000000000000000000000000000007
:10a1580000000000000000000000000000000000f7
:10a1680000000000000000000000000000000000e7
:10a1780000000000000000000000000000000000d7
:10a1880000000000000000000000000000000000c7
:10a1980000000000000000000000000000000000b7
:10a1a80000000000000000000000000000000000a7
:10a1b8000000000000000000000000000000000097
:10a1c8000000000000000000000000000000000087
:10a1d8000000000000000000000000000000000077
:10a1e8000000000000000000000000000000000067
:10a1f8000000000000000000000000000000000057
:10a208000000000000000000000000000000000046
:10a218000000000000000000000000000000000036
:10a228000000000000000000000000000000000026
:10a238000000000000000000000000000000000016
:10a248000000000000000000000000000000000006
:10a2580000000000000000000000000000000000f6
:10a2680000000000000000000000000000000000e6
:10a2780000000000000000000000000000000000d6
:10a2880000000000000000000000000000000000c6
:10a2980000000000000000000000000000000000b6
:10a2a80000000000000000000000000000000000a6
:10a2b8000000000000000000000000000000000096
:10a2c8000000000000000000000000000000000086
:10a2d8000000000000000000000000000000000076
:10a2e8000000000000000000000000000000000066
:10a2f8000000000000000000000000000000000056
:10a308000000000000000000000000000000000045
:10a318000000000000000000000000000000000035
:10a328000000000000000000000000000000000025
:10a338000000000000000000000000000000000015
:10a348000000000000000000000000000000000005
:10a3580000000000000000000000000000000000f5
:10a3680000000000000000000000000000000000e5
:10a3780000000000000000000000000000000000d5
:10a3880000000000000000000000000000000000c5
:10a3980000000000000000000000000000000000b5
:10a3a80000000000000000000000000000000000a5
:10a3b8000000000000000000000000000000000095
:10a3c8000000000000000000000000000000000085
:10a3d8000000000000000000000000000000000075
:10a3e8000000000000000000000000000000000065
:10a3f8000000000000000000000000000000000055
:10a408000000000000000000000000000000000044
:10a418000000000000000000000000000000000034
:10a428000000000000000000000000000000000024
:10a438000000000000000000000000000000000014
:10a448000000000000000000000000000000000004
:10a4580000000000000000000000000000000000f4
:10a4680000000000000000000000000000000000e4
:10a4780000000000000000000000000000000000d4
:10a4880000000000000000000000000000000000c4
:10a4980000000000000000000000000000000000b4
:10a4a80000000000000000000000000000000000a4
:10a4b8000000000000000000000000000000000094
:10a4c8000000000000000000000000000000000084
:10a4d8000000000000000000000000000000000074
:10a4e8000000000000000000000000000000000064
:10a4f8000000000000000000000000000000000054
:10a508000000000000000000000000000000000043
:10a518000000000000000000000000000000000033
:10a528000000000000000000000000000000000023
:10a538000000000000000000000000000000000013
:10a548000000000000000000000000000000000003
:10a5580000000000000000000000000000000000f3
:10a5680000000000000000000000000000000000e3
:10a5780000000000000000000000000000000000d3
:10a5880000000000000000000000000000000000c3
:10a5980000000000000000000000000000000000b3
:10a5a80000000000000000000000000000000000a3
:10a5b8000000000000000000000000000000000093
:10a5c8000000000000000000000000000000000083
:10a5d8000000000000000000000000000000000073
:10a5e8000000000000000000000000000000000063
:10a5f8000000000000000000000000000000000053
:10a608000000000000000000000000000000000042
:10a618000000000000000000000000000000000032
:10a628000000000000000000000000000000000022
:10a638000000000000000000000000000000000012
:10a648000000000000000000000000000000000002
:10a6580000000000000000000000000000000000f2
:10a6680000000000000000000000000000000000e2
:10a6780000000000000000000000000000000000d2
:10a6880000000000000000000000000000000000c2
:10a6980000000000000000000000000000000000b2
:10a6a80000000000000000000000000000000000a2
:10a6b8000000000000000000000000000000000092
:10a6c8000000000000000000000000000000000082
:10a6d8000000000000000000000000000000000072
:10a6e8000000000000000000000000000000000062
:10a6f8000000000000000000000000000000000052
:10a708000000000000000000000000000000000041
:10a718000000000000000000000000000000000031
:10a728000000000000000000000000000000000021
:10a738000000000000000000000000000000000011
:10a748000000000000000000000000000000000001
:10a7580000000000000000000000000000000000f1
:10a7680000000000000000000000000000000000e1
:10a7780000000000000000000000000000000000d1
:10a7880000000000000000000000000000000000c1
:10a7980000000000000000000000000000000000b1
:10a7a80000000000000000000000000000000000a1
:10a7b8000000000000000000000000000000000091
:10a7c8000000000000000000000000000000000081
:10a7d8000000000000000000000000000000000071
:10a7e8000000000000000000000000000000000061
:10a7f8000000000000000000000000000000000051
:10a808000000000000000000000000000000000040
:10a818000000000000000000000000000000000030
:10a828000000000000000000000000000000000020
:10a838000000000000000000000000000000000010
:10a848000000000000000000000000000000000000
:10a8580000000000000000000000000000000000f0
:10a8680000000000000000000000000000000000e0
:10a8780000000000000000000000000000000000d0
:10a8880000000000000000000000000000000000c0
:10a8980000000000000000000000000000000000b0
:10a8a80000000000000000000000000000000000a0
:10a8b8000000000000000000000000000000000090
:10a8c8000000000000000000000000000000000080
:10a8d8000000000000000000000000000000000070
:10a8e8000000000000000000000000000000000060
:10a8f8000000000000000000000000000000000050
:10a90800000000000000000000000000000000003f
:10a91800000000000000000000000000000000002f
:10a92800000000000000000000000000000000001f
:10a93800000000000000000000000000000000000f
:10a9480000000000000000000000000000000000ff
:10a9580000000000000000000000000000000000ef
:10a9680000000000000000000000000000000000df
:10a9780000000000000000000000000000000000cf
:10a9880000000000000000000000000000000000bf
:10a9980000000000000000000000000000000000af
:10a9a800000000000000000000000000000000009f
:10a9b800000000000000000000000000000000008f
:10a9c800000000000000000000000000000000007f
:10a9d800000000000000000000000000000000006f
:10a9e800000000000000000000000000000000005f
:10a9f800000000000000000000000000000000004f
:10aa0800000000000000000000000000000000003e
:10aa1800000000000000000000000000000000002e
:10aa2800000000000000000000000000000000001e
:10aa3800000000000000000000000000000000000e
:10aa480000000000000000000000000000000000fe
:10aa580000000000000000000000000000000000ee
:10aa680000000000000000000000000000000000de
:10aa780000000000000000000000000000000000ce
:10aa880000000000000000000000000000000000be
:10aa980000000000000000000000000000000000ae
:10aaa800000000000000000000000000000000009e
:10aab800000000000000000000000000000000008e
:10aac800000000000000000000000000000000007e
:10aad800000000000000000000000000000000006e
:10aae800000000000000000000000000000000005e
:10aaf800000000000000000000000000000000004e
:10ab0800000000000000000000000000000000003d
:10ab1800000000000000000000000000000000002d
:10ab2800000000000000000000000000000000001d
:10ab3800000000000000000000000000000000000d
:10ab480000000000000000000000000000000000fd
:10ab580000000000000000000000000000000000ed
:10ab680000000000000000000000000000000000dd
:10ab780000000000000000000000000000000000cd
:10ab880000000000000000000000000000000000bd
:10ab980000000000000000000000000000000000ad
:10aba800000000000000000000000000000000009d
:10abb800000000000000000000000000000000008d
:10abc800000000000000000000000000000000007d
:10abd800000000000000000000000000000000006d
:10abe800000000000000000000000000000000005d
:10abf800000000000000000000000000000000004d
:10ac0800000000000000000000000000000000003c
:10ac1800000000000000000000000000000000002c
:10ac2800000000000000000000000000000000001c
:10ac3800000000000000000000000000000000000c
:10ac480000000000000000000000000000000000fc
:10ac580000000000000000000000000000000000ec
:10ac680000000000000000000000000000000000dc
:10ac780000000000000000000000000000000000cc
:10ac880000000000000000000000000000000000bc
:10ac980000000000000000000000000000000000ac
:10aca800000000000000000000000000000000009c
:10acb800000000000000000000000000000000008c
:10acc800000000000000000000000000000000007c
:10acd800000000000000000000000000000000006c
:10ace800000000000000000000000000000000005c
:10acf800000000000000000000000000000000004c
:10ad0800000000000000000000000000000000003b
:10ad1800000000000000000000000000000000002b
:10ad2800000000000000000000000000000000001b
:10ad3800000000000000000000000000000000000b
:10ad480000000000000000000000000000000000fb
:10ad580000000000000000000000000000000000eb
:10ad680000000000000000000000000000000000db
:10ad780000000000000000000000000000000000cb
:10ad880000000000000000000000000000000000bb
:10ad980000000000000000000000000000000000ab
:10ada800000000000000000000000000000000009b
:10adb800000000000000000000000000000000008b
:10adc800000000000000000000000000000000007b
:10add800000000000000000000000000000000006b
:10ade800000000000000000000000000000000005b
:10adf800000000000000000000000000000000004b
:10ae0800000000000000000000000000000000003a
:10ae1800000000000000000000000000000000002a
:10ae2800000000000000000000000000000000001a
:10ae3800000000000000000000000000000000000a
:10ae480000000000000000000000000000000000fa
:10ae580000000000000000000000000000000000ea
:10ae680000000000000000000000000000000000da
:10ae780000000000000000000000000000000000ca
:10ae880000000000000000000000000000000000ba
:10ae980000000000000000000000000000000000aa
:10aea800000000000000000000000000000000009a
:10aeb800000000000000000000000000000000008a
:10aec800000000000000000000000000000000007a
:10aed800000000000000000000000000000000006a
:10aee800000000000000000000000000000000005a
:10aef800000000000000000000000000000000004a
:10af08000000000000000000000000000000000039
:10af18000000000000000000000000000000000029
:10af28000000000000000000000000000000000019
:10af38000000000000000000000000000000000009
:10af480000000000000000000000000000000000f9
:10af580000000000000000000000000000000000e9
:10af680000000000000000000000000000000000d9
:10af780000000000000000000000000000000000c9
:10af880000000000000000000000000000000000b9
:10af980000000000000000000000000000000000a9
:10afa8000000000000000000000000000000000099
:10afb8000000000000000000000000000000000089
:10afc8000000000000000000000000000000000079
:10afd8000000000000000000000000000000000069
:10afe8000000000000000000000000000000000059
:10aff8000000000000000000000000000000000049
:10b008000000000000000000000000000000000038
:10b018000000000000000000000000000000000028
:10b028000000000000000000000000000000000018
:10b038000000000000000000000000000000000008
:10b0480000000000000000000000000000000000f8
:10b0580000000000000000000000000000000000e8
:10b0680000000000000000000000000000000000d8
:10b0780000000000000000000000000000000000c8
:10b0880000000000000000000000000000000000b8
:10b0980000000000000000000000000000000000a8
:10b0a8000000000000000000000000000000000098
:10b0b8000000000000000000000000000000000088
:10b0c8000000000000000000000000000000000078
:10b0d8000000000000000000000000000000000068
:10b0e8000000000000000000000000000000000058
:10b0f8000000000000000000000000000000000048
:10b108000000000000000000000000000000000037
:10b118000000000000000000000000000000000027
:10b128000000000000000000000000000000000017
:10b138000000000000000000000000000000000007
:10b1480000000000000000000000000000000000f7
:10b1580000000000000000000000000000000000e7
:10b1680000000000000000000000000000000000d7
:10b1780000000000000000000000000000000000c7
:10b1880000000000000000000000000000000000b7
:10b1980000000000000000000000000000000000a7
:10b1a8000000000000000000000000000000000097
:10b1b8000000000000000000000000000000000087
:10b1c8000000000000000000000000000000000077
:10b1d8000000000000000000000000000000000067
:10b1e8000000000000000000000000000000000057
:10b1f8000000000000000000000000000000000047
:10b208000000000000000000000000000000000036
:10b218000000000000000000000000000000000026
:10b228000000000000000000000000000000000016
:10b238000000000000000000000000000000000006
:10b2480000000000000000000000000000000000f6
:10b2580000000000000000000000000000000000e6
:10b2680000000000000000000000000000000000d6
:10b2780000000000000000000000000000000000c6
:10b2880000000000000000000000000000000000b6
:10b2980000000000000000000000000000000000a6
:10b2a8000000000000000000000000000000000096
:10b2b8000000000000000000000000000000000086
:10b2c8000000000000000000000000000000000076
:10b2d8000000000000000000000000000000000066
:10b2e8000000000000000000000000000000000056
:10b2f8000000000000000000000000000000000046
:10b308000000000000000000000000000000000035
:10b318000000000000000000000000000000000025
:10b328000000000000000000000000000000000015
:10b338000000000000000000000000000000000005
:10b3480000000000000000000000000000000000f5
:10b3580000000000000000000000000000000000e5
:10b3680000000000000000000000000000000000d5
:10b3780000000000000000000000000000000000c5
:10b3880000000000000000000000000000000000b5
:10b3980000000000000000000000000000000000a5
:10b3a8000000000000000000000000000000000095
:10b3b8000000000000000000000000000000000085
:10b3c8000000000000000000000000000000000075
:10b3d8000000000000000000000000000000000065
:10b3e8000000000000000000000000000000000055
:10b3f8000000000000000000000000000000000045
:10b408000000000000000000000000000000000034
:10b418000000000000000000000000000000000024
:10b428000000000000000000000000000000000014
:10b438000000000000000000000000000000000004
:10b4480000000000000000000000000000000000f4
:10b4580000000000000000000000000000000000e4
:10b4680000000000000000000000000000000000d4
:10b4780000000000000000000000000000000000c4
:10b4880000000000000000000000000000000000b4
:10b4980000000000000000000000000000000000a4
:10b4a8000000000000000000000000000000000094
:10b4b8000000000000000000000000000000000084
:10b4c8000000000000000000000000000000000074
:10b4d8000000000000000000000000000000000064
:10b4e8000000000000000000000000000000000054
:10b4f8000000000000000000000000000000000044
:10b508000000000000000000000000000000000033
:10b518000000000000000000000000000000000023
:10b528000000000000000000000000000000000013
:10b538000000000000000000000000000000000003
:10b5480000000000000000000000000000000000f3
:10b5580000000000000000000000000000000000e3
:10b5680000000000000000000000000000000000d3
:10b5780000000000000000000000000000000000c3
:10b5880000000000000000000000000000000000b3
:10b5980000000000000000000000000000000000a3
:10b5a8000000000000000000000000000000000093
:10b5b8000000000000000000000000000000000083
:10b5c8000000000000000000000000000000000073
:10b5d8000000000000000000000000000000000063
:10b5e8000000000000000000000000000000000053
:10b5f8000000000000000000000000000000000043
:10b608000000000000000000000000000000000032
:10b618000000000000000000000000000000000022
:10b628000000000000000000000000000000000012
:10b638000000000000000000000000000000000002
:10b6480000000000000000000000000000000000f2
:10b6580000000000000000000000000000000000e2
:10b6680000000000000000000000000000000000d2
:10b6780000000000000000000000000000000000c2
:10b6880000000000000000000000000000000000b2
:10b6980000000000000000000000000000000000a2
:10b6a8000000000000000000000000000000000092
:10b6b8000000000000000000000000000000000082
:10b6c8000000000000000000000000000000000072
:10b6d8000000000000000000000000000000000062
:10b6e8000000000000000000000000000000000052
:10b6f8000000000000000000000000000000000042
:10b708000000000000000000000000000000000031
:10b718000000000000000000000000000000000021
:10b728000000000000000000000000000000000011
:10b738000000000000000000000000000000000001
:10b7480000000000000000000000000000000000f1
:10b7580000000000000000000000000000000000e1
:10b7680000000000000000000000000000000000d1
:10b7780000000000000000000000000000000000c1
:10b7880000000000000000000000000000000000b1
:10b7980000000000000000000000000000000000a1
:10b7a8000000000000000000000000000000000091
:10b7b8000000000000000000000000000000000081
:10b7c8000000000000000000000000000000000071
:10b7d8000000000000000000000000000000000061
:10b7e8000000000000000000000000000000000051
:10b7f8000000000000000000000000000000000041
:10b808000000000000000000000000000000000030
:10b818000000000000000000000000000000000020
:10b828000000000000000000000000000000000010
:10b838000000000000000000000000000000000000
:10b8480000000000000000000000000000000000f0
:10b8580000000000000000000000000000000000e0
:10b8680000000000000000000000000000000000d0
:10b8780000000000000000000000000000000000c0
:10b8880000000000000000000000000000000000b0
:10b8980000000000000000000000000000000000a0
:10b8a8000000000000000000000000000000000090
:10b8b8000000000000000000000000000000000080
:10b8c8000000000000000000000000000000000070
:10b8d8000000000000000000000000000000000060
:10b8e8000000000000000000000000000000000050
:10b8f8000000000000000000000000000000000040
:10b90800000000000000000000000000000000002f
:10b91800000000000000000000000000000000001f
:10b92800000000000000000000000000000000000f
:10b9380000000000000000000000000000000000ff
:10b9480000000000000000000000000000000000ef
:10b9580000000000000000000000000000000000df
:10b9680000000000000000000000000000000000cf
:10b9780000000000000000000000000000000000bf
:10b9880000000000000000000000000000000000af
:10b99800000000000000000000000000000000009f
:10b9a800000000000000000000000000000000008f
:10b9b800000000000000000000000000000000007f
:10b9c800000000000000000000000000000000006f
:10b9d800000000000000000000000000000000005f
:10b9e800000000000000000000000000000000004f
:10b9f800000000000000000000000000000000003f
:10ba0800000000000000000000000000000000002e
:10ba1800000000000000000000000000000000001e
:10ba2800000000000000000000000000000000000e
:10ba380000000000000000000000000000000000fe
:10ba480000000000000000000000000000000000ee
:10ba580000000000000000000000000000000000de
:10ba680000000000000000000000000000000000ce
:10ba780000000000000000000000000000000000be
:10ba880000000000000000000000000000000000ae
:10ba9800000000000000000000000000000000009e
:10baa800000000000000000000000000000000008e
:10bab800000000000000000000000000000000007e
:10bac800000000000000000000000000000000006e
:10bad800000000000000000000000000000000005e
:10bae800000000000000000000000000000000004e
:10baf800000000000000000000000000000000003e
:10bb0800000000000000000000000000000000002d
:10bb1800000000000000000000000000000000001d
:10bb2800000000000000000000000000000000000d
:10bb380000000000000000000000000000000000fd
:10bb480000000000000000000000000000000000ed
:10bb580000000000000000000000000000000000dd
:10bb680000000000000000000000000000000000cd
:10bb780000000000000000000000000000000000bd
:10bb880000000000000000000000000000000000ad
:10bb9800000000000000000000000000000000009d
:10bba800000000000000000000000000000000008d
:10bbb800000000000000000000000000000000007d
:10bbc800000000000000000000000000000000006d
:10bbd800000000000000000000000000000000005d
:10bbe800000000000000000000000000000000004d
:10bbf800000000000000000000000000000000003d
:10bc0800000000000000000000000000000000002c
:10bc1800000000000000000000000000000000001c
:10bc2800000000000000000000000000000000000c
:10bc380000000000000000000000000000000000fc
:10bc480000000000000000000000000000000000ec
:10bc580000000000000000000000000000000000dc
:10bc680000000000000000000000000000000000cc
:10bc780000000000000000000000000000000000bc
:10bc880000000000000000000000000000000000ac
:10bc9800000000000000000000000000000000009c
:10bca800000000000000000000000000000000008c
:10bcb800000000000000000000000000000000007c
:10bcc800000000000000000000000000000000006c
:10bcd800000000000000000000000000000000005c
:10bce800000000000000000000000000000000004c
:10bcf800000000000000000000000000000000003c
:10bd0800000000000000000000000000000000002b
:10bd1800000000000000000000000000000000001b
:10bd2800000000000000000000000000000000000b
:10bd380000000000000000000000000000000000fb
:10bd480000000000000000000000000000000000eb
:10bd580000000000000000000000000000000000db
:10bd680000000000000000000000000000000000cb
:10bd780000000000000000000000000000000000bb
:10bd880000000000000000000000000000000000ab
:10bd9800000000000000000000000000000000009b
:10bda800000000000000000000000000000000008b
:10bdb800000000000000000000000000000000007b
:10bdc800000000000000000000000000000000006b
:10bdd800000000000000000000000000000000005b
:10bde800000000000000000000000000000000004b
:10bdf800000000000000000000000000000000003b
:10be0800000000000000000000000000000000002a
:10be1800000000000000000000000000000000001a
:10be2800000000000000000000000000000000000a
:10be380000000000000000000000000000000000fa
:10be480000000000000000000000000000000000ea
:10be580000000000000000000000000000000000da
:10be680000000000000000000000000000000000ca
:10be780000000000000000000000000000000000ba
:10be880000000000000000000000000000000000aa
:10be9800000000000000000000000000000000009a
:10bea800000000000000000000000000000000008a
:10beb800000000000000000000000000000000007a
:10bec800000000000000000000000000000000006a
:10bed800000000000000000000000000000000005a
:10bee800000000000000000000000000000000004a
:10bef800000000000000000000000000000000003a
:10bf08000000000000000000000000000000000029
:10bf18000000000000000000000000000000000019
:10bf28000000000000000000000000000000000009
:10bf380000000000000000000000000000000000f9
:10bf480000000000000000000000000000000000e9
:10bf580000000000000000000000000000000000d9
:10bf680000000000000000000000000000000000c9
:10bf780000000000000000000000000000000000b9
:10bf880000000000000000000000000000000000a9
:10bf98000000000000000000000000000000000099
:10bfa8000000000000000000000000000000000089
:10bfb8000000000000000000000000000000000079
:10bfc8000000000000000000000000000000000069
:10bfd8000000000000000000000000000000000059
:10bfe8000000000000000000000000000000000049
:10bff8000000000000000000000000000000000039
:10c008000000000000000000000000000000000028
:10c018000000000000000000000000000000000018
:10c028000000000000000000000000000000000008
:10c0380000000000000000000000000000000000f8
:10c0480000000000000000000000000000000000e8
:10c0580000000000000000000000000000000000d8
:10c0680000000000000000000000000000000000c8
:10c0780000000000000000000000000000000000b8
:10c0880000000000000000000000000000000000a8
:10c098000000000000000000000000000000000098
:10c0a8000000000000000000000000000000000088
:10c0b8000000000000000000000000000000000078
:10c0c8000000000000000000000000000000000068
:10c0d8000000000000000000000000000000000058
:10c0e8000000000000000000000000000000000048
:10c0f8000000000000000000000000000000000038
:10c108000000000000000000000000000000000027
:10c118000000000000000000000000000000000017
:10c128000000000000000000000000000000000007
:10c1380000000000000000000000000000000000f7
:10c1480000000000000000000000000000000000e7
:10c1580000000000000000000000000000000000d7
:10c1680000000000000000000000000000000000c7
:10c1780000000000000000000000000000000000b7
:10c1880000000000000000000000000000000000a7
:10c198000000000000000000000000000000000097
:10c1a8000000000000000000000000000000000087
:10c1b8000000000000000000000000000000000077
:10c1c8000000000000000000000000000000000067
:10c1d8000000000000000000000000000000000057
:10c1e8000000000000000000000000000000000047
:10c1f8000000000000000000000000000000000037
:10c208000000000000000000000000000000000026
:10c218000000000000000000000000000000000016
:10c228000000000000000000000000000000000006
:10c2380000000000000000000000000000000000f6
:10c2480000000000000000000000000000000000e6
:10c2580000000000000000000000000000000000d6
:10c2680000000000000000000000000000000000c6
:10c2780000000000000000000000000000000000b6
:10c2880000000000000000000000000000000000a6
:10c298000000000000000000000000000000000096
:10c2a8000000000000000000000000000000000086
:10c2b8000000000000000000000000000000000076
:10c2c8000000000000000000000000000000000066
:10c2d8000000000000000000000000000000000056
:10c2e8000000000000000000000000000000000046
:10c2f8000000000000000000000000000000000036
:10c308000000000000000000000000000000000025
:10c318000000000000000000000000000000000015
:10c328000000000000000000000000000000000005
:10c3380000000000000000000000000000000000f5
:10c3480000000000000000000000000000000000e5
:10c3580000000000000000000000000000000000d5
:10c3680000000000000000000000000000000000c5
:10c3780000000000000000000000000000000000b5
:10c3880000000000000000000000000000000000a5
:10c398000000000000000000000000000000000095
:10c3a8000000000000000000000000000000000085
:10c3b8000000000000000000000000000000000075
:10c3c8000000000000000000000000000000000065
:10c3d8000000000000000000000000000000000055
:10c3e8000000000000000000000000000000000045
:10c3f8000000000000000000000000000000000035
:10c408000000000000000000000000000000000024
:10c418000000000000000000000000000000000014
:10c428000000000000000000000000000000000004
:10c4380000000000000000000000000000000000f4
:10c4480000000000000000000000000000000000e4
:10c4580000000000000000000000000000000000d4
:10c4680000000000000000000000000000000000c4
:10c4780000000000000000000000000000000000b4
:10c4880000000000000000000000000000000000a4
:10c498000000000000000000000000000000000094
:10c4a8000000000000000000000000000000000084
:10c4b8000000000000000000000000000000000074
:10c4c8000000000000000000000000000000000064
:10c4d8000000000000000000000000000000000054
:10c4e8000000000000000000000000000000000044
:10c4f8000000000000000000000000000000000034
:10c508000000000000000000000000000000000023
:10c518000000000000000000000000000000000013
:10c528000000000000000000000000000000000003
:10c5380000000000000000000000000000000000f3
:10c5480000000000000000000000000000000000e3
:10c5580000000000000000000000000000000000d3
:10c5680000000000000000000000000000000000c3
:10c5780000000000000000000000000000000000b3
:10c5880000000000000000000000000000000000a3
:10c598000000000000000000000000000000000093
:10c5a8000000000000000000000000000000000083
:10c5b8000000000000000000000000000000000073
:10c5c8000000000000000000000000000000000063
:10c5d8000000000000000000000000000000000053
:10c5e8000000000000000000000000000000000043
:10c5f8000000000000000000000000000000000033
:10c608000000000000000000000000000000000022
:10c618000000000000000000000000000000000012
:10c628000000000000000000000000000000000002
:10c6380000000000000000000000000000000000f2
:10c6480000000000000000000000000000000000e2
:10c6580000000000000000000000000000000000d2
:10c6680000000000000000000000000000000000c2
:10c6780000000000000000000000000000000000b2
:10c6880000000000000000000000000000000000a2
:10c698000000000000000000000000000000000092
:10c6a8000000000000000000000000000000000082
:10c6b8000000000000000000000000000000000072
:10c6c8000000000000000000000000000000000062
:10c6d8000000000000000000000000000000000052
:10c6e8000000000000000000000000000000000042
:10c6f8000000000000000000000000000000000032
:10c708000000000000000000000000000000000021
:10c718000000000000000000000000000000000011
:10c728000000000000000000000000000000000001
:10c7380000000000000000000000000000000000f1
:10c7480000000000000000000000000000000000e1
:10c7580000000000000000000000000000000000d1
:10c7680000000000000000000000000000000000c1
:10c7780000000000000000000000000000000000b1
:10c7880000000000000000000000000000000000a1
:10c798000000000000000000000000000000000091
:10c7a8000000000000000000000000000000000081
:10c7b8000000000000000000000000000000000071
:10c7c8000000000000000000000000000000000061
:10c7d8000000000000000000000000000000000051
:10c7e8000000000000000000000000000000000041
:10c7f8000000000000000000000000000000000031
:10c808000000000000000000000000000000000020
:10c818000000000000000000000000000000000010
:10c828000000000000000000000000000000000000
:10c8380000000000000000000000000000000000f0
:10c8480000000000000000000000000000000000e0
:10c8580000000000000000000000000000000000d0
:10c8680000000000000000000000000000000000c0
:10c8780000000000000000000000000000000000b0
:10c8880000000000000000000000000000000000a0
:10c898000000000000000000000000000000000090
:10c8a8000000000000000000000000000000000080
:10c8b8000000000000000000000000000000000070
:10c8c8000000000000000000000000000000000060
:10c8d8000000000000000000000000000000000050
:10c8e8000000000000000000000000000000000040
:10c8f8000000000000000000000000000000000030
:10c90800000000000000000000000000000000001f
:10c91800000000000000000000000000000000000f
:10c9280000000000000000000000000000000000ff
:10c9380000000000000000000000000000000000ef
:10c9480000000000000000000000000000000000df
:10c9580000000000000000000000000000000000cf
:10c9680000000000000000000000000000000000bf
:10c9780000000000000000000000000000000000af
:10c98800000000000000000000000000000000009f
:10c99800000000000000000000000000000000008f
:10c9a800000000000000000000000000000000007f
:10c9b800000000000000000000000000000000006f
:10c9c800000000000000000000000000000000005f
:10c9d800000000000000000000000000000000004f
:10c9e800000000000000000000000000000000003f
:10c9f800000000000000000000000000000000002f
:10ca0800000000000000000000000000000000001e
:10ca1800000000000000000000000000000000000e
:10ca280000000000000000000000000000000000fe
:10ca380000000000000000000000000000000000ee
:10ca480000000000000000000000000000000000de
:10ca580000000000000000000000000000000000ce
:10ca680000000000000000000000000000000000be
:10ca780000000000000000000000000000000000ae
:10ca8800000000000000000000000000000000009e
:10ca9800000000000000000000000000000000008e
:10caa800000000000000000000000000000000007e
:10cab800000000000000000000000000000000006e
:10cac800000000000000000000000000000000005e
:10cad800000000000000000000000000000000004e
:10cae800000000000000000000000000000000003e
:10caf800000000000000000000000000000000002e
:10cb0800000000000000000000000000000000001d
:10cb1800000000000000000000000000000000000d
:10cb280000000000000000000000000000000000fd
:10cb380000000000000000000000000000000000ed
:10cb480000000000000000000000000000000000dd
:10cb580000000000000000000000000000000000cd
:10cb680000000000000000000000000000000000bd
:10cb780000000000000000000000000000000000ad
:10cb8800000000000000000000000000000000009d
:10cb9800000000000000000000000000000000008d
:10cba800000000000000000000000000000000007d
:10cbb800000000000000000000000000000000006d
:10cbc800000000000000000000000000000000005d
:10cbd800000000000000000000000000000000004d
:10cbe800000000000000000000000000000000003d
:10cbf800000000000000000000000000000000002d
:10cc0800000000000000000000000000000000001c
:10cc1800000000000000000000000000000000000c
:10cc280000000000000000000000000000000000fc
:10cc380000000000000000000000000000000000ec
:10cc480000000000000000000000000000000000dc
:10cc580000000000000000000000000000000000cc
:10cc680000000000000000000000000000000000bc
:10cc780000000000000000000000000000000000ac
:10cc8800000000000000000000000000000000009c
:10cc9800000000000000000000000000000000008c
:10cca800000000000000000000000000000000007c
:10ccb800000000000000000000000000000000006c
:10ccc800000000000000000000000000000000005c
:10ccd800000000000000000000000000000000004c
:10cce800000000000000000000000000000000003c
:10ccf800000000000000000000000000000000002c
:10cd0800000000000000000000000000000000001b
:10cd1800000000000000000000000000000000000b
:10cd280000000000000000000000000000000000fb
:10cd380000000000000000000000000000000000eb
:10cd480000000000000000000000000000000000db
:10cd580000000000000000000000000000000000cb
:10cd680000000000000000000000000000000000bb
:10cd780000000000000000000000000000000000ab
:10cd8800000000000000000000000000000000009b
:10cd9800000000000000000000000000000000008b
:10cda800000000000000000000000000000000007b
:10cdb800000000000000000000000000000000006b
:10cdc800000000000000000000000000000000005b
:10cdd800000000000000000000000000000000004b
:10cde800000000000000000000000000000000003b
:10cdf800000000000000000000000000000000002b
:10ce0800000000000000000000000000000000001a
:10ce1800000000000000000000000000000000000a
:10ce280000000000000000000000000000000000fa
:10ce380000000000000000000000000000000000ea
:10ce480000000000000000000000000000000000da
:10ce580000000000000000000000000000000000ca
:10ce680000000000000000000000000000000000ba
:10ce780000000000000000000000000000000000aa
:10ce8800000000000000000000000000000000009a
:10ce9800000000000000000000000000000000008a
:10cea800000000000000000000000000000000007a
:10ceb800000000000000000000000000000000006a
:10cec800000000000000000000000000000000005a
:10ced800000000000000000000000000000000004a
:10cee800000000000000000000000000000000003a
:10cef800000000000000000000000000000000002a
:10cf08000000000000000000000000000000000019
:10cf18000000000000000000000000000000000009
:10cf280000000000000000000000000000000000f9
:10cf380000000000000000000000000000000000e9
:10cf480000000000000000000000000000000000d9
:10cf580000000000000000000000000000000000c9
:10cf680000000000000000000000000000000000b9
:10cf780000000000000000000000000000000000a9
:10cf88000000000000000000000000000000000099
:10cf98000000000000000000000000000000000089
:10cfa8000000000000000000000000000000000079
:10cfb8000000000000000000000000000000000069
:10cfc8000000000000000000000000000000000059
:10cfd8000000000000000000000000000000000049
:10cfe8000000000000000000000000000000000039
:10cff8000000000000000000000000000000000029
:10d008000000000000000000000000000000000018
:10d018000000000000000000000000000000000008
:10d0280000000000000000000000000000000000f8
:10d0380000000000000000000000000000000000e8
:10d0480000000000000000000000000000000000d8
:10d0580000000000000000000000000000000000c8
:10d0680000000000000000000000000000000000b8
:10d0780000000000000000000000000000000000a8
:10d088000000000000000000000000000000000098
:10d098000000000000000000000000000000000088
:10d0a8000000000000000000000000000000000078
:10d0b8000000000000000000000000000000000068
:10d0c8000000000000000000000000000000000058
:10d0d8000000000000000000000000000000000048
:10d0e8000000000000000000000000000000000038
:10d0f8000000000000000000000000000000000028
:10d108000000000000000000000000000000000017
:10d118000000000000000000000000000000000007
:10d1280000000000000000000000000000000000f7
:10d1380000000000000000000000000000000000e7
:10d1480000000000000000000000000000000000d7
:10d1580000000000000000000000000000000000c7
:10d1680000000000000000000000000000000000b7
:10d1780000000000000000000000000000000000a7
:10d188000000000000000000000000000000000097
:10d198000000000000000000000000000000000087
:10d1a8000000000000000000000000000000000077
:10d1b8000000000000000000000000000000000067
:10d1c8000000000000000000000000000000000057
:10d1d8000000000000000000000000000000000047
:10d1e8000000000000000000000000000000000037
:10d1f8000000000000000000000000000000000027
:10d208000000000000000000000000000000000016
:10d218000000000000000000000000000000000006
:10d2280000000000000000000000000000000000f6
:10d2380000000000000000000000000000000000e6
:10d2480000000000000000000000000000000000d6
:10d2580000000000000000000000000000000000c6
:10d2680000000000000000000000000000000000b6
:10d2780000000000000000000000000000000000a6
:10d288000000000000000000000000000000000096
:10d298000000000000000000000000000000000086
:10d2a8000000000000000000000000000000000076
:10d2b8000000000000000000000000000000000066
:10d2c8000000000000000000000000000000000056
:10d2d8000000000000000000000000000000000046
:10d2e8000000000000000000000000000000000036
:10d2f8000000000000000000000000000000000026
:10d308000000000000000000000000000000000015
:10d318000000000000000000000000000000000005
:10d3280000000000000000000000000000000000f5
:10d3380000000000000000000000000000000000e5
:10d3480000000000000000000000000000000000d5
:10d3580000000000000000000000000000000000c5
:10d3680000000000000000000000000000000000b5
:10d3780000000000000000000000000000000000a5
:10d388000000000000000000000000000000000095
:10d398000000000000000000000000000000000085
:10d3a8000000000000000000000000000000000075
:10d3b8000000000000000000000000000000000065
:10d3c8000000000000000000000000000000000055
:10d3d8000000000000000000000000000000000045
:10d3e8000000000000000000000000000000000035
:10d3f8000000000000000000000000000000000025
:10d408000000000000000000000000000000000014
:10d418000000000000000000000000000000000004
:10d4280000000000000000000000000000000000f4
:10d4380000000000000000000000000000000000e4
:10d4480000000000000000000000000000000000d4
:10d4580000000000000000000000000000000000c4
:10d4680000000000000000000000000000000000b4
:10d4780000000000000000000000000000000000a4
:10d488000000000000000000000000000000000094
:10d498000000000000000000000000000000000084
:10d4a8000000000000000000000000000000000074
:10d4b8000000000000000000000000000000000064
:10d4c8000000000000000000000000000000000054
:10d4d8000000000000000000000000000000000044
:10d4e8000000000000000000000000000000000034
:10d4f8000000000000000000000000000000000024
:10d508000000000000000000000000000000000013
:10d518000000000000000000000000000000000003
:10d5280000000000000000000000000000000000f3
:10d5380000000000000000000000000000000000e3
:10d5480000000000000000000000000000000000d3
:10d5580000000000000000000000000000000000c3
:10d5680000000000000000000000000000000000b3
:10d5780000000000000000000000000000000000a3
:10d588000000000000000000000000000000000093
:10d598000000000000000000000000000000000083
:10d5a8000000000000000000000000000000000073
:10d5b8000000000000000000000000000000000063
:10d5c8000000000000000000000000000000000053
:10d5d8000000000000000000000000000000000043
:10d5e8000000000000000000000000000000000033
:10d5f8000000000000000000000000000000000023
:10d608000000000000000000000000000000000012
:10d618000000000000000000000000000000000002
:10d6280000000000000000000000000000000000f2
:10d6380000000000000000000000000000000000e2
:10d6480000000000000000000000000000000000d2
:10d6580000000000000000000000000000000000c2
:10d6680000000000000000000000000000000000b2
:10d6780000000000000000000000000000000000a2
:10d688000000000000000000000000000000000092
:10d698000000000000000000000000000000000082
:10d6a8000000000000000000000000000000000072
:10d6b8000000000000000000000000000000000062
:10d6c8000000000000000000000000000000000052
:10d6d8000000000000000000000000000000000042
:10d6e8000000000000000000000000000000000032
:10d6f8000000000000000000000000000000000022
:10d708000000000000000000000000000000000011
:10d718000000000000000000000000000000000001
:10d7280000000000000000000000000000000000f1
:10d7380000000000000000000000000000000000e1
:10d7480000000000000000000000000000000000d1
:10d7580000000000000000000000000000000000c1
:10d7680000000000000000000000000000000000b1
:10d7780000000000000000000000000000000000a1
:10d788000000000000000000000000000000000091
:10d798000000000000000000000000000000000081
:10d7a8000000000000000000000000000000000071
:10d7b8000000000000000000000000000000000061
:10d7c8000000000000000000000000000000000051
:10d7d8000000000000000000000000000000000041
:10d7e8000000000000000000000000000000000031
:10d7f8000000000000000000000000000000000021
:10d808000000000000000000000000000000000010
:10d818000000000000000000000000000000000000
:10d8280000000000000000000000000000000000f0
:10d8380000000000000000000000000000000000e0
:10d8480000000000000000000000000000000000d0
:10d8580000000000000000000000000000000000c0
:10d8680000000000000000000000000000000000b0
:10d8780000000000000000000000000000000000a0
:10d888000000000000000000000000000000000090
:10d898000000000000000000000000000000000080
:10d8a8000000000000000000000000000000000070
:10d8b8000000000000000000000000000000000060
:10d8c8000000000000000000000000000000000050
:10d8d8000000000000000000000000000000000040
:10d8e8000000000000000000000000000000000030
:10d8f8000000000000000000000000000000000020
:10d90800000000000000000000000000000000000f
:10d9180000000000000000000000000000000000ff
:10d9280000000000000000000000000000000000ef
:10d9380000000000000000000000000000000000df
:10d9480000000000000000000000000000000000cf
:10d9580000000000000000000000000000000000bf
:10d9680000000000000000000000000000000000af
:10d97800000000000000000000000000000000009f
:10d98800000000000000000000000000000000008f
:10d99800000000000000000000000000000000007f
:10d9a800000000000000000000000000000000006f
:10d9b800000000000000000000000000000000005f
:10d9c800000000000000000000000000000000004f
:10d9d800000000000000000000000000000000003f
:10d9e800000000000000000000000000000000002f
:10d9f800000000000000000000000000000000001f
:10da0800000000000000000000000000000000000e
:10da180000000000000000000000000000000000fe
:10da280000000000000000000000000000000000ee
:10da380000000000000000000000000000000000de
:10da480000000000000000000000000000000000ce
:10da580000000000000000000000000000000000be
:10da680000000000000000000000000000000000ae
:10da7800000000000000000000000000000000009e
:10da8800000000000000000000000000000000008e
:10da9800000000000000000000000000000000007e
:10daa800000000000000000000000000000000006e
:10dab800000000000000000000000000000000005e
:10dac800000000000000000000000000000000004e
:10dad800000000000000000000000000000000003e
:10dae800000000000000000000000000000000002e
:10daf800000000000000000000000000000000001e
:10db0800000000000000000000000000000000000d
:10db180000000000000000000000000000000000fd
:10db280000000000000000000000000000000000ed
:10db380000000000000000000000000000000000dd
:10db480000000000000000000000000000000000cd
:10db580000000000000000000000000000000000bd
:10db680000000000000000000000000000000000ad
:10db7800000000000000000000000000000000009d
:10db8800000000000000000000000000000000008d
:10db9800000000000000000000000000000000007d
:10dba800000000000000000000000000000000006d
:10dbb800000000000000000000000000000000005d
:10dbc800000000000000000000000000000000004d
:10dbd800000000000000000000000000000000003d
:10dbe800000000000000000000000000000000002d
:10dbf800000000000000000000000000000000001d
:10dc0800000000000000000000000000000000000c
:10dc180000000000000000000000000000000000fc
:10dc280000000000000000000000000000000000ec
:10dc380000000000000000000000000000000000dc
:10dc480000000000000000000000000000000000cc
:10dc580000000000000000000000000000000000bc
:10dc680000000000000000000000000000000000ac
:10dc7800000000000000000000000000000000009c
:10dc8800000000000000000000000000000000008c
:10dc9800000000000000000000000000000000007c
:10dca800000000000000000000000000000000006c
:10dcb800000000000000000000000000000000005c
:10dcc800000000000000000000000000000000004c
:10dcd800000000000000000000000000000000003c
:10dce800000000000000000000000000000000002c
:10dcf800000000000000000000000000000000001c
:10dd0800000000000000000000000000000000000b
:10dd180000000000000000000000000000000000fb
:10dd280000000000000000000000000000000000eb
:10dd380000000000000000000000000000000000db
:10dd480000000000000000000000000000000000cb
:10dd580000000000000000000000000000000000bb
:10dd680000000000000000000000000000000000ab
:10dd7800000000000000000000000000000000009b
:10dd8800000000000000000000000000000000008b
:10dd9800000000000000000000000000000000007b
:10dda800000000000000000000000000000000006b
:10ddb800000000000000000000000000000000005b
:10ddc800000000000000000000000000000000004b
:10ddd800000000000000000000000000000000003b
:10dde800000000000000000000000000000000002b
:10ddf800000000000000000000000000000000001b
:10de0800000000000000000000000000000000000a
:10de180000000000000000000000000000000000fa
:10de280000000000000000000000000000000000ea
:10de380000000000000000000000000000000000da
:10de480000000000000000000000000000000000ca
:10de580000000000000000000000000000000000ba
:10de680000000000000000000000000000000000aa
:10de7800000000000000000000000000000000009a
:10de8800000000000000000000000000000000008a
:10de9800000000000000000000000000000000007a
:10dea800000000000000000000000000000000006a
:10deb800000000000000000000000000000000005a
:10dec800000000000000000000000000000000004a
:10ded800000000000000000000000000000000003a
:10dee800000000000000000000000000000000002a
:10def800000000000000000000000000000000001a
:10df08000000000000000000000000000000000009
:10df180000000000000000000000000000000000f9
:10df280000000000000000000000000000000000e9
:10df380000000000000000000000000000000000d9
:10df480000000000000000000000000000000000c9
:10df580000000000000000000000000000000000b9
:10df680000000000000000000000000000000000a9
:10df78000000000000000000000000000000000099
:10df88000000000000000000000000000000000089
:10df98000000000000000000000000000000000079
:10dfa8000000000000000000000000000000000069
:10dfb8000000000000000000000000000000000059
:10dfc8000000000000000000000000000000000049
:10dfd8000000000000000000000000000000000039
:10dfe8000000000000000000000000000000000029
:10dff8000000000000000000000000000000000019
:10e008000000000000000000000000000000000008
:10e0180000000000000000000000000000000000f8
:10e0280000000000000000000000000000000000e8
:10e0380000000000000000000000000000000000d8
:10e0480000000000000000000000000000000000c8
:10e0580000000000000000000000000000000000b8
:10e0680000000000000000000000000000000000a8
:10e078000000000000000000000000000000000098
:10e088000000000000000000000000000000000088
:10e098000000000000000000000000000000000078
:10e0a8000000000000000000000000000000000068
:10e0b8000000000000000000000000000000000058
:10e0c8000000000000000000000000000000000048
:10e0d8000000000000000000000000000000000038
:10e0e8000000000000000000000000000000000028
:10e0f8000000000000000000000000000000000018
:10e108000000000000000000000000000000000007
:10e1180000000000000000000000000000000000f7
:10e1280000000000000000000000000000000000e7
:10e1380000000000000000000000000000000000d7
:10e1480000000000000000000000000000000000c7
:10e1580000000000000000000000000000000000b7
:10e1680000000000000000000000000000000000a7
:10e178000000000000000000000000000000000097
:10e188000000000000000000000000000000000087
:10e198000000000000000000000000000000000077
:10e1a8000000000000000000000000000000000067
:10e1b8000000000000000000000000000000000057
:10e1c8000000000000000000000000000000000047
:10e1d8000000000000000000000000000000000037
:10e1e8000000000000000000000000000000000027
:10e1f8000000000000000000000000000000000017
:10e208000000000000000000000000000000000006
:10e2180000000000000000000000000000000000f6
:10e2280000000000000000000000000000000000e6
:10e2380000000000000000000000000000000000d6
:10e2480000000000000000000000000000000000c6
:10e2580000000000000000000000000000000000b6
:10e2680000000000000000000000000000000000a6
:10e278000000000000000000000000000000000096
:10e288000000000000000000000000000000000086
:10e298000000000000000000000000000000000076
:10e2a8000000000000000000000000000000000066
:10e2b8000000000000000000000000000000000056
:10e2c8000000000000000000000000000000000046
:10e2d8000000000000000000000000000000000036
:10e2e8000000000000000000000000000000000026
:10e2f8000000000000000000000000000000000016
:10e308000000000000000000000000000000000005
:10e3180000000000000000000000000000000000f5
:10e3280000000000000000000000000000000000e5
:10e3380000000000000000000000000000000000d5
:10e3480000000000000000000000000000000000c5
:10e3580000000000000000000000000000000000b5
:10e3680000000000000000000000000000000000a5
:10e378000000000000000000000000000000000095
:10e388000000000000000000000000000000000085
:10e398000000000000000000000000000000000075
:10e3a8000000000000000000000000000000000065
:10e3b8000000000000000000000000000000000055
:10e3c8000000000000000000000000000000000045
:10e3d8000000000000000000000000000000000035
:10e3e8000000000000000000000000000000000025
:10e3f8000000000000000000000000000000000015
:10e408000000000000000000000000000000000004
:10e4180000000000000000000000000000000000f4
:10e4280000000000000000000000000000000000e4
:10e4380000000000000000000000000000000000d4
:10e4480000000000000000000000000000000000c4
:10e4580000000000000000000000000000000000b4
:10e4680000000000000000000000000000000000a4
:10e478000000000000000000000000000000000094
:10e488000000000000000000000000000000000084
:10e498000000000000000000000000000000000074
:10e4a8000000000000000000000000000000000064
:10e4b8000000000000000000000000000000000054
:10e4c8000000000000000000000000000000000044
:10e4d8000000000000000000000000000000000034
:10e4e8000000000000000000000000000000000024
:10e4f8000000000000000000000000000000000014
:10e508000000000000000000000000000000000003
:10e5180000000000000000000000000000000000f3
:10e5280000000000000000000000000000000000e3
:10e5380000000000000000000000000000000000d3
:10e5480000000000000000000000000000000000c3
:10e5580000000000000000000000000000000000b3
:10e5680000000000000000000000000000000000a3
:10e578000000000000000000000000000000000093
:10e588000000000000000000000000000000000083
:10e598000000000000000000000000000000000073
:10e5a8000000000000000000000000000000000063
:10e5b8000000000000000000000000000000000053
:10e5c8000000000000000000000000000000000043
:10e5d8000000000000000000000000000000000033
:10e5e8000000000000000000000000000000000023
:10e5f8000000000000000000000000000000000013
:10e608000000000000000000000000000000000002
:10e6180000000000000000000000000000000000f2
:10e6280000000000000000000000000000000000e2
:10e6380000000000000000000000000000000000d2
:10e6480000000000000000000000000000000000c2
:10e6580000000000000000000000000000000000b2
:10e6680000000000000000000000000000000000a2
:10e678000000000000000000000000000000000092
:10e688000000000000000000000000000000000082
:10e698000000000000000000000000000000000072
:10e6a8000000000000000000000000000000000062
:10e6b8000000000000000000000000000000000052
:10e6c8000000000000000000000000000000000042
:10e6d8000000000000000000000000000000000032
:10e6e8000000000000000000000000000000000022
:10e6f8000000000000000000000000000000000012
:10e708000000000000000000000000000000000001
:10e7180000000000000000000000000000000000f1
:10e7280000000000000000000000000000000000e1
:10e7380000000000000000000000000000000000d1
:10e7480000000000000000000000000000000000c1
:10e7580000000000000000000000000000000000b1
:10e7680000000000000000000000000000000000a1
:10e778000000000000000000000000000000000091
:10e788000000000000000000000000000000000081
:10e798000000000000000000000000000000000071
:10e7a8000000000000000000000000000000000061
:10e7b8000000000000000000000000000000000051
:10e7c8000000000000000000000000000000000041
:10e7d8000000000000000000000000000000000031
:10e7e8000000000000000000000000000000000021
:10e7f8000000000000000000000000000000000011
:10e808000000000000000000000000000000000000
:10e8180000000000000000000000000000000000f0
:10e8280000000000000000000000000000000000e0
:10e8380000000000000000000000000000000000d0
:10e8480000000000000000000000000000000000c0
:10e8580000000000000000000000000000000000b0
:10e8680000000000000000000000000000000000a0
:10e878000000000000000000000000000000000090
:10e888000000000000000000000000000000000080
:10e898000000000000000000000000000000000070
:10e8a8000000000000000000000000000000000060
:10e8b8000000000000000000000000000000000050
:10e8c8000000000000000000000000000000000040
:10e8d8000000000000000000000000000000000030
:10e8e8000000000000000000000000000000000020
:10e8f8000000000000000000000000000000000010
:10e9080000000000000000000000000000000000ff
:10e9180000000000000000000000000000000000ef
:10e9280000000000000000000000000000000000df
:10e9380000000000000000000000000000000000cf
:10e9480000000000000000000000000000000000bf
:10e9580000000000000000000000000000000000af
:10e96800000000000000000000000000000000009f
:10e97800000000000000000000000000000000008f
:10e98800000000000000000000000000000000007f
:10e99800000000000000000000000000000000006f
:10e9a800000000000000000000000000000000005f
:10e9b800000000000000000000000000000000004f
:10e9c800000000000000000000000000000000003f
:10e9d800000000000000000000000000000000002f
:10e9e800000000000000000000000000000000001f
:10e9f800000000000000000000000000000000000f
:10ea080000000000000000000000000000000000fe
:10ea180000000000000000000000000000000000ee
:10ea280000000000000000000000000000000000de
:10ea380000000000000000000000000000000000ce
:10ea480000000000000000000000000000000000be
:10ea580000000000000000000000000000000000ae
:10ea6800000000000000000000000000000000009e
:10ea7800000000000000000000000000000000008e
:10ea8800000000000000000000000000000000007e
:10ea9800000000000000000000000000000000006e
:10eaa800000000000000000000000000000000005e
:10eab800000000000000000000000000000000004e
:10eac800000000000000000000000000000000003e
:10ead800000000000000000000000000000000002e
:10eae800000000000000000000000000000000001e
:10eaf800000000000000000000000000000000000e
:10eb080000000000000000000000000000000000fd
:10eb180000000000000000000000000000000000ed
:10eb280000000000000000000000000000000000dd
:10eb380000000000000000000000000000000000cd
:10eb480000000000000000000000000000000000bd
:10eb580000000000000000000000000000000000ad
:10eb6800000000000000000000000000000000009d
:10eb7800000000000000000000000000000000008d
:10eb8800000000000000000000000000000000007d
:10eb9800000000000000000000000000000000006d
:10eba800000000000000000000000000000000005d
:10ebb800000000000000000000000000000000004d
:10ebc800000000000000000000000000000000003d
:10ebd800000000000000000000000000000000002d
:10ebe800000000000000000000000000000000001d
:10ebf800000000000000000000000000000000000d
:10ec080000000000000000000000000000000000fc
:10ec180000000000000000000000000000000000ec
:10ec280000000000000000000000000000000000dc
:10ec380000000000000000000000000000000000cc
:10ec480000000000000000000000000000000000bc
:10ec580000000000000000000000000000000000ac
:10ec6800000000000000000000000000000000009c
:10ec7800000000000000000000000000000000008c
:10ec8800000000000000000000000000000000007c
:10ec9800000000000000000000000000000000006c
:10eca800000000000000000000000000000000005c
:10ecb800000000000000000000000000000000004c
:10ecc800000000000000000000000000000000003c
:10ecd800000000000000000000000000000000002c
:10ece800000000000000000000000000000000001c
:10ecf800000000000000000000000000000000000c
:10ed080000000000000000000000000000000000fb
:10ed180000000000000000000000000000000000eb
:10ed280000000000000000000000000000000000db
:10ed380000000000000000000000000000000000cb
:10ed480000000000000000000000000000000000bb
:10ed580000000000000000000000000000000000ab
:10ed6800000000000000000000000000000000009b
:10ed7800000000000000000000000000000000008b
:10ed8800000000000000000000000000000000007b
:10ed9800000000000000000000000000000000006b
:10eda800000000000000000000000000000000005b
:10edb800000000000000000000000000000000004b
:10edc800000000000000000000000000000000003b
:10edd800000000000000000000000000000000002b
:10ede800000000000000000000000000000000001b
:10edf800000000000000000000000000000000000b
:10ee080000000000000000000000000000000000fa
:10ee180000000000000000000000000000000000ea
:10ee280000000000000000000000000000000000da
:10ee380000000000000000000000000000000000ca
:10ee480000000000000000000000000000000000ba
:10ee580000000000000000000000000000000000aa
:10ee6800000000000000000000000000000000009a
:10ee7800000000000000000000000000000000008a
:10ee8800000000000000000000000000000000007a
:10ee9800000000000000000000000000000000006a
:10eea800000000000000000000000000000000005a
:10eeb800000000000000000000000000000000004a
:10eec800000000000000000000000000000000003a
:10eed800000000000000000000000000000000002a
:10eee800000000000000000000000000000000001a
:10eef800000000000000000000000000000000000a
:10ef080000000000000000000000000000000000f9
:10ef180000000000000000000000000000000000e9
:10ef280000000000000000000000000000000000d9
:10ef380000000000000000000000000000000000c9
:10ef480000000000000000000000000000000000b9
:10ef580000000000000000000000000000000000a9
:10ef68000000000000000000000000000000000099
:10ef78000000000000000000000000000000000089
:10ef88000000000000000000000000000000000079
:10ef98000000000000000000000000000000000069
:10efa8000000000000000000000000000000000059
:10efb8000000000000000000000000000000000049
:10efc8000000000000000000000000000000000039
:10efd8000000000000000000000000000000000029
:10efe8000000000000000000000000000000000019
:10eff8000000000000000000000000000000000009
:10f0080000000000000000000000000000000000f8
:10f0180000000000000000000000000000000000e8
:10f0280000000000000000000000000000000000d8
:10f0380000000000000000000000000000000000c8
:10f0480000000000000000000000000000000000b8
:10f0580000000000000000000000000000000000a8
:10f068000000000000000000000000000000000098
:10f078000000000000000000000000000000000088
:10f088000000000000000000000000000000000078
:10f098000000000000000000000000000000000068
:10f0a8000000000000000000000000000000000058
:10f0b8000000000000000000000000000000000048
:10f0c8000000000000000000000000000000000038
:10f0d8000000000000000000000000000000000028
:10f0e8000000000000000000000000000000000018
:10f0f8000000000000000000000000000000000008
:10f1080000000000000000000000000000000000f7
:10f1180000000000000000000000000000000000e7
:10f1280000000000000000000000000000000000d7
:10f1380000000000000000000000000000000000c7
:10f1480000000000000000000000000000000000b7
:10f1580000000000000000000000000000000000a7
:10f168000000000000000000000000000000000097
:10f178000000000000000000000000000000000087
:10f188000000000000000000000000000000000077
:10f198000000000000000000000000000000000067
:10f1a8000000000000000000000000000000000057
:10f1b8000000000000000000000000000000000047
:10f1c8000000000000000000000000000000000037
:10f1d8000000000000000000000000000000000027
:10f1e8000000000000000000000000000000000017
:10f1f8000000000000000000000000000000000007
:10f2080000000000000000000000000000000000f6
:10f2180000000000000000000000000000000000e6
:10f2280000000000000000000000000000000000d6
:10f2380000000000000000000000000000000000c6
:10f2480000000000000000000000000000000000b6
:10f2580000000000000000000000000000000000a6
:10f268000000000000000000000000000000000096
:10f278000000000000000000000000000000000086
:10f288000000000000000000000000000000000076
:10f298000000000000000000000000000000000066
:10f2a8000000000000000000000000000000000056
:10f2b8000000000000000000000000000000000046
:10f2c8000000000000000000000000000000000036
:10f2d8000000000000000000000000000000000026
:10f2e8000000000000000000000000000000000016
:10f2f8000000000000000000000000000000000006
:10f3080000000000000000000000000000000000f5
:10f3180000000000000000000000000000000000e5
:10f3280000000000000000000000000000000000d5
:10f3380000000000000000000000000000000000c5
:10f3480000000000000000000000000000000000b5
:10f3580000000000000000000000000000000000a5
:10f368000000000000000000000000000000000095
:10f378000000000000000000000000000000000085
:10f388000000000000000000000000000000000075
:10f398000000000000000000000000000000000065
:10f3a8000000000000000000000000000000000055
:10f3b8000000000000000000000000000000000045
:10f3c8000000000000000000000000000000000035
:10f3d8000000000000000000000000000000000025
:10f3e8000000000000000000000000000000000015
:10f3f8000000000000000000000000000000000005
:10f4080000000000000000000000000000000000f4
:10f4180000000000000000000000000000000000e4
:10f4280000000000000000000000000000000000d4
:10f4380000000000000000000000000000000000c4
:10f4480000000000000000000000000000000000b4
:10f4580000000000000000000000000000000000a4
:10f468000000000000000000000000000000000094
:10f478000000000000000000000000000000000084
:10f488000000000000000000000000000000000074
:10f498000000000000000000000000000000000064
:10f4a8000000000000000000000000000000000054
:10f4b8000000000000000000000000000000000044
:10f4c8000000000000000000000000000000000034
:10f4d8000000000000000000000000000000000024
:10f4e8000000000000000000000000000000000014
:10f4f8000000000000000000000000000000000004
:10f5080000000000000000000000000000000000f3
:10f5180000000000000000000000000000000000e3
:10f5280000000000000000000000000000000000d3
:10f5380000000000000000000000000000000000c3
:10f5480000000000000000000000000000000000b3
:10f5580000000000000000000000000000000000a3
:10f568000000000000000000000000000000000093
:10f578000000000000000000000000000000000083
:10f588000000000000000000000000000000000073
:10f598000000000000000000000000000000000063
:10f5a8000000000000000000000000000000000053
:10f5b8000000000000000000000000000000000043
:10f5c8000000000000000000000000000000000033
:10f5d8000000000000000000000000000000000023
:10f5e8000000000000000000000000000000000013
:10f5f8000000000000000000000000000000000003
:10f6080000000000000000000000000000000000f2
:10f6180000000000000000000000000000000000e2
:10f6280000000000000000000000000000000000d2
:10f6380000000000000000000000000000000000c2
:10f6480000000000000000000000000000000000b2
:10f6580000000000000000000000000000000000a2
:10f668000000000000000000000000000000000092
:10f678000000000000000000000000000000000082
:10f688000000000000000000000000000000000072
:10f698000000000000000000000000000000000062
:10f6a8000000000000000000000000000000000052
:10f6b8000000000000000000000000000000000042
:10f6c8000000000000000000000000000000000032
:10f6d8000000000000000000000000000000000022
:10f6e8000000000000000000000000000000000012
:10f6f8000000000000000000000000000000000002
:10f7080000000000000000000000000000000000f1
:10f7180000000000000000000000000000000000e1
:10f7280000000000000000000000000000000000d1
:10f7380000000000000000000000000000000000c1
:10f7480000000000000000000000000000000000b1
:10f7580000000000000000000000000000000000a1
:10f768000000000000000000000000000000000091
:10f778000000000000000000000000000000000081
:10f788000000000000000000000000000000000071
:10f798000000000000000000000000000000000061
:10f7a8000000000000000000000000000000000051
:10f7b8000000000000000000000000000000000041
:10f7c8000000000000000000000000000000000031
:10f7d8000000000000000000000000000000000021
:10f7e8000000000000000000000000000000000011
:10f7f8000000000000000000000000000000000001
:10f8080000000000000000000000000000000000f0
:10f8180000000000000000000000000000000000e0
:10f8280000000000000000000000000000000000d0
:10f8380000000000000000000000000000000000c0
:10f8480000000000000000000000000000000000b0
:10f8580000000000000000000000000000000000a0
:10f868000000000000000000000000000000000090
:10f878000000000000000000000000000000000080
:10f888000000000000000000000000000000000070
:10f898000000000000000000000000000000000060
:10f8a8000000000000000000000000000000000050
:10f8b8000000000000000000000000000000000040
:10f8c8000000000000000000000000000000000030
:10f8d8000000000000000000000000000000000020
:10f8e8000000000000000000000000000000000010
:10f8f8000000000000000000000000000000000000
:10f9080000000000000000000000000000000000ef
:10f9180000000000000000000000000000000000df
:10f9280000000000000000000000000000000000cf
:10f9380000000000000000000000000000000000bf
:10f9480000000000000000000000000000000000af
:10f95800000000000000000000000000000000009f
:10f96800000000000000000000000000000000008f
:10f97800000000000000000000000000000000007f
:10f98800000000000000000000000000000000006f
:10f99800000000000000000000000000000000005f
:10f9a800000000000000000000000000000000004f
:10f9b800000000000000000000000000000000003f
:10f9c800000000000000000000000000000000002f
:10f9d800000000000000000000000000000000001f
:10f9e800000000000000000000000000000000000f
:10f9f80000000000000000000000000000000000ff
:10fa080000000000000000000000000000000000ee
:10fa180000000000000000000000000000000000de
:10fa280000000000000000000000000000000000ce
:10fa380000000000000000000000000000000000be
:10fa480000000000000000000000000000000000ae
:10fa5800000000000000000000000000000000009e
:10fa6800000000000000000000000000000000008e
:10fa7800000000000000000000000000000000007e
:10fa8800000000000000000000000000000000006e
:10fa9800000000000000000000000000000000005e
:10faa800000000000000000000000000000000004e
:10fab800000000000000000000000000000000003e
:10fac800000000000000000000000000000000002e
:10fad800000000000000000000000000000000001e
:10fae800000000000000000000000000000000000e
:10faf80000000000000000000000000000000000fe
:10fb080000000000000000000000000000000000ed
:10fb180000000000000000000000000000000000dd
:10fb280000000000000000000000000000000000cd
:10fb380000000000000000000000000000000000bd
:10fb480000000000000000000000000000000000ad
:10fb5800000000000000000000000000000000009d
:10fb6800000000000000000000000000000000008d
:10fb7800000000000000000000000000000000007d
:10fb8800000000000000000000000000000000006d
:10fb9800000000000000000000000000000000005d
:10fba800000000000000000000000000000000004d
:10fbb800000000000000000000000000000000003d
:10fbc800000000000000000000000000000000002d
:10fbd800000000000000000000000000000000001d
:10fbe800000000000000000000000000000000000d
:10fbf80000000000000000000000000000000000fd
:10fc080000000000000000000000000000000000ec
:10fc180000000000000000000000000000000000dc
:10fc280000000000000000000000000000000000cc
:10fc380000000000000000000000000000000000bc
:10fc480000000000000000000000000000000000ac
:10fc5800000000000000000000000000000000009c
:10fc6800000000000000000000000000000000008c
:10fc7800000000000000000000000000000000007c
:10fc8800000000000000000000000000000000006c
:10fc9800000000000000000000000000000000005c
:10fca800000000000000000000000000000000004c
:10fcb800000000000000000000000000000000003c
:10fcc800000000000000000000000000000000002c
:10fcd800000000000000000000000000000000001c
:10fce800000000000000000000000000000000000c
:10fcf80000000000000000000000000000000000fc
:10fd080000000000000000000000000000000000eb
:10fd180000000000000000000000000000000000db
:10fd280000000000000000000000000000000000cb
:10fd380000000000000000000000000000000000bb
:10fd480000000000000000000000000000000000ab
:10fd5800000000000000000000000000000000009b
:10fd6800000000000000000000000000000000008b
:10fd7800000000000000000000000000000000007b
:10fd8800000000000000000000000000000000006b
:10fd9800000000000000000000000000000000005b
:10fda800000000000000000000000000000000004b
:10fdb800000000000000000000000000000000003b
:10fdc800000000000000000000000000000000002b
:10fdd800000000000000000000000000000000001b
:10fde800000000000000000000000000000000000b
:10fdf80000000000000000000000000000000000fb
:10fe080000000000000000000000000000000000ea
:10fe180000000000000000000000000000000000da
:10fe280000000000000000000000000000000000ca
:10fe380000000000000000000000000000000000ba
:10fe480000000000000000000000000000000000aa
:10fe5800000000000000000000000000000000009a
:10fe6800000000000000000000000000000000008a
:10fe7800000000000000000000000000000000007a
:10fe8800000000000000000000000000000000006a
:10fe9800000000000000000000000000000000005a
:10fea800000000000000000000000000000000004a
:10feb800000000000000000000000000000000003a
:10fec800000000000000000000000000000000002a
:10fed800000000000000000000000000000000001a
:10fee800000000000000000000000000000000000a
:10fef80000000000000000000000000000000000fa
:10ff080000000000000000000000000000000000e9
:10ff180000000000000000000000000000000000d9
:10ff280000000000000000000000000000000000c9
:10ff380000000000000000000000000000000000b9
:10ff480000000000000000000000000000000000a9
:10ff58000000000000000000000000000000000099
:10ff68000000000000000000000000000000000089
:10ff78000000000000000000000000000000000079
:10ff88000000000000000000000000000000000069
:10ff98000000000000000000000000000000000059
:10ffa8000000000000000000000000000000000049
:10ffb8000000000000000000000000000000000039
:10ffc8000000000000000000000000000000000029
:10ffd8000000000000000000000000000000000019
:10ffe8000000000000000000000000000000000009
:10fff80000000000000000000000000000000000f9
:020000040001f9
:1000080000000000000000000000000000000000e8
:1000180000000000000000000000000000000000d8
:1000280000000000000000000000000000000000c8
:1000380000000000000000000000000000000000b8
:1000480000000000000000000000000000000000a8
:100058000000000000000000000000000000000098
:100068000000000000000000000000000000000088
:100078000000000000000000000000000000000078
:100088000000000000000000000000000000000068
:100098000000000000000000000000000000000058
:1000a8000000000000000000000000000000000048
:1000b8000000000000000000000000000000000038
:1000c8000000000000000000000000000000000028
:1000d8000000000000000000000000000000000018
:1000e8000000000000000000000000000000000008
:1000f80000000000000000000000000000000000f8
:1001080000000000000000000000000000000000e7
:1001180000000000000000000000000000000000d7
:1001280000000000000000000000000000000000c7
:1001380000000000000000000000000000000000b7
:1001480000000000000000000000000000000000a7
:100158000000000000000000000000000000000097
:100168000000000000000000000000000000000087
:100178000000000000000000000000000000000077
:100188000000000000000000000000000000000067
:100198000000000000000000000000000000000057
:1001a8000000000000000000000000000000000047
:1001b8000000000000000000000000000000000037
:1001c8000000000000000000000000000000000027
:1001d8000000000000000000000000000000000017
:1001e8000000000000000000000000000000000007
:1001f80000000000000000000000000000000000f7
:1002080000000000000000000000000000000000e6
:1002180000000000000000000000000000000000d6
:1002280000000000000000000000000000000000c6
:1002380000000000000000000000000000000000b6
:1002480000000000000000000000000000000000a6
:100258000000000000000000000000000000000096
:100268000000000000000000000000000000000086
:100278000000000000000000000000000000000076
:100288000000000000000000000000000000000066
:100298000000000000000000000000000000000056
:1002a8000000000000000000000000000000000046
:1002b8000000000000000000000000000000000036
:1002c8000000000000000000000000000000000026
:1002d8000000000000000000000000000000000016
:1002e8000000000000000000000000000000000006
:1002f80000000000000000000000000000000000f6
:1003080000000000000000000000000000000000e5
:1003180000000000000000000000000000000000d5
:1003280000000000000000000000000000000000c5
:1003380000000000000000000000000000000000b5
:1003480000000000000000000000000000000000a5
:100358000000000000000000000000000000000095
:100368000000000000000000000000000000000085
:100378000000000000000000000000000000000075
:100388000000000000000000000000000000000065
:100398000000000000000000000000000000000055
:1003a8000000000000000000000000000000000045
:1003b8000000000000000000000000000000000035
:1003c8000000000000000000000000000000000025
:1003d8000000000000000000000000000000000015
:1003e8000000000000000000000000000000000005
:1003f80000000000000000000000000000000000f5
:1004080000000000000000000000000000000000e4
:1004180000000000000000000000000000000000d4
:1004280000000000000000000000000000000000c4
:1004380000000000000000000000000000000000b4
:1004480000000000000000000000000000000000a4
:100458000000000000000000000000000000000094
:100468000000000000000000000000000000000084
:100478000000000000000000000000000000000074
:100488000000000000000000000000000000000064
:100498000000000000000000000000000000000054
:1004a8000000000000000000000000000000000044
:1004b8000000000000000000000000000000000034
:1004c8000000000000000000000000000000000024
:1004d8000000000000000000000000000000000014
:1004e8000000000000000000000000000000000004
:1004f80000000000000000000000000000000000f4
:1005080000000000000000000000000000000000e3
:1005180000000000000000000000000000000000d3
:1005280000000000000000000000000000000000c3
:1005380000000000000000000000000000000000b3
:1005480000000000000000000000000000000000a3
:100558000000000000000000000000000000000093
:100568000000000000000000000000000000000083
:100578000000000000000000000000000000000073
:100588000000000000000000000000000000000063
:100598000000000000000000000000000000000053
:1005a8000000000000000000000000000000000043
:1005b8000000000000000000000000000000000033
:1005c8000000000000000000000000000000000023
:1005d8000000000000000000000000000000000013
:1005e8000000000000000000000000000000000003
:1005f80000000000000000000000000000000000f3
:1006080000000000000000000000000000000000e2
:1006180000000000000000000000000000000000d2
:1006280000000000000000000000000000000000c2
:1006380000000000000000000000000000000000b2
:1006480000000000000000000000000000000000a2
:100658000000000000000000000000000000000092
:100668000000000000000000000000000000000082
:100678000000000000000000000000000000000072
:100688000000000000000000000000000000000062
:100698000000000000000000000000000000000052
:1006a8000000000000000000000000000000000042
:1006b8000000000000000000000000000000000032
:1006c8000000000000000000000000000000000022
:1006d8000000000000000000000000000000000012
:1006e8000000000000000000000000000000000002
:1006f80000000000000000000000000000000000f2
:1007080000000000000000000000000000000000e1
:1007180000000000000000000000000000000000d1
:1007280000000000000000000000000000000000c1
:1007380000000000000000000000000000000000b1
:1007480000000000000000000000000000000000a1
:100758000000000000000000000000000000000091
:100768000000000000000000000000000000000081
:100778000000000000000000000000000000000071
:100788000000000000000000000000000000000061
:100798000000000000000000000000000000000051
:1007a8000000000000000000000000000000000041
:1007b8000000000000000000000000000000000031
:1007c8000000000000000000000000000000000021
:1007d8000000000000000000000000000000000011
:1007e8000000000000000000000000000000000001
:1007f80000000000000000000000000000000000f1
:1008080000000000000000000000000000000000e0
:1008180000000000000000000000000000000000d0
:1008280000000000000000000000000000000000c0
:1008380000000000000000000000000000000000b0
:1008480000000000000000000000000000000000a0
:100858000000000000000000000000000000000090
:100868000000000000000000000000000000000080
:100878000000000000000000000000000000000070
:100888000000000000000000000000000000000060
:100898000000000000000000000000000000000050
:1008a8000000000000000000000000000000000040
:1008b8000000000000000000000000000000000030
:1008c8000000000000000000000000000000000020
:1008d8000000000000000000000000000000000010
:1008e8000000000000000000000000000000000000
:1008f80000000000000000000000000000000000f0
:1009080000000000000000000000000000000000df
:1009180000000000000000000000000000000000cf
:1009280000000000000000000000000000000000bf
:1009380000000000000000000000000000000000af
:10094800000000000000000000000000000000009f
:10095800000000000000000000000000000000008f
:10096800000000000000000000000000000000007f
:10097800000000000000000000000000000000006f
:10098800000000000000000000000000000000005f
:10099800000000000000000000000000000000004f
:1009a800000000000000000000000000000000003f
:1009b800000000000000000000000000000000002f
:1009c800000000000000000000000000000000001f
:1009d800000000000000000000000000000000000f
:1009e80000000000000000000000000000000000ff
:1009f80000000000000000000000000000000000ef
:100a080000000000000000000000000000000000de
:100a180000000000000000000000000000000000ce
:100a280000000000000000000000000000000000be
:100a380000000000000000000000000000000000ae
:100a4800000000000000000000000000000000009e
:100a5800000000000000000000000000000000008e
:100a6800000000000000000000000000000000007e
:100a7800000000000000000000000000000000006e
:100a8800000000000000000000000000000000005e
:100a9800000000000000000000000000000000004e
:100aa800000000000000000000000000000000003e
:100ab800000000000000000000000000000000002e
:100ac800000000000000000000000000000000001e
:100ad800000000000000000000000000000000000e
:100ae80000000000000000000000000000000000fe
:100af80000000000000000000000000000000000ee
:100b080000000000000000000000000000000000dd
:100b180000000000000000000000000000000000cd
:100b280000000000000000000000000000000000bd
:100b380000000000000000000000000000000000ad
:100b4800000000000000000000000000000000009d
:100b5800000000000000000000000000000000008d
:100b6800000000000000000000000000000000007d
:100b7800000000000000000000000000000000006d
:100b8800000000000000000000000000000000005d
:100b9800000000000000000000000000000000004d
:100ba800000000000000000000000000000000003d
:100bb800000000000000000000000000000000002d
:100bc800000000000000000000000000000000001d
:100bd800000000000000000000000000000000000d
:100be80000000000000000000000000000000000fd
:100bf80000000000000000000000000000000000ed
:100c080000000000000000000000000000000000dc
:100c180000000000000000000000000000000000cc
:100c280000000000000000000000000000000000bc
:100c380000000000000000000000000000000000ac
:100c4800000000000000000000000000000000009c
:100c5800000000000000000000000000000000008c
:100c6800000000000000000000000000000000007c
:100c7800000000000000000000000000000000006c
:100c8800000000000000000000000000000000005c
:100c9800000000000000000000000000000000004c
:100ca800000000000000000000000000000000003c
:100cb800000000000000000000000000000000002c
:100cc800000000000000000000000000000000001c
:100cd800000000000000000000000000000000000c
:100ce80000000000000000000000000000000000fc
:100cf80000000000000000000000000000000000ec
:100d080000000000000000000000000000000000db
:100d180000000000000000000000000000000000cb
:100d280000000000000000000000000000000000bb
:100d380000000000000000000000000000000000ab
:100d4800000000000000000000000000000000009b
:100d5800000000000000000000000000000000008b
:100d6800000000000000000000000000000000007b
:100d7800000000000000000000000000000000006b
:100d8800000000000000000000000000000000005b
:100d9800000000000000000000000000000000004b
:100da800000000000000000000000000000000003b
:100db800000000000000000000000000000000002b
:100dc800000000000000000000000000000000001b
:100dd800000000000000000000000000000000000b
:100de80000000000000000000000000000000000fb
:100df80000000000000000000000000000000000eb
:100e080000000000000000000000000000000000da
:100e180000000000000000000000000000000000ca
:100e280000000000000000000000000000000000ba
:100e380000000000000000000000000000000000aa
:100e4800000000000000000000000000000000009a
:100e5800000000000000000000000000000000008a
:100e6800000000000000000000000000000000007a
:100e7800000000000000000000000000000000006a
:100e8800000000000000000000000000000000005a
:100e9800000000000000000000000000000000004a
:100ea800000000000000000000000000000000003a
:100eb800000000000000000000000000000000002a
:100ec800000000000000000000000000000000001a
:100ed800000000000000000000000000000000000a
:100ee80000000000000000000000000000000000fa
:100ef80000000000000000000000000000000000ea
:100f080000000000000000000000000000000000d9
:100f180000000000000000000000000000000000c9
:100f280000000000000000000000000000000000b9
:100f380000000000000000000000000000000000a9
:100f48000000000000000000000000000000000099
:100f58000000000000000000000000000000000089
:100f68000000000000000000000000000000000079
:100f78000000000000000000000000000000000069
:100f88000000000000000000000000000000000059
:100f98000000000000000000000000000000000049
:100fa8000000000000000000000000000000000039
:100fb8000000000000000000000000000000000029
:100fc8000000000000000000000000000000000019
:100fd8000000000000000000000000000000000009
:100fe80000000000000000000000000000000000f9
:100ff80000000000000000000000000000000000e9
:1010080000000000000000000000000000000000d8
:1010180000000000000000000000000000000000c8
:1010280000000000000000000000000000000000b8
:1010380000000000000000000000000000000000a8
:101048000000000000000000000000000000000098
:101058000000000000000000000000000000000088
:101068000000000000000000000000000000000078
:101078000000000000000000000000000000000068
:101088000000000000000000000000000000000058
:101098000000000000000000000000000000000048
:1010a8000000000000000000000000000000000038
:1010b8000000000000000000000000000000000028
:1010c8000000000000000000000000000000000018
:1010d8000000000000000000000000000000000008
:1010e80000000000000000000000000000000000f8
:1010f80000000000000000000000000000000000e8
:1011080000000000000000000000000000000000d7
:1011180000000000000000000000000000000000c7
:1011280000000000000000000000000000000000b7
:1011380000000000000000000000000000000000a7
:101148000000000000000000000000000000000097
:101158000000000000000000000000000000000087
:101168000000000000000000000000000000000077
:101178000000000000000000000000000000000067
:101188000000000000000000000000000000000057
:101198000000000000000000000000000000000047
:1011a8000000000000000000000000000000000037
:1011b8000000000000000000000000000000000027
:1011c8000000000000000000000000000000000017
:1011d8000000000000000000000000000000000007
:1011e80000000000000000000000000000000000f7
:1011f80000000000000000000000000000000000e7
:1012080000000000000000000000000000000000d6
:1012180000000000000000000000000000000000c6
:1012280000000000000000000000000000000000b6
:1012380000000000000000000000000000000000a6
:101248000000000000000000000000000000000096
:101258000000000000000000000000000000000086
:101268000000000000000000000000000000000076
:101278000000000000000000000000000000000066
:101288000000000000000000000000000000000056
:101298000000000000000000000000000000000046
:1012a8000000000000000000000000000000000036
:1012b8000000000000000000000000000000000026
:1012c8000000000000000000000000000000000016
:1012d8000000000000000000000000000000000006
:1012e80000000000000000000000000000000000f6
:1012f80000000000000000000000000000000000e6
:1013080000000000000000000000000000000000d5
:1013180000000000000000000000000000000000c5
:1013280000000000000000000000000000000000b5
:1013380000000000000000000000000000000000a5
:101348000000000000000000000000000000000095
:101358000000000000000000000000000000000085
:101368000000000000000000000000000000000075
:101378000000000000000000000000000000000065
:101388000000000000000000000000000000000055
:101398000000000000000000000000000000000045
:1013a8000000000000000000000000000000000035
:1013b8000000000000000000000000000000000025
:1013c8000000000000000000000000000000000015
:1013d8000000000000000000000000000000000005
:1013e80000000000000000000000000000000000f5
:1013f80000000000000000000000000000000000e5
:1014080000000000000000000000000000000000d4
:1014180000000000000000000000000000000000c4
:1014280000000000000000000000000000000000b4
:1014380000000000000000000000000000000000a4
:101448000000000000000000000000000000000094
:101458000000000000000000000000000000000084
:101468000000000000000000000000000000000074
:101478000000000000000000000000000000000064
:101488000000000000000000000000000000000054
:101498000000000000000000000000000000000044
:1014a8000000000000000000000000000000000034
:1014b8000000000000000000000000000000000024
:1014c8000000000000000000000000000000000014
:1014d8000000000000000000000000000000000004
:1014e80000000000000000000000000000000000f4
:1014f80000000000000000000000000000000000e4
:1015080000000000000000000000000000000000d3
:1015180000000000000000000000000000000000c3
:1015280000000000000000000000000000000000b3
:1015380000000000000000000000000000000000a3
:101548000000000000000000000000000000000093
:101558000000000000000000000000000000000083
:101568000000000000000000000000000000000073
:101578000000000000000000000000000000000063
:101588000000000000000000000000000000000053
:101598000000000000000000000000000000000043
:1015a8000000000000000000000000000000000033
:1015b8000000000000000000000000000000000023
:1015c8000000000000000000000000000000000013
:1015d8000000000000000000000000000000000003
:1015e80000000000000000000000000000000000f3
:1015f80000000000000000000000000000000000e3
:1016080000000000000000000000000000000000d2
:1016180000000000000000000000000000000000c2
:1016280000000000000000000000000000000000b2
:1016380000000000000000000000000000000000a2
:101648000000000000000000000000000000000092
:101658000000000000000000000000000000000082
:101668000000000000000000000000000000000072
:101678000000000000000000000000000000000062
:101688000000000000000000000000000000000052
:101698000000000000000000000000000000000042
:1016a8000000000000000000000000000000000032
:1016b8000000000000000000000000000000000022
:1016c8000000000000000000000000000000000012
:1016d8000000000000000000000000000000000002
:1016e80000000000000000000000000000000000f2
:1016f80000000000000000000000000000000000e2
:1017080000000000000000000000000000000000d1
:1017180000000000000000000000000000000000c1
:1017280000000000000000000000000000000000b1
:1017380000000000000000000000000000000000a1
:101748000000000000000000000000000000000091
:101758000000000000000000000000000000000081
:101768000000000000000000000000000000000071
:101778000000000000000000000000000000000061
:101788000000000000000000000000000000000051
:101798000000000000000000000000000000000041
:1017a8000000000000000000000000000000000031
:1017b8000000000000000000000000000000000021
:1017c8000000000000000000000000000000000011
:1017d8000000000000000000000000000000000001
:1017e80000000000000000000000000000000000f1
:1017f80000000000000000000000000000000000e1
:1018080000000000000000000000000000000000d0
:1018180000000000000000000000000000000000c0
:1018280000000000000000000000000000000000b0
:1018380000000000000000000000000000000000a0
:101848000000000000000000000000000000000090
:101858000000000000000000000000000000000080
:101868000000000000000000000000000000000070
:101878000000000000000000000000000000000060
:101888000000000000000000000000000000000050
:101898000000000000000000000000000000000040
:1018a8000000000000000000000000000000000030
:1018b8000000000000000000000000000000000020
:1018c8000000000000000000000000000000000010
:1018d8000000000000000000000000000000000000
:1018e80000000000000000000000000000000000f0
:1018f80000000000000000000000000000000000e0
:1019080000000000000000000000000000000000cf
:1019180000000000000000000000000000000000bf
:1019280000000000000000000000000000000000af
:10193800000000000000000000000000000000009f
:10194800000000000000000000000000000000008f
:10195800000000000000000000000000000000007f
:10196800000000000000000000000000000000006f
:10197800000000000000000000000000000000005f
:10198800000000000000000000000000000000004f
:10199800000000000000000000000000000000003f
:1019a800000000000000000000000000000000002f
:1019b800000000000000000000000000000000001f
:1019c800000000000000000000000000000000000f
:1019d80000000000000000000000000000000000ff
:1019e80000000000000000000000000000000000ef
:1019f80000000000000000000000000000000000df
:101a080000000000000000000000000000000000ce
:101a180000000000000000000000000000000000be
:101a280000000000000000000000000000000000ae
:101a3800000000000000000000000000000000009e
:101a4800000000000000000000000000000000008e
:101a5800000000000000000000000000000000007e
:101a6800000000000000000000000000000000006e
:101a7800000000000000000000000000000000005e
:101a8800000000000000000000000000000000004e
:101a9800000000000000000000000000000000003e
:101aa800000000000000000000000000000000002e
:101ab800000000000000000000000000000000001e
:101ac800000000000000000000000000000000000e
:101ad80000000000000000000000000000000000fe
:101ae80000000000000000000000000000000000ee
:101af80000000000000000000000000000000000de
:101b080000000000000000000000000000000000cd
:101b180000000000000000000000000000000000bd
:101b280000000000000000000000000000000000ad
:101b3800000000000000000000000000000000009d
:101b4800000000000000000000000000000000008d
:101b5800000000000000000000000000000000007d
:101b6800000000000000000000000000000000006d
:101b7800000000000000000000000000000000005d
:101b8800000000000000000000000000000000004d
:101b9800000000000000000000000000000000003d
:101ba800000000000000000000000000000000002d
:101bb800000000000000000000000000000000001d
:101bc800000000000000000000000000000000000d
:101bd80000000000000000000000000000000000fd
:101be80000000000000000000000000000000000ed
:101bf80000000000000000000000000000000000dd
:101c080000000000000000000000000000000000cc
:101c180000000000000000000000000000000000bc
:101c280000000000000000000000000000000000ac
:101c3800000000000000000000000000000000009c
:101c4800000000000000000000000000000000008c
:101c5800000000000000000000000000000000007c
:101c6800000000000000000000000000000000006c
:101c7800000000000000000000000000000000005c
:101c8800000000000000000000000000000000004c
:101c9800000000000000000000000000000000003c
:101ca800000000000000000000000000000000002c
:101cb800000000000000000000000000000000001c
:101cc800000000000000000000000000000000000c
:101cd80000000000000000000000000000000000fc
:101ce80000000000000000000000000000000000ec
:101cf80000000000000000000000000000000000dc
:101d080000000000000000000000000000000000cb
:101d180000000000000000000000000000000000bb
:101d280000000000000000000000000000000000ab
:101d3800000000000000000000000000000000009b
:101d4800000000000000000000000000000000008b
:101d5800000000000000000000000000000000007b
:101d6800000000000000000000000000000000006b
:101d7800000000000000000000000000000000005b
:101d8800000000000000000000000000000000004b
:101d9800000000000000000000000000000000003b
:101da800000000000000000000000000000000002b
:101db800000000000000000000000000000000001b
:101dc800000000000000000000000000000000000b
:101dd80000000000000000000000000000000000fb
:101de80000000000000000000000000000000000eb
:101df80000000000000000000000000000000000db
:101e080000000000000000000000000000000000ca
:101e180000000000000000000000000000000000ba
:101e280000000000000000000000000000000000aa
:101e3800000000000000000000000000000000009a
:101e4800000000000000000000000000000000008a
:101e5800000000000000000000000000000000007a
:101e6800000000000000000000000000000000006a
:101e7800000000000000000000000000000000005a
:101e8800000000000000000000000000000000004a
:101e9800000000000000000000000000000000003a
:101ea800000000000000000000000000000000002a
:101eb800000000000000000000000000000000001a
:101ec800000000000000000000000000000000000a
:101ed80000000000000000000000000000000000fa
:101ee80000000000000000000000000000000000ea
:101ef80000000000000000000000000000000000da
:101f080000000000000000000000000000000000c9
:101f180000000000000000000000000000000000b9
:101f280000000000000000000000000000000000a9
:101f38000000000000000000000000000000000099
:101f48000000000000000000000000000000000089
:101f58000000000000000000000000000000000079
:101f68000000000000000000000000000000000069
:101f78000000000000000000000000000000000059
:101f88000000000000000000000000000000000049
:101f98000000000000000000000000000000000039
:101fa8000000000000000000000000000000000029
:101fb8000000000000000000000000000000000019
:101fc8000000000000000000000000000000000009
:101fd80000000000000000000000000000000000f9
:101fe80000000000000000000000000000000000e9
:101ff80000000000000000000000000000000000d9
:1020080000000000000000000000000000000000c8
:1020180000000000000000000000000000000000b8
:1020280000000000000000000000000000000000a8
:102038000000000000000000000000000000000098
:102048000000000000000000000000000000000088
:102058000000000000000000000000000000000078
:102068000000000000000000000000000000000068
:102078000000000000000000000000000000000058
:102088000000000000000000000000000000000048
:102098000000000000000000000000000000000038
:1020a8000000000000000000000000000000000028
:1020b8000000000000000000000000000000000018
:1020c8000000000000000000000000000000000008
:1020d80000000000000000000000000000000000f8
:1020e80000000000000000000000000000000000e8
:1020f80000000000000000000000000000000000d8
:1021080000000000000000000000000000000000c7
:1021180000000000000000000000000000000000b7
:1021280000000000000000000000000000000000a7
:102138000000000000000000000000000000000097
:102148000000000000000000000000000000000087
:102158000000000000000000000000000000000077
:102168000000000000000000000000000000000067
:102178000000000000000000000000000000000057
:102188000000000000000000000000000000000047
:102198000000000000000000000000000000000037
:1021a8000000000000000000000000000000000027
:1021b8000000000000000000000000000000000017
:1021c8000000000000000000000000000000000007
:1021d80000000000000000000000000000000000f7
:1021e80000000000000000000000000000000000e7
:1021f80000000000000000000000000000000000d7
:1022080000000000000000000000000000000000c6
:1022180000000000000000000000000000000000b6
:1022280000000000000000000000000000000000a6
:102238000000000000000000000000000000000096
:102248000000000000000000000000000000000086
:102258000000000000000000000000000000000076
:102268000000000000000000000000000000000066
:102278000000000000000000000000000000000056
:102288000000000000000000000000000000000046
:102298000000000000000000000000000000000036
:1022a8000000000000000000000000000000000026
:1022b8000000000000000000000000000000000016
:1022c8000000000000000000000000000000000006
:1022d80000000000000000000000000000000000f6
:1022e80000000000000000000000000000000000e6
:1022f80000000000000000000000000000000000d6
:1023080000000000000000000000000000000000c5
:1023180000000000000000000000000000000000b5
:1023280000000000000000000000000000000000a5
:102338000000000000000000000000000000000095
:102348000000000000000000000000000000000085
:102358000000000000000000000000000000000075
:102368000000000000000000000000000000000065
:102378000000000000000000000000000000000055
:102388000000000000000000000000000000000045
:102398000000000000000000000000000000000035
:1023a8000000000000000000000000000000000025
:1023b8000000000000000000000000000000000015
:1023c8000000000000000000000000000000000005
:1023d80000000000000000000000000000000000f5
:1023e80000000000000000000000000000000000e5
:1023f80000000000000000000000000000000000d5
:1024080000000000000000000000000000000000c4
:1024180000000000000000000000000000000000b4
:1024280000000000000000000000000000000000a4
:102438000000000000000000000000000000000094
:102448000000000000000000000000000000000084
:102458000000000000000000000000000000000074
:102468000000000000000000000000000000000064
:102478000000000000000000000000000000000054
:102488000000000000000000000000000000000044
:102498000000000000000000000000000000000034
:1024a8000000000000000000000000000000000024
:1024b8000000000000000000000000000000000014
:1024c8000000000000000000000000000000000004
:1024d80000000000000000000000000000000000f4
:1024e80000000000000000000000000000000000e4
:1024f80000000000000000000000000000000000d4
:1025080000000000000000000000000000000000c3
:1025180000000000000000000000000000000000b3
:1025280000000000000000000000000000000000a3
:102538000000000000000000000000000000000093
:102548000000000000000000000000000000000083
:102558000000000000000000000000000000000073
:102568000000000000000000000000000000000063
:102578000000000000000000000000000000000053
:102588000000000000000000000000000000000043
:102598000000000000000000000000000000000033
:1025a8000000000000000000000000000000000023
:1025b8000000000000000000000000000000000013
:1025c8000000000000000000000000000000000003
:1025d80000000000000000000000000000000000f3
:1025e80000000000000000000000000000000000e3
:1025f80000000000000000000000000000000000d3
:1026080000000000000000000000000000000000c2
:1026180000000000000000000000000000000000b2
:1026280000000000000000000000000000000000a2
:102638000000000000000000000000000000000092
:102648000000000000000000000000000000000082
:102658000000000000000000000000000000000072
:102668000000000000000000000000000000000062
:102678000000000000000000000000000000000052
:102688000000000000000000000000000000000042
:102698000000000000000000000000000000000032
:1026a8000000000000000000000000000000000022
:1026b8000000000000000000000000000000000012
:1026c8000000000000000000000000000000000002
:1026d80000000000000000000000000000000000f2
:1026e80000000000000000000000000000000000e2
:1026f80000000000000000000000000000000000d2
:1027080000000000000000000000000000000000c1
:1027180000000000000000000000000000000000b1
:1027280000000000000000000000000000000000a1
:102738000000000000000000000000000000000091
:102748000000000000000000000000000000000081
:102758000000000000000000000000000000000071
:102768000000000000000000000000000000000061
:102778000000000000000000000000000000000051
:102788000000000000000000000000000000000041
:102798000000000000000000000000000000000031
:1027a8000000000000000000000000000000000021
:1027b8000000000000000000000000000000000011
:1027c8000000000000000000000000000000000001
:1027d80000000000000000000000000000000000f1
:1027e80000000000000000000000000000000000e1
:1027f80000000000000000000000000000000000d1
:1028080000000000000000000000000000000000c0
:1028180000000000000000000000000000000000b0
:1028280000000000000000000000000000000000a0
:102838000000000000000000000000000000000090
:102848000000000000000000000000000000000080
:102858000000000000000000000000000000000070
:102868000000000000000000000000000000000060
:102878000000000000000000000000000000000050
:102888000000000000000000000000000000000040
:102898000000000000000000000000000000000030
:1028a8000000000000000000000000000000000020
:1028b8000000000000000000000000000000000010
:1028c8000000000000000000000000000000000000
:1028d80000000000000000000000000000000000f0
:1028e80000000000000000000000000000000000e0
:1028f80000000000000000000000000000000000d0
:1029080000000000000000000000000000000000bf
:1029180000000000000000000000000000000000af
:10292800000000000000000000000000000000009f
:10293800000000000000000000000000000000008f
:10294800000000000000000000000000000000007f
:10295800000000000000000000000000000000006f
:10296800000000000000000000000000000000005f
:10297800000000000000000000000000000000004f
:10298800000000000000000000000000000000003f
:10299800000000000000000000000000000000002f
:1029a800000000000000000000000000000000001f
:1029b800000000000000000000000000000000000f
:1029c80000000000000000000000000000000000ff
:1029d80000000000000000000000000000000000ef
:1029e80000000000000000000000000000000000df
:1029f80000000000000000000000000000000000cf
:102a080000000000000000000000000000000000be
:102a180000000000000000000000000000000000ae
:102a2800000000000000000000000000000000009e
:102a3800000000000000000000000000000000008e
:102a4800000000000000000000000000000000007e
:102a5800000000000000000000000000000000006e
:102a6800000000000000000000000000000000005e
:102a7800000000000000000000000000000000004e
:102a8800000000000000000000000000000000003e
:102a9800000000000000000000000000000000002e
:102aa800000000000000000000000000000000001e
:102ab800000000000000000000000000000000000e
:102ac80000000000000000000000000000000000fe
:102ad80000000000000000000000000000000000ee
:102ae80000000000000000000000000000000000de
:102af80000000000000000000000000000000000ce
:102b080000000000000000000000000000000000bd
:102b180000000000000000000000000000000000ad
:102b2800000000000000000000000000000000009d
:102b3800000000000000000000000000000000008d
:102b4800000000000000000000000000000000007d
:102b5800000000000000000000000000000000006d
:102b6800000000000000000000000000000000005d
:102b7800000000000000000000000000000000004d
:102b8800000000000000000000000000000000003d
:102b9800000000000000000000000000000000002d
:102ba800000000000000000000000000000000001d
:102bb800000000000000000000000000000000000d
:102bc80000000000000000000000000000000000fd
:102bd80000000000000000000000000000000000ed
:102be80000000000000000000000000000000000dd
:102bf80000000000000000000000000000000000cd
:102c080000000000000000000000000000000000bc
:102c180000000000000000000000000000000000ac
:102c2800000000000000000000000000000000009c
:102c3800000000000000000000000000000000008c
:102c4800000000000000000000000000000000007c
:102c5800000000000000000000000000000000006c
:102c6800000000000000000000000000000000005c
:102c7800000000000000000000000000000000004c
:102c8800000000000000000000000000000000003c
:102c9800000000000000000000000000000000002c
:102ca800000000000000000000000000000000001c
:102cb800000000000000000000000000000000000c
:102cc80000000000000000000000000000000000fc
:102cd80000000000000000000000000000000000ec
:102ce80000000000000000000000000000000000dc
:102cf80000000000000000000000000000000000cc
:102d080000000000000000000000000000000000bb
:102d180000000000000000000000000000000000ab
:102d2800000000000000000000000000000000009b
:102d3800000000000000000000000000000000008b
:102d4800000000000000000000000000000000007b
:102d5800000000000000000000000000000000006b
:102d6800000000000000000000000000000000005b
:102d7800000000000000000000000000000000004b
:102d8800000000000000000000000000000000003b
:102d9800000000000000000000000000000000002b
:102da800000000000000000000000000000000001b
:102db800000000000000000000000000000000000b
:102dc80000000000000000000000000000000000fb
:102dd80000000000000000000000000000000000eb
:102de80000000000000000000000000000000000db
:102df80000000000000000000000000000000000cb
:102e080000000000000000000000000000000000ba
:102e180000000000000000000000000000000000aa
:102e2800000000000000000000000000000000009a
:102e3800000000000000000000000000000000008a
:102e4800000000000000000000000000000000007a
:102e5800000000000000000000000000000000006a
:102e6800000000000000000000000000000000005a
:102e7800000000000000000000000000000000004a
:102e8800000000000000000000000000000000003a
:102e9800000000000000000000000000000000002a
:102ea800000000000000000000000000000000001a
:102eb800000000000000000000000000000000000a
:102ec80000000000000000000000000000000000fa
:102ed80000000000000000000000000000000000ea
:102ee80000000000000000000000000000000000da
:102ef80000000000000000000000000000000000ca
:102f080000000000000000000000000000000000b9
:102f180000000000000000000000000000000000a9
:102f28000000000000000000000000000000000099
:102f38000000000000000000000000000000000089
:102f48000000000000000000000000000000000079
:102f58000000000000000000000000000000000069
:102f68000000000000000000000000000000000059
:102f78000000000000000000000000000000000049
:102f88000000000000000000000000000000000039
:102f98000000000000000000000000000000000029
:102fa8000000000000000000000000000000000019
:102fb8000000000000000000000000000000000009
:102fc80000000000000000000000000000000000f9
:102fd80000000000000000000000000000000000e9
:102fe80000000000000000000000000000000000d9
:102ff80000000000000000000000000000000000c9
:1030080000000000000000000000000000000000b8
:1030180000000000000000000000000000000000a8
:103028000000000000000000000000000000000098
:103038000000000000000000000000000000000088
:103048000000000000000000000000000000000078
:103058000000000000000000000000000000000068
:103068000000000000000000000000000000000058
:103078000000000000000000000000000000000048
:103088000000000000000000000000000000000038
:103098000000000000000000000000000000000028
:1030a8000000000000000000000000000000000018
:1030b8000000000000000000000000000000000008
:1030c80000000000000000000000000000000000f8
:1030d80000000000000000000000000000000000e8
:1030e80000000000000000000000000000000000d8
:1030f80000000000000000000000000000000000c8
:1031080000000000000000000000000000000000b7
:1031180000000000000000000000000000000000a7
:103128000000000000000000000000000000000097
:103138000000000000000000000000000000000087
:103148000000000000000000000000000000000077
:103158000000000000000000000000000000000067
:103168000000000000000000000000000000000057
:103178000000000000000000000000000000000047
:103188000000000000000000000000000000000037
:103198000000000000000000000000000000000027
:1031a8000000000000000000000000000000000017
:1031b8000000000000000000000000000000000007
:1031c80000000000000000000000000000000000f7
:1031d80000000000000000000000000000000000e7
:1031e80000000000000000000000000000000000d7
:1031f80000000000000000000000000000000000c7
:1032080000000000000000000000000000000000b6
:1032180000000000000000000000000000000000a6
:103228000000000000000000000000000000000096
:103238000000000000000000000000000000000086
:103248000000000000000000000000000000000076
:103258000000000000000000000000000000000066
:103268000000000000000000000000000000000056
:103278000000000000000000000000000000000046
:103288000000000000000000000000000000000036
:103298000000000000000000000000000000000026
:1032a8000000000000000000000000000000000016
:1032b8000000000000000000000000000000000006
:1032c80000000000000000000000000000000000f6
:1032d80000000000000000000000000000000000e6
:1032e80000000000000000000000000000000000d6
:1032f80000000000000000000000000000000000c6
:1033080000000000000000000000000000000000b5
:1033180000000000000000000000000000000000a5
:103328000000000000000000000000000000000095
:103338000000000000000000000000000000000085
:103348000000000000000000000000000000000075
:103358000000000000000000000000000000000065
:103368000000000000000000000000000000000055
:103378000000000000000000000000000000000045
:103388000000000000000000000000000000000035
:103398000000000000000000000000000000000025
:1033a8000000000000000000000000000000000015
:1033b8000000000000000000000000000000000005
:1033c80000000000000000000000000000000000f5
:1033d80000000000000000000000000000000000e5
:1033e80000000000000000000000000000000000d5
:1033f80000000000000000000000000000000000c5
:1034080000000000000000000000000000000000b4
:1034180000000000000000000000000000000000a4
:103428000000000000000000000000000000000094
:103438000000000000000000000000000000000084
:103448000000000000000000000000000000000074
:103458000000000000000000000000000000000064
:103468000000000000000000000000000000000054
:103478000000000000000000000000000000000044
:103488000000000000000000000000000000000034
:103498000000000000000000000000000000000024
:1034a8000000000000000000000000000000000014
:1034b8000000000000000000000000000000000004
:1034c80000000000000000000000000000000000f4
:1034d80000000000000000000000000000000000e4
:1034e80000000000000000000000000000000000d4
:1034f80000000000000000000000000000000000c4
:1035080000000000000000000000000000000000b3
:1035180000000000000000000000000000000000a3
:103528000000000000000000000000000000000093
:103538000000000000000000000000000000000083
:103548000000000000000000000000000000000073
:103558000000000000000000000000000000000063
:103568000000000000000000000000000000000053
:103578000000000000000000000000000000000043
:103588000000000000000000000000000000000033
:103598000000000000000000000000000000000023
:1035a8000000000000000000000000000000000013
:1035b8000000000000000000000000000000000003
:1035c80000000000000000000000000000000000f3
:1035d80000000000000000000000000000000000e3
:1035e80000000000000000000000000000000000d3
:1035f80000000000000000000000000000000000c3
:1036080000000000000000000000000000000000b2
:1036180000000000000000000000000000000000a2
:103628000000000000000000000000000000000092
:103638000000000000000000000000000000000082
:103648000000000000000000000000000000000072
:103658000000000000000000000000000000000062
:103668000000000000000000000000000000000052
:103678000000000000000000000000000000000042
:103688000000000000000000000000000000000032
:103698000000000000000000000000000000000022
:1036a8000000000000000000000000000000000012
:1036b8000000000000000000000000000000000002
:1036c80000000000000000000000000000000000f2
:1036d80000000000000000000000000000000000e2
:1036e80000000000000000000000000000000000d2
:1036f80000000000000000000000000000000000c2
:1037080000000000000000000000000000000000b1
:1037180000000000000000000000000000000000a1
:103728000000000000000000000000000000000091
:103738000000000000000000000000000000000081
:103748000000000000000000000000000000000071
:103758000000000000000000000000000000000061
:103768000000000000000000000000000000000051
:103778000000000000000000000000000000000041
:103788000000000000000000000000000000000031
:103798000000000000000000000000000000000021
:1037a8000000000000000000000000000000000011
:1037b8000000000000000000000000000000000001
:1037c80000000000000000000000000000000000f1
:1037d80000000000000000000000000000000000e1
:1037e80000000000000000000000000000000000d1
:1037f80000000000000000000000000000000000c1
:1038080000000000000000000000000000000000b0
:1038180000000000000000000000000000000000a0
:103828000000000000000000000000000000000090
:103838000000000000000000000000000000000080
:103848000000000000000000000000000000000070
:103858000000000000000000000000000000000060
:103868000000000000000000000000000000000050
:103878000000000000000000000000000000000040
:103888000000000000000000000000000000000030
:103898000000000000000000000000000000000020
:1038a8000000000000000000000000000000000010
:1038b8000000000000000000000000000000000000
:1038c80000000000000000000000000000000000f0
:1038d80000000000000000000000000000000000e0
:1038e80000000000000000000000000000000000d0
:1038f80000000000000000000000000000000000c0
:1039080000000000000000000000000000000000af
:10391800000000000000000000000000000000009f
:10392800000000000000000000000000000000008f
:10393800000000000000000000000000000000007f
:10394800000000000000000000000000000000006f
:10395800000000000000000000000000000000005f
:10396800000000000000000000000000000000004f
:10397800000000000000000000000000000000003f
:10398800000000000000000000000000000000002f
:10399800000000000000000000000000000000001f
:1039a800000000000000000000000000000000000f
:1039b80000000000000000000000000000000000ff
:1039c80000000000000000000000000000000000ef
:1039d80000000000000000000000000000000000df
:1039e80000000000000000000000000000000000cf
:1039f80000000000000000000000000000000000bf
:103a080000000000000000000000000000000000ae
:103a1800000000000000000000000000000000009e
:103a2800000000000000000000000000000000008e
:103a3800000000000000000000000000000000007e
:103a4800000000000000000000000000000000006e
:103a5800000000000000000000000000000000005e
:103a6800000000000000000000000000000000004e
:103a7800000000000000000000000000000000003e
:103a8800000000000000000000000000000000002e
:103a9800000000000000000000000000000000001e
:103aa800000000000000000000000000000000000e
:103ab80000000000000000000000000000000000fe
:103ac80000000000000000000000000000000000ee
:103ad80000000000000000000000000000000000de
:103ae80000000000000000000000000000000000ce
:103af80000000000000000000000000000000000be
:103b080000000000000000000000000000000000ad
:103b1800000000000000000000000000000000009d
:103b2800000000000000000000000000000000008d
:103b3800000000000000000000000000000000007d
:103b4800000000000000000000000000000000006d
:103b5800000000000000000000000000000000005d
:103b6800000000000000000000000000000000004d
:103b7800000000000000000000000000000000003d
:103b8800000000000000000000000000000000002d
:103b9800000000000000000000000000000000001d
:103ba800000000000000000000000000000000000d
:103bb80000000000000000000000000000000000fd
:103bc80000000000000000000000000000000000ed
:103bd80000000000000000000000000000000000dd
:103be80000000000000000000000000000000000cd
:103bf80000000000000000000000000000000000bd
:103c080000000000000000000000000000000000ac
:103c1800000000000000000000000000000000009c
:103c2800000000000000000000000000000000008c
:103c3800000000000000000000000000000000007c
:103c4800000000000000000000000000000000006c
:103c5800000000000000000000000000000000005c
:103c6800000000000000000000000000000000004c
:103c7800000000000000000000000000000000003c
:103c8800000000000000000000000000000000002c
:103c9800000000000000000000000000000000001c
:103ca800000000000000000000000000000000000c
:103cb80000000000000000000000000000000000fc
:103cc80000000000000000000000000000000000ec
:103cd80000000000000000000000000000000000dc
:103ce80000000000000000000000000000000000cc
:103cf80000000000000000000000000000000000bc
:103d080000000000000000000000000000000000ab
:103d1800000000000000000000000000000000009b
:103d2800000000000000000000000000000000008b
:103d3800000000000000000000000000000000007b
:103d4800000000000000000000000000000000006b
:103d5800000000000000000000000000000000005b
:103d6800000000000000000000000000000000004b
:103d7800000000000000000000000000000000003b
:103d8800000000000000000000000000000000002b
:103d9800000000000000000000000000000000001b
:103da800000000000000000000000000000000000b
:103db80000000000000000000000000000000000fb
:103dc80000000000000000000000000000000000eb
:103dd80000000000000000000000000000000000db
:103de80000000000000000000000000000000000cb
:103df80000000000000000000000000000000000bb
:103e080000000000000000000000000000000000aa
:103e1800000000000000000000000000000000009a
:103e2800000000000000000000000000000000008a
:103e3800000000000000000000000000000000007a
:103e4800000000000000000000000000000000006a
:103e5800000000000000000000000000000000005a
:103e6800000000000000000000000000000000004a
:103e7800000000000000000000000000000000003a
:103e8800000000000000000000000000000000002a
:103e9800000000000000000000000000000000001a
:103ea800000000000000000000000000000000000a
:103eb80000000000000000000000000000000000fa
:103ec80000000000000000000000000000000000ea
:103ed80000000000000000000000000000000000da
:103ee80000000000000000000000000000000000ca
:103ef80000000000000000000000000000000000ba
:103f080000000000000000000000000000000000a9
:103f18000000000000000000000000000000000099
:103f28000000000000000000000000000000000089
:103f38000000000000000000000000000000000079
:103f48000000000000000000000000000000000069
:103f58000000000000000000000000000000000059
:103f68000000000000000000000000000000000049
:103f78000000000000000000000000000000000039
:103f88000000000000000000000000000000000029
:103f98000000000000000000000000000000000019
:103fa8000000000000000000000000000000000009
:103fb80000000000000000000000000000000000f9
:103fc80000000000000000000000000000000000e9
:103fd80000000000000000000000000000000000d9
:103fe80000000000000000000000000000000000c9
:103ff80000000000000000003412000078560000a5
:10400800bc9a0000f0de000009000000010000007a
:104018000000000000000000000000000000000098
:104028000000000000000000000000000000000088
:104038000000000000000000000000000000000078
:10404800000000000000000009000000010000005e
:104058000000000000000000000000000000000058
:104068000000000000000000000000000000000048
:104078000000000000000000000000000000000038
:10408800000000000000000009000000010000001e
:104098000000000000000000000000000000000018
:1040a8000000000000000000000000000000000008
:1040b80000000000000000000000000000000000f8
:1040c80000000000000000000900000001000000de
:1040d80000000000000000000000000000000000d8
:1040e80000000000000000000000000000000000c8
:1040f8000000000000000000cdab00000000000040
:10410800000000000000000009000000010000009d
:104118000000000000000000000000000000000097
:104128000000000000000000000000000000000087
:104138000000000000000000000000000000000077
:104148000000000000000000000000000000000067
:104158000000000000000000000000000000000057
:104168000000000000000000000000000000000047
:104178000000000000000000000000000000000037
:104188000000000000000000000000000000000027
:104198000000000000000000000000000000000017
:1041a8000000000000000000000000000000000007
:1041b80000000000000000000000000000000000f7
:1041c80000000000000000000000000000000000e7
:1041d80000000000000000000000000000000000d7
:1041e80000000000000000000000000000000000c7
:1041f80000000000000000000000000000000000b7
:1042080000000000000000000000000000000000a6
:104218000000000000000000000000000000000096
:104228000000000000000000000000000000000086
:104238000000000000000000000000000000000076
:104248000000000000000000000000000000000066
:104258000000000000000000000000000000000056
:104268000000000000000000000000000000000046
:104278000000000000000000000000000000000036
:104288000000000000000000000000000000000026
:104298000000000000000000000000000000000016
:1042a8000000000000000000000000000000000006
:1042b80000000000000000000000000000000000f6
:1042c80000000000000000000000000000000000e6
:1042d80000000000000000000000000000000000d6
:1042e80000000000000000000000000000000000c6
:1042f80000000000000000000000000000000000b6
:1043080000000000000000000000000000000000a5
:104318000000000000000000000000000000000095
:104328000000000000000000000000000000000085
:104338000000000000000000000000000000000075
:104348000000000000000000000000000000000065
:104358000000000000000000000000000000000055
:104368000000000000000000000000000000000045
:104378000000000000000000000000000000000035
:104388000000000000000000000000000000000025
:104398000000000000000000000000000000000015
:1043a8000000000000000000000000000000000005
:1043b80000000000000000000000000000000000f5
:1043c80000000000000000000000000000000000e5
:1043d80000000000000000000000000000000000d5
:1043e80000000000000000000000000000000000c5
:1043f80000000000000000000000000000000000b5
:1044080000000000000000000000000000000000a4
:104418000000000000000000000000000000000094
:104428000000000000000000000000000000000084
:104438000000000000000000000000000000000074
:104448000000000000000000000000000000000064
:104458000000000000000000000000000000000054
:104468000000000000000000000000000000000044
:104478000000000000000000000000000000000034
:104488000000000000000000000000000000000024
:104498000000000000000000000000000000000014
:1044a8000000000000000000000000000000000004
:1044b80000000000000000000000000000000000f4
:1044c80000000000000000000000000000000000e4
:1044d80000000000000000000000000000000000d4
:1044e80000000000000000000000000000000000c4
:1044f80000000000000000000000000000000000b4
:1045080000000000000000000000000000000000a3
:104518000000000000000000000000000000000093
:104528000000000000000000000000000000000083
:104538000000000000000000000000000000000073
:104548000000000000000000000000000000000063
:104558000000000000000000000000000000000053
:104568000000000000000000000000000000000043
:104578000000000000000000000000000000000033
:104588000000000000000000000000000000000023
:104598000000000000000000000000000000000013
:1045a8000000000000000000000000000000000003
:1045b80000000000000000000000000000000000f3
:1045c80000000000000000000000000000000000e3
:1045d80000000000000000000000000000000000d3
:1045e80000000000000000000000000000000000c3
:1045f80000000000000000000000000000000000b3
:1046080000000000000000000000000000000000a2
:104618000000000000000000000000000000000092
:104628000000000000000000000000000000000082
:104638000000000000000000000000000000000072
:104648000000000000000000000000000000000062
:104658000000000000000000000000000000000052
:104668000000000000000000000000000000000042
:104678000000000000000000000000000000000032
:104688000000000000000000000000000000000022
:104698000000000000000000000000000000000012
:1046a8000000000000000000000000000000000002
:1046b80000000000000000000000000000000000f2
:1046c80000000000000000000000000000000000e2
:1046d80000000000000000000000000000000000d2
:1046e80000000000000000000000000000000000c2
:1046f80000000000000000000000000000000000b2
:1047080000000000000000000000000000000000a1
:104718000000000000000000000000000000000091
:104728000000000000000000000000000000000081
:104738000000000000000000000000000000000071
:104748000000000000000000000000000000000061
:104758000000000000000000000000000000000051
:104768000000000000000000000000000000000041
:104778000000000000000000000000000000000031
:104788000000000000000000000000000000000021
:104798000000000000000000000000000000000011
:1047a8000000000000000000000000000000000001
:1047b80000000000000000000000000000000000f1
:1047c80000000000000000000000000000000000e1
:1047d80000000000000000000000000000000000d1
:1047e80000000000000000000000000000000000c1
:1047f80000000000000000000000000000000000b1
:1048080000000000000000000000000000000000a0
:104818000000000000000000000000000000000090
:104828000000000000000000000000000000000080
:104838000000000000000000000000000000000070
:104848000000000000000000000000000000000060
:104858000000000000000000000000000000000050
:104868000000000000000000000000000000000040
:104878000000000000000000000000000000000030
:104888000000000000000000000000000000000020
:104898000000000000000000000000000000000010
:1048a8000000000000000000000000000000000000
:1048b80000000000000000000000000000000000f0
:1048c80000000000000000000000000000000000e0
:1048d80000000000000000000000000000000000d0
:1048e80000000000000000000000000000000000c0
:1048f80000000000000000000000000000000000b0
:10490800000000000000000000000000000000009f
:10491800000000000000000000000000000000008f
:10492800000000000000000000000000000000007f
:10493800000000000000000000000000000000006f
:10494800000000000000000000000000000000005f
:10495800000000000000000000000000000000004f
:10496800000000000000000000000000000000003f
:10497800000000000000000000000000000000002f
:10498800000000000000000000000000000000001f
:10499800000000000000000000000000000000000f
:1049a80000000000000000000000000000000000ff
:1049b80000000000000000000000000000000000ef
:1049c80000000000000000000000000000000000df
:1049d80000000000000000000000000000000000cf
:1049e80000000000000000000000000000000000bf
:1049f80000000000000000000000000000000000af
:104a0800000000000000000000000000000000009e
:104a1800000000000000000000000000000000008e
:104a2800000000000000000000000000000000007e
:104a3800000000000000000000000000000000006e
:104a4800000000000000000000000000000000005e
:104a5800000000000000000000000000000000004e
:104a6800000000000000000000000000000000003e
:104a7800000000000000000000000000000000002e
:104a8800000000000000000000000000000000001e
:104a9800000000000000000000000000000000000e
:104aa80000000000000000000000000000000000fe
:104ab80000000000000000000000000000000000ee
:104ac80000000000000000000000000000000000de
:104ad80000000000000000000000000000000000ce
:104ae80000000000000000000000000000000000be
:104af80000000000000000000000000000000000ae
:104b0800000000000000000000000000000000009d
:104b1800000000000000000000000000000000008d
:104b2800000000000000000000000000000000007d
:104b3800000000000000000000000000000000006d
:104b4800000000000000000000000000000000005d
:104b5800000000000000000000000000000000004d
:104b6800000000000000000000000000000000003d
:104b7800000000000000000000000000000000002d
:104b8800000000000000000000000000000000001d
:104b9800000000000000000000000000000000000d
:104ba80000000000000000000000000000000000fd
:104bb80000000000000000000000000000000000ed
:104bc80000000000000000000000000000000000dd
:104bd80000000000000000000000000000000000cd
:104be80000000000000000000000000000000000bd
:104bf80000000000000000000000000000000000ad
:104c0800000000000000000000000000000000009c
:104c1800000000000000000000000000000000008c
:104c2800000000000000000000000000000000007c
:104c3800000000000000000000000000000000006c
:104c4800000000000000000000000000000000005c
:104c5800000000000000000000000000000000004c
:104c6800000000000000000000000000000000003c
:104c7800000000000000000000000000000000002c
:104c8800000000000000000000000000000000001c
:104c9800000000000000000000000000000000000c
:104ca80000000000000000000000000000000000fc
:104cb80000000000000000000000000000000000ec
:104cc80000000000000000000000000000000000dc
:104cd80000000000000000000000000000000000cc
:104ce80000000000000000000000000000000000bc
:104cf80000000000000000000000000000000000ac
:104d0800000000000000000000000000000000009b
:104d1800000000000000000000000000000000008b
:104d2800000000000000000000000000000000007b
:104d3800000000000000000000000000000000006b
:104d4800000000000000000000000000000000005b
:104d5800000000000000000000000000000000004b
:104d6800000000000000000000000000000000003b
:104d7800000000000000000000000000000000002b
:104d8800000000000000000000000000000000001b
:104d9800000000000000000000000000000000000b
:104da80000000000000000000000000000000000fb
:104db80000000000000000000000000000000000eb
:104dc80000000000000000000000000000000000db
:104dd80000000000000000000000000000000000cb
:104de80000000000000000000000000000000000bb
:104df80000000000000000000000000000000000ab
:104e0800000000000000000000000000000000009a
:104e1800000000000000000000000000000000008a
:104e2800000000000000000000000000000000007a
:104e3800000000000000000000000000000000006a
:104e4800000000000000000000000000000000005a
:104e5800000000000000000000000000000000004a
:104e6800000000000000000000000000000000003a
:104e7800000000000000000000000000000000002a
:104e8800000000000000000000000000000000001a
:104e9800000000000000000000000000000000000a
:104ea80000000000000000000000000000000000fa
:104eb80000000000000000000000000000000000ea
:104ec80000000000000000000000000000000000da
:104ed80000000000000000000000000000000000ca
:104ee80000000000000000000000000000000000ba
:104ef80000000000000000000000000000000000aa
:104f08000000000000000000000000000000000099
:104f18000000000000000000000000000000000089
:104f28000000000000000000000000000000000079
:104f38000000000000000000000000000000000069
:104f48000000000000000000000000000000000059
:104f58000000000000000000000000000000000049
:104f68000000000000000000000000000000000039
:104f78000000000000000000000000000000000029
:104f88000000000000000000000000000000000019
:104f98000000000000000000000000000000000009
:104fa80000000000000000000000000000000000f9
:104fb80000000000000000000000000000000000e9
:104fc80000000000000000000000000000000000d9
:104fd80000000000000000000000000000000000c9
:104fe80000000000000000000000000000000000b9
:084ff8000000000000000000b1
:020000040000fa
:020000040001f9
:105000000010000086030000800000000000000087
:00000001FF
