:020000040000fa
:080000000402040000000000ee
:020000040000fa
:080400000040da000000fe00dc
:020000040000fa
:1000080000020000000200000002000000020000e0
:1000180000020000000200000002000000020000d0
:10002800000200000002000000020000a81b0000ff
:1000380000020000000200000002000000020000b0
:10004800000200000002000000020000221a000066
:10005800d41a0000000200000002000000020000a4
:10006800000200000002000000020000ba020000c6
:100078000002000000020000000200000002000070
:10008800000200000002000000020000981b0000af
:100098000002000000020000c41a0000081b000053
:1000a8000002000000020000000200000002000040
:1000b8000002000000020000000200000002000030
:1000c8000002000000020000000200000002000020
:1000d8000002000000020000000200000002000010
:1000e8000002000000020000000200000002000000
:1000f80000020000000200000002000000020000f0
:1001080000020000000200000002000000020000df
:1001180000020000000200000002000000020000cf
:1001280000020000000200000002000000020000bf
:1001380000020000000200000002000000020000af
:10014800000200000002000000020000000200009f
:10015800000200000002000000020000000200008f
:10016800000200000002000000020000000200007f
:10017800000200000002000000020000000200006f
:10018800000200000002000000020000000200005f
:10019800000200000002000000020000000200004f
:1001a800000200000002000000020000000200003f
:1001b800000200000002000000020000000200002f
:1001c800000200000002000000020000000200001f
:1001d800000200000002000000020000000200000f
:1001e80000020000000200000002000000020000ff
:1001f80000020000000200000002000000020000ef
:1002080000020000000200000002000000020000de
:1002180000020000000200000002000000020000ce
:1002280000020000000200000002000000020000be
:1002380000020000000200000002000000020000ae
:10024800000200000002000000020000000200009e
:10025800000200000002000000020000000200008e
:10026800000200000002000000020000000200007e
:0c02780000020000000200000002000074
:020000040000fa
:100408002a020400000000000000eb00000778004a
:100418000c000900002f78000007eb000000060020
:10042800010821008018eb00006221000008e100ab
:10043800fcff3a00000006000060fe00d8b0a900ea
:10044800154ea900114ea900fbff37000ff021003f
:10045800e0ff2100000188000802020000000000ff
:1004680014020200000000000e2eef001e2eef0006
:10047800b60b02000000000041012000401f2000d0
:10048800181b0200000000008100e900fbff3a0091
:100498000802020000000000b60b02000000000085
:1004a800e803020000000000a40b020000000000a6
:1004b800a00a020000000000640b02000000000017
:1004c80000712200181b0200000000008225210094
:1004d80070240200000000004e130200000000001b
:1004e80014170200000000000000000000000000d7
:1004f80000000000000000000000000000000000f4
:100508000000000000000000000000008c0a02004b
:10051800000000009a0a020000000000940a02008d
:1005280000000000d20a020000000000b630ef0010
:1005380008030200000000009a12020000000000f8
:100548004220ae004e040400000000003c040200fb
:1005580000000000740404000000000040a7a80088
:100568000000060040a7a800000006000268a900d5
:100578002268a90000400600d610e20001003200ff
:10058800a031ef00120eae00a031ef00132eae0026
:10059800a031ef00401f2000a011e300010031004e
:1005a80000000600b602020000000000c3e8a9002f
:1005b800180ea800192ea8000268a9002268a80031
:1005c8000140fe00000000000000000000000000e4
:1005d800000000000268a9002268a900132eae00de
:1005e800feff3700000000000000000000000000cf
:1005f800c3e8a800b202020000000000a031ef002a
:10060800000000000000060060002100004888008b
:10061800b000200010488800b0858000304888006d
:10062800b0858000007122001008880000000600d4
:100638006000210000488800b000200010488800b1
:10064800808680000000e800008488000080200088
:100658008010bc0002848800008480005a32ec00bc
:100668004400de005a12bc005a32ed0032488800bd
:10067800007122001008880000000600d8b0af0002
:1006880007003700b610e20001003a00000006003b
:10069800b630ef000803020000000000000006006a
:1006a800d030ec0000802000d010bc00d030ed002d
:1006b800020078005a32ec004400de005a12bc00f6
:1006c8005a32ed0002007800b610e30001003a004b
:1006d80000000600b0858800080302000000000042
:1006e80000000600042eaa00042eaa00042eaa0068
:1006f800042eaa00042eaa00042eaa00042eaa0082
:10070800042eaa000060fe00f6ff37000060fe001d
:100718000701ae00042ea9000701af00042ea800af
:10072800faff3700154ea800200420002011880089
:10073800a0002000221b020000000000f9ff370083
:10074800154eae0000000600ded0ae000000060028
:100758002302ae0000000600ded0a900154ea90055
:10076800000006000060fe00154eae0006003700cf
:10077800ded0ae00fbff37002302ae00f9ff3700e2
:10078800ded0a900154ea900f0ff2f00181b0200ab
:100798000000000030122000c09088004022200095
:1007a800d090880050322000e090880060422000fd
:1007b800f09088007052200000918800b018020064
:1007c80000000000e7ff37000e2eef001e2eef009e
:1007d80000000600610f210002002000f000200048
:1007e8000080090082187800e10f2100d0e0200085
:1007f80080187800f0002100801878008030ef0021
:1008080000042100b08b880000002000c08b880005
:10081800008480004500dd007631b4007c150200bc
:100828000000000001c02200110078007000b20032
:10083800090032008010af000080fd00610f210028
:1008480002848000810041000100a10011017800ac
:1008580002004000800878008030ec007000200022
:100868008010e300e6ff39000000060000000600e3
:100878007631ef007831ef0001a02200022020003d
:10088800dc15020000000000c42102000000000086
:100898000000060098230200000000000027020064
:1008a80000000000a023020000000000d8b0a8004b
:1008b800f0ff2f00d089880000002000e088880021
:1008c80000002000f088880041d82000dab0a90094
:1008d8005e26020000000000df90a8000e0037002e
:1008e8000000000000000000000000009823020043
:1008f800000000000027020000000000a023020002
:1009080000000000d8b0a900d8d0a9003a0402001d
:1009180000000000df90a8000060fe004203020013
:1009280000000000a403020000000000cc04020044
:1009380000000000b804020000000000ea080200fd
:1009480000000000fe080200000000007409020018
:10095800000000001209020000000000fe0b020067
:1009680000000000ecff37008010e20003003a00ae
:100978008210e20003003a0000000600d8b0a90087
:1009880000000600d8d0af00d8b0a80000000600cc
:100998008030ef008230ef008430ef008630ef00c7
:1009a800bf50ae00000006000000eb00120eae00c3
:1009b8000000a0000000e00010003a005a31ec00ee
:1009c800300020005a11e3004200ae00000006008b
:1009d800da30a800a08a8000da50ae0010848800bf
:1009e800da50a900da10a900daf0a9005431ef00b2
:1009f8005831ef005c31ef00000006005a31ef007b
:100a08005831ec00801f7800200020005811e300c6
:100a18004f0078004200ae0000000600da30a9005e
:100a28005831ed005411e30006003200da10af002f
:100a380000000600a08a8800008488005c31ef006e
:100a4800000006005c31ec00801f780040062000a2
:100a58005c11e3004f0078004220ae00030037002d
:100a6800daf0ae002084880000000600801f7800bd
:100a7800a00f20005c11e3004f0078004220ae0078
:100a880000000600daf0ae0030848800000006009e
:100a9800012e21000001eb000000200080187800e2
:100aa80080187800b00a200080187800d00c200048
:100ab800801878000201e800c00520000010e1005d
:100ac800f5ff3900000006000100a7000600370006
:100ad80031007800b08b880031007800f00fb20048
:100ae800c08b88000a0037000100a100310078009f
:100af8004800de00b08b8800110078004800dd0057
:100b08007631b400110078004800de00c08b880000
:100b18004200a90076b1d60078b1d6004200a900fb
:100b280076b1d60078b1d6000000060000000000bb
:100b3800000000000000000001c02200881502002b
:100b48000000000003c02200330078000080e800a5
:100b5800f01fb2008091880000002400c090880037
:100b680003c0220000848000800978004c1802002d
:100b7800000000000000060000f42100b086880094
:100b8800d8b0a8000000200080898800a0230200b7
:100b980000000000f0002000d092880040002000f3
:100ba80080868800d930a800f07f2000d08988008e
:100bb80000002000e088880000002000f0888800fd
:100bc800a1d92000dab0a9005e26020000000000ca
:100bd800a08680000000e8009a26020000000000bd
:100be80000022000e42602000000000010848000bb
:100bf800de2602000000000000848000de260200dd
:100c0800000000000000060010918000f00fb20004
:100c180080868800d930a80000000600d030ec009b
:100c280050002000d010e30001003900d030ef0060
:100c3800d930a80000000600d030ed005000200098
:100c4800d010e300020039004000200080868800b0
:100c5800d930a80000000600d8b0a8000000200085
:100c680080898800a023020000000000f0ff2f0008
:100c7800d089880000002000e0888800000020005b
:100c8800f088880041da2000dab0a9005e26020068
:100c980000000000d09280000000e8009a260200c0
:100ca8000000000000022000e4260200000000000e
:100cb80010848000de26020000000000008480000e
:100cc800de26020000000000e0002000e088880026
:100cd80040012000f0888800e00120004089880059
:100ce800400220005089880000802f0080898800f9
:100cf800d823020000000000c0022000e08888001d
:100d080040012000f0888800800220004089880087
:100d18004002200050898800f0ff2f008089880059
:100d2800d82302000000000040052000e088880069
:100d380040012000f0888800e001200040898800f8
:100d48004002200050898800007e200080898800a9
:100d5800d8230200000000000000200080898800dd
:100d680000000600d8b0a800000020008089880094
:100d7800a023020000000000f0002000d0928800ac
:100d88004000200080868800d930a800f0ff2f009e
:100d9800d089880000012000e08888000001200038
:100da800f088880041d92000dab0a9005e26020048
:100db80000000000c00520005812e30001003900bf
:100dc8000e003700c09280000000e8009a2602005a
:100dd8000000000000022000e426020000000000dd
:100de80010848000de2602000000000000848000dd
:100df800de2602000000000000000600d0022000ed
:100e0800e426020000000000d0022000e4260200d0
:100e180000000000d0022000e426020000000000cc
:100e2800000006005a32ec00000120005a12e300cc
:100e3800010039005a32ef00a1252100be2402002a
:100e480000000000f0ff2f00d0898800000020007b
:100e58008089880000002000e088880000002000c9
:100e6800f088880041da2000dab0a9005e26020086
:100e780000000000d09280000000e8009a260200de
:100e88000000000000022000e4260200000000002c
:100e980010848000de26020000000000008480002c
:100ea800de26020000000000d930a800000006007d
:100eb8005a32ed00000120005a12e3000200390006
:100ec800f0002000d0928800a1252100be24020055
:100ed80000000000f0ff2f00d089880000002000eb
:100ee8008089880000002000e08888000000200039
:100ef800f088880041da2000dab0a9005e260200f6
:100f080000000000d09280000000e8009a2602004d
:100f18000000000000022000e4260200000000009b
:100f280010848000de26020000000000008480009b
:100f3800de26020000000000d930a80000000600ec
:100f48000000060000000600000006000084800083
:100f58000000e90090918800a80702000000000046
:100f68000000060000000600000006003222af0064
:100f78003222a9002222af002222a9000000060086
:100f88004231ef00208a80004611b7004811b700af
:100f98004a11b7004c11b7004e11b7005011b700f5
:100fa8005211b700f2ff2000020060000000e000cc
:100fb80001003a00000006000001eb004114210086
:100fc8008100410081004100110078000000e0002c
:100fd80004003a000201e8006810e100f7ff390058
:100fe80000000600800078000002eb0010002000de
:100ff8000400dd000100600005003a000402e8007a
:10100800c00020000020e100f8ff390000000600c1
:10101800c00020000201b800040041000000e80000
:101028002208020000000000108a8800000000006a
:10103800000000000000000000000600000601009b
:1010480000000500d0010500d0020500d00305000e
:10105800d0040500e0010500e0020500e0030500fa
:10106800e0040500f0010500f0020500f0030500aa
:10107800f004050000020500000305000004050057
:101088000005050010020500100305001004050006
:1010980010050500200205002003050020040500b6
:1010a8002005050030020500300305003004050066
:1010b8003005050040020500400305004004050016
:1010c80040050500500205005003050050040500c6
:1010d8005005050060020500600305006004050076
:1010e8006005050070020500700305007004050026
:1010f80070050500800205008003050080040500d6
:101108008005050090020500900305009004050085
:1011180090050500a0020500a0030500a004050035
:10112800a0050500b0020500b0030500b0040500e5
:1011380000000500b0050500c0020500c003050059
:10114800c0040500c00505001000050020000500ca
:101158003000050040000500500005006000050053
:1011680000000500700005008000050090000500e3
:10117800a0000500b0000500c0000500d000050073
:10118800e0000500f0000500000105001001050061
:1011980000000500200105003001050040010500a0
:1011a800500105006001050070010500800105007f
:1011b80090010500a0010500b0010500c00105006f
:1011c800000000000000000000000600be30ef0034
:1011d80030088000bc90b6004220af000000060036
:1011e800f0858800c030b700bcb0b6000060fe00d3
:1011f80000000600c430ef0050088000c290b6001e
:101208004220af000000060020868800c630b700e4
:10121800c2b0b6000060fe0000000600c510ae00b7
:10122800000006005086800000060100010037001b
:101238000100370000000600c810e200020032007a
:10124800c830ed0000000600ca30ef007e1602002c
:101258000000000000002000e010ae001000200098
:10126800d0908800fe170200000000000000060071
:10127800a031ec0001003a00a031ed00cc10e200f2
:1012880004003200cc30ed00cc10e20001003a003e
:10129800d8b0a800d610e20010003200120eaf003d
:1012a80009003700d410f8005812f90081252100f0
:1012b800be24020000000000d630ef00b60602008f
:1012c8000000000005003700d630ed0003003a00aa
:1012d800b60602000000000000003700000006000b
:1012e800bf10af003c09020000000000bf90ae0034
:1012f8000000060030878000000601000400370067
:10130800040037002700370050003700020037007c
:101318000000060000000600ea10e20002003200a9
:10132800ea30ed00000006004000200050878800e9
:101338007e16020000000000e010ae000d0037002d
:10134800f0ff2f00d089880000072000e08888007f
:10135800f089800000c0fd00de26020000000000c9
:10136800f0898000de260200000000003e31ec001b
:1013780000000600007e2000d089880000072000b9
:10138800e0888800f0042000e42602000000000045
:10139800b0042000e426020000000000e630ef0060
:1013a80000000600408780000006010002003700a8
:1013b8001200370021003700de10af0000000600e1
:1013c8001a32ef001cb2ef007e1602000000000087
:1013d800e010ae00030037001c18020000000000f7
:1013e800000006001618020000000000b2170200f4
:1013f80000000000e830ec00000006001a32ec00a3
:10140800d0ac2000e09088007e16020000000000aa
:10141800e010ae00030037001c18020000000000b6
:10142800000006000000000000000000281802006c
:1014380000000000e830ec0000000600100020006a
:1014480030878800e830ef0000000600de10af00ab
:1014580000000600408780000006010003003700f6
:101468000b0037001e003700230037007831ef00eb
:101478007811f8001a12f90000012000e0908800a5
:101488001618020000000000e830ec00000006001a
:101498000215020000000000d910ae00020037005b
:1014a800e830ec00000006007811f8001a12f90084
:1014b80000012000e09088001c18020000000000d5
:1014c8007831ec00000120007811e30001003100c0
:1014d80000000600e830ec00e830ec0000000600f0
:1014e8002218020000000000100020003087880049
:1014f800e830ef0000000600281802000000000095
:101508001000200030878800e830ef000000060057
:101518000021ef00000128002008880000000600d4
:1015280000032a00900888000000060000032a0033
:101538008008880000000600217420006204200052
:1015480073052000824878008348780042c7a900c4
:1015580000f02f00c426b60090022000c426b70071
:1015680000f02f008626b600100020008626b7005f
:1015780000f02f008226b600000120008226b70066
:10158800217420006204200073052000824878003e
:101598008348780042c7a80000000600b006200073
:1015a800e008200030022000401188008000280058
:1015b8000011880000402000101188004648a9004a
:1015c8004628a8004608a8000188a9002188a80084
:1015d80030118000301180003011800030118000ff
:1015e8000168a90045c8a90045a8a8004588a80021
:1015f8000168a9002168a80000000600b0062000c4
:10160800e008200010042000f0022000c01188002b
:10161800e000280080118800004020009011880018
:101628004fc8a9004fa8a8004f88a80003e8a90040
:1016380023e8a800b0118000b0118000b01180002c
:10164800b011800003c8a9004f48a9004f28a8007e
:101658004f08a80003c8a90023c8a8000000060076
:10166800100020000400370070002000020037003e
:10167800700020000000370031742000820720002d
:10168800a30920000300fc00824878008348780002
:1016980043e7b7002174200062042000730520008e
:1016a8000300fc0082487800834878004207a800bd
:1016b8000060fe004207af00fdff37000000060093
:1016c8004427ef000003200050042000303a88002f
:1016d800000020004427b700000020004427b7007e
:1016e800000020004427b7000000000000000000b0
:1016f8000000000000712200181b0200000000001a
:1017080000000000000000000000000010002000a1
:10171800400b02000000000000002000403a880052
:10172800000006000060fe00b00a200020118800ba
:1017380000712200181b020000000000f9ff3700aa
:101748004000200080868800f0002000d0928800a9
:10175800f0012000a0918800f0002000b0918800de
:1017680000000600100ea8001a0ea800142ea900ea
:10177800102ea900046ea900006ea900148ea900fd
:10178800108ea900048ea900008ea90014aea9002d
:1017980010aea90014cea90010cea90014eea9001d
:1017a80010eea900150ea800110ea900112ea80010
:1017b800154ea900114ea900156ea900116ea900b9
:1017c800158ea900118ea90015aea90011aea900a9
:1017d80015cea90011cea90015eea90011eea90099
:1017e800040ea800000ea900042ea900002ea900ce
:1017f80000000600df10af0003003700df50af0025
:101808000600370000000600df10a900208f8000c6
:10181800408f88000100220005003700df50a90032
:10182800308f8000408f8800012822000000370098
:101838008190880031007800423022000200e100e7
:1018480004003200f2ff2f000200e1000100320024
:101858000000060031007800c29280000200e1001a
:1018680004003200f2ff2f000200e1000100320004
:101878000000060031007800909088003100780060
:10188800a090880031007800b0908800811f78000f
:10189800310078001091880031007800209188008c
:1018a800310078003091880031007800409188003c
:1018b800cf007800b09080000080fd00f00fb200eb
:1018c8006000e10002003a009e0c040000000000e5
:1018d8007000e10002003a00900e040000000000d1
:1018e800e000e10002003a00320d040000000000b0
:1018f800f000e10002003a00860c0400000000003d
:1019080000000600b09080003000b2000006010020
:1019180007003700060037000500370004003700cd
:1019280000000000000000000000000000000600a9
:1019380000000600b0908000f000b2000006010030
:10194800110037001100370011003700110037006f
:101958001100370011003700110037000800370068
:10196800070037000600370005003700040037007d
:10197800030037000d003700020037000000370071
:101988000000060000000600000006000000060037
:101998000000060000000600000006000000060027
:1019a8001000200030878800000006001432ed0087
:1019b8001432ed008001eb003102780003006a0068
:1019c800f00fb2000c003a008301e8000480fd002b
:1019d80003006a00f00fb20007003a008301e80034
:1019e800a09080000018e100f3ff390016180200eb
:1019f800000000000000060040180200000000007f
:101a0800000006000100a70004003700110078005c
:101a1800f00fb2008100e800000006000100a100fc
:101a2800110078000080fd00f00fb2008180e8000e
:101a380000000600821f7800060d0200000000006a
:101a480000017800060d0200000000000080fd0083
:101a5800020070004f01780000000600b09080007e
:101a6800f00fb2007400e100010039000000060028
:101a780000060100170037003d003700410037001d
:101a880056003700590037006c00370080003700d7
:101a9800830037008500370087003700890037004a
:101aa8008b0037008d0037008f003700910037001a
:101ab8009500370000000600000006000000060040
:101ac80000000600000006000000060000000600f6
:101ad80000000600d8b0a8002212f8003011f90062
:101ae800a0230200000000006c31ef006e31ef000f
:101af8000000060054450000535400000000000098
:101b0800464c0000415300004820000045520000a8
:101b1800524f000052200000212100002100000047
:101b2800494400003a200000000000005341000032
:101b38005645000020490000443a000020000000fb
:101b48005446000054200000444900004d20000085
:101b580053450000543a0000200000004e4f00009a
:101b6800204900004420000021210000210000003d
:101b7800d8b0a8000000200080898800a0230200b7
:101b880000000000d8b0a800819080002101b000ba
:101b98001e0d020000000000d2bc2a000200e10075
:101ba8000100320000000600060d020000000000df
:101bb800e0888800060d020000000000f088880018
:101bc8001e0d020000000000d0898800dab0a800cd
:101bd8005e26020000000000edff3700d8b0a80024
:101be800de2202000000000000000600c005200000
:101bf8005812e30001003900000006002212f80024
:101c08006e11f9002412f8006c11f9003822020054
:101c180000000000d910af0002003700d8b0a800bb
:101c280000000600d8b0a9000000200080898800c4
:101c3800a02302000000000000000600c0052000ec
:101c48005812e300010039000000060010918000de
:101c5800f00fb20080868800819080002101b000da
:101c6800c0928000810040007e1102000000000048
:101c7800801f78007000b200708b88004f007800d9
:101c880000c0fd007000b200608b8800dfff3700e5
:101c98002212f800cc10f900d8b0a9000000060004
:101ca80012060200000000000000060020060200e4
:101cb8000000000000000600080602000000000006
:101cc80000000600160702000000000000000600e1
:101cd8005c0702000000000000000600b6060200d3
:101ce80000000000000006003006020000000000ae
:101cf8000000060010918000a0868800c005020040
:101d080000000000000006002a0204000000000095
:101d18000000fe0000000600b0908000f000b20055
:101d280000060100270037002d0037001601370094
:101d38002c0137000b003700140037002f00370044
:101d480082003700690037005f0037000000060096
:101d58000000060000000600000006000000060063
:101d680000000600b217020000000000400020003a
:101d780030878800e830ef00ea30ef003e31ef00ae
:101d88003c04020000000000000006000a21ef00e9
:101d98000a21ef00500880001086880010002000fb
:101da80050868800109180005812bc001091800065
:101db80000004100408688001612f8000e12f90053
:101dc80000000600d810a900161802000000000044
:101dd8002000200030878800e830ef00000006006f
:101de800d810a900161802000000000030002000da
:101df80030878800e830ef000000060081908000fe
:101e0800a100b00031007800b08b88003100780064
:101e1800c08b88003100780030918800310078004c
:101e2800409188007611f8008010f9007811f800c8
:101e38008210f900218488008630ef008010f800b5
:101e48007611f9008210f8007811f90021848000d9
:101e58008c140200000000008010f8007611f900d0
:101e68008210f8007811f9002184800024140200ff
:101e780000000000d910ae000b0037008630ec00df
:101e8800400020008610e300ecff39001612f8002d
:101e98000e12f90000002000d0908800fe17020002
:101ea80000000000000006001612f8000e12f900eb
:101eb80010002000d0908800d810a900fe1702005a
:101ec80000000000000006001612f8000e12f900cb
:101ed800000e20000006200080918800035c21008d
:101ee800461802000000000000000600007e2000e6
:101ef800d089880000072000e0888800f0042000ce
:101f0800e426020000000000b0042000e4260200dd
:101f1800000000007631ef007831ef0001a02200c8
:101f28007e1002000000000000712200181b020051
:101f38000000000001b022007e1002000000000036
:101f48003c040200000000000000060081908000b0
:101f5800a100b00031007800801f78007000b20046
:101f6800708b88004f0078000080fd007000b20080
:101f7800608b880031007800808b88003100780001
:101f8800908b880031007800808b80006c11b7003e
:101f98006e11b7000000e00008003a0000002100c0
:101fa800d08b88007c31ef007431ef0001a0220053
:101fb8000000eb00ff000900801878007011e200b3
:101fc80023003a006c11e200080032000000000013
:101fd80000000000000000007411e200030032005d
:101fe80000000000000000000000000000102000b9
:101ff8007411bc00020078007a31b4000300780044
:102008007cb1b4007431ef00000420006c11bc00f6
:1020180002027800800020006e11bc0002007800e7
:1020280004024100f41fb20001a022008100420016
:10203800b0da2c00801878000000200080187800a2
:10204800d08b800080187800e08b800080187800a2
:10205800001020007011bc00020078007a11b40052
:10206800b08b8800030078007c91b400c08b880096
:102078007431ec00819080002101b0007e100200d4
:1020880000000000d910ae00080037001612f80052
:102098000e12f9000000200000007800d09088009f
:1020a800fe17020000000000000006001612f800eb
:1020b8000e12f9001000200000007800d09088006f
:1020c800d810a900fe170200000000000007200039
:1020d800e0888800808b800000c0fd00de260200ba
:1020e80000000000808b8000de2602000000000057
:1020f800000006008010f8008210f8008410f80034
:102108008610f800d910a9007611f8008010f9009f
:102118007811f8008210f900218488008630ef00d9
:102128008010f8007611f9008210f8007811f90093
:10213800218480008c140200000000008010f80048
:102148007611f9008210f8007811f90021848000d6
:102158002414020000000000d910ae00050037006a
:102168008630ec00300020008610e300ecff3900d8
:10217800d910a8008610f9008410f9008210f9001f
:102188008010f90000000600d810a90016180200f7
:102198000000000081908000a100b00031007800ac
:1021a80010918800310078002091880010918000fb
:1021b8002412bc00b28b8800c38b88004200a9009f
:1021c80078b1d70076b1d7008c1402000000000067
:1021d80000000000000000000000000000000000f7
:1021e80000000600d810a90081908000a100b0006e
:1021f8003100780010918800310078002091880023
:10220800109180002412bc00b28b8800c38b880018
:102218004200a90078b1d70076b1d700d0130200e8
:1022280000000000d910ae00030037002218020099
:102238000000000000000600161802000000000060
:10224800000006007f00e1000100360000000600e3
:10225800000601001f0037001f0037001e0037006e
:102268001d0037001c0037001b0037001a0037001c
:102278001900370019003700180037001700370019
:102288001600370015003700140037001300370018
:102298001200370012003700120037001200370012
:1022a8001200370012003700110037001000370005
:1022b8000f0037000e0037000d0037000c00370004
:1022c8000b0037000a003700090037000800370004
:1022d80007003700000006000000060000000600a6
:1022e80000000600000006000000060000000600ce
:1022f800000006000100a700040037001100780064
:10230800f00fb2008100e800000006000100a10003
:10231800110078000080fd00f00fb2008180e80015
:10232800000006007e11020000000000801f7800f7
:102338007e110200000000000080fd004f017800bf
:10234800020070000000060005002f00156ea800ae
:1023580000027800156ea9000080fd00148eb600fa
:102368000080620014aeb60000000000000000000b
:10237800156ea8000000000000000000156ea900fe
:102388000400780000c0fd000080fd00148eb60037
:102398000080620014aeb6000000000000000000db
:1023a800156ea80000000600d890af00e6ff3700c1
:1023b800156ea800008788000000eb00156ea900c4
:1023c800e0f0ae00158ea900e0f0af00158ea80071
:1023d80000000000156ea800e0b0d6000000e8007c
:1023e8006800e100f5ff39000000060000002f003a
:1023f800102eb70000000000156ea90000000000b4
:102408000000000000000000907080000080fd00c7
:10241800156ea800000fb20000017800156ea90023
:1024280000000000000000000000000000000000a4
:10243800907080000080fd0000c0fd00f000b20038
:102448000200700000878800156ea80000000600d2
:10245800d890af00e5ff37000060fe00156ea800b9
:10246800e030ef00156ea900e0b0d600e010a9003a
:1024780013aeaf00e010a800156ea800156ea900f5
:10248800e0b0d600e010a90013aeaf00e010a8003d
:10249800156ea800156ea900e0b0d600e010a900de
:1024a80013aeaf00e010a800156ea800156ea900c5
:1024b800e0b0d600e010a90013aeaf00e010a8000d
:1024c800156ea800156ea900e0b0d600e010a900ae
:1024d80013aeaf00e010a800156ea800156ea90095
:1024e800e0b0d600e010a90013aeaf00e010a800dd
:1024f800156ea800156ea900e0b0d600e010a9007e
:1025080013aeaf00e010a800156ea800156ea90064
:10251800e0b0d600e010a90013aeaf00e010a800ac
:10252800156ea8000087800000000600a0150200b4
:102538000000000000092000d8110200000000007f
:10254800008488002c12020000000000108488001b
:102558002c12020000000000208488002c120200c7
:1025680000000000308488002c12020000000000e7
:102578004084880012878000238780002c12020084
:102588000000000050848800be1502000000000012
:10259800f00e20008810e3004220af000000060083
:1025a800200c20008810e3004220af000000060045
:1025b80000000600d870a9004e13020000000000b9
:1025c800ee140200000000008030ef008010a90027
:1025d800d910af008010a800000000000000000023
:1025e80000000000d910af005e13020000000000d8
:1025f80000000000000000000000000000000000d3
:102608008a13020000000000000000000000000023
:1026180000000000000000000000000000000000b2
:102628000000000000000000e2ff3700141702005d
:1026380000000000d890a900d870a9006a1602000e
:1026480000000000a8160200000000006a16020040
:1026580000000000a8160200000000000017020099
:1026680000000000000006000060fe001a130200cf
:10267800000000009a1202000000000000000000a4
:10268800000000001417020000000000f6ff3700e9
:10269800000006009a120200000000004220ae006e
:1026a800fcff3700000000000000000000000000f0
:1026b80000000600741702000000000092160200d5
:1026c800000000007e160200000000000000a700c5
:1026d800fcff37007417020000000000c01702005a
:1026e800000000000060fe007e16020000000000ee
:1026f8000000a700fbff37000000000000000000fa
:102708000000000000000000000006000160220038
:10271800021020008001eb008218780010102000c1
:10272800020140008301e800000820000018e100d1
:10273800f9ff3900d870a9007631ef007831ef0041
:10274800016022007611f8007811f8008c1402005c
:10275800000000007811f9007611f90001602200ec
:102768002414020000000000d910ae000000000090
:10277800d910af00000000000000000000000000b9
:10278800001020007631b400803e2000221b020099
:1027980000000000eaff3700d910a8006a160200fe
:1027a80000000000a015020000000000b00020009a
:1027b800d811020000000000c08b8000d811020070
:1027c80000000000b08b80000080fd00d8110200de
:1027d80000000000b08b8000d8110200000000004b
:1027e8002c120200000000002c1202000000000061
:1027f80031007800e010e3000b003a007631ec007d
:102808004220af007831ec0076d1bf00f6ff3a00e5
:10281800be15020000000000d910a9000000000049
:10282800000000000000060000000000000000009a
:1028380000000000be1502000000000000000600b5
:1028480002c02200d910a8006a1602000000000089
:10285800a01502000000000030002000d81102007e
:1028680000000000c08b8000d811020000000000aa
:10287800b08b80000080fd00d8110200000000002d
:10288800b08b8000d8110200000000002c1202005a
:10289800000000007611af000400370000878000b8
:1028a80000097800110078000600370000878000d2
:1028b8000080fd00120940000281e8003100780024
:1028c8000080fd00e050e3000b003a007631ec0098
:1028d8004220af007831ec0076d1bf00ebff3a0020
:1028e800be15020000000000d910a9000000000079
:1028f80000000000000006000000000000000000ca
:1029080000000000be1502000000000000000600e4
:1029180028170200000000007417020000000000e1
:10292800a01502000000000020002000d8110200bd
:1029380000000000c08b8000d811020000000000d9
:10294800b08b80000080fd00d8110200000000005c
:10295800b08b8000d811020000000000d890af00b2
:10296800110037007611af0002003700110078001f
:1029780003003700310078000080fd0000003700b8
:10298800d8110200000000007631ec004220af00b0
:102998007831ec0076d1bf00f2ff3a00be15020094
:1029a800000000000000060031007800d811020085
:1029b800000000007631ec004220af007831ec00d6
:1029c80076d1bf00f8ff3a00be15020000000000f3
:1029d800000006007831ef00021502000000000038
:1029e800d910af00000006007831ec00000120008b
:1029f8007811e300f8ff390000000600d910a8009c
:102a08006a16020000000000a01502000000000085
:102a1800b0002000d811020000000000c08b800028
:102a2800d81102000000000000002000d8110200a8
:102a38000000000000002000d81102000000000083
:102a48002c120200000000007631ef00d890af0091
:102a58000f0037002c12020000000000f00f2000c9
:102a6800e050e30019003a007631ec007611e200fc
:102a7800f8ff3a00d910a900be15020000000000b6
:102a88000000000000000000000000000000060038
:102a98002c12020000000000f0ff2f00e010e300fd
:102aa8000a003a007631ec007611e200f8ff3a00ad
:102ab800d910a900be1502000000000000000000a7
:102ac800000000000000000000000600be15020023
:102ad80000000000000000000000000000000000ee
:102ae8000000060001c022008200200030003700ec
:102af80001c02200020120002d00370001c0220081
:102b0800020220002a00370001c022000210200023
:102b18002700370001c022000220200024003700cf
:102b2800011821002200200021003700011821008f
:102b3800420020001e003700d890af000700370081
:102b480011aea80015cea80011cea90015eea80058
:102b580011eea900040ea90000000600801f7800ed
:102b6800f0ff2000102eb600040ea9004f007800d8
:102b780000000600d890af0006003700040ea80039
:102b8800118ea90011aea90011cea90011eea9005d
:102b980000000600040ea800801f7800f0ff200047
:102ba800102eb600040ea9004f00780000000600a1
:102bb8008e10f800728488006a1602000000000077
:102bc800a015020000000000b0002000d81102008b
:102bd80000000000c08b8000d81102000000000037
:102be800b08b80000080fd00d811020000000000ba
:102bf800b08b8000d8110200000000002c120200e7
:102c0800000000002c120200000000007611af0046
:102c18000200370080087800030037000080fd00bc
:102c2800910840008180e8007631ec004220af0036
:102c38007831ec008e30ed00f2ff3a00be1502004c
:102c4800000000008e10f90000000600708480006b
:102c58007631b4000000200078b1b4004200a90029
:102c680076b1d60078b1d6002c1202000000000020
:102c7800801878008e30ed00fbff3a00be15020088
:102c8800000000008e10f90000000600d890af0088
:102c9800030037007e160200000000000000060056
:102ca8007e16020000000000e210af0004003700aa
:102cb800e210af0002003700e030ef00000006002d
:102cc8001000200000878800000006000060fe0059
:102cd8004a16020000000000e010af00fbff3700ba
:102ce8004a16020000000000e010af00f7ff3700ae
:102cf80000000600a015020000000000500020009f
:102d0800d8110200000000002c1202000000000090
:102d1800be1502000000000000000600a015020019
:102d28000000000010002000d81102000000000080
:102d380000002000d811020000000000be150200ab
:102d48000000000000000600a015020000000000be
:102d580050032000d8110200000000002c120200cd
:102d680000000000be150200000000000010a000d6
:102d7800801f7800a015020000000000100320004a
:102d8800d8110200000000004f007800d81102009e
:102d980000000000be150200000000000000060050
:102da800a01502000000000050032000d811020006
:102db800000000002c12020000000000be150200f6
:102dc800000000000010a100801f7800a01502007c
:102dd8000000000010032000d811020000000000cd
:102de8004f007800d811020000000000be15020054
:102df8000000000000000600d870a900a01502001d
:102e08000000000080032000d8110200000000002c
:102e1800be15020000000000d890a80000000600bf
:102e2800d890a800a015020000000000f00f2000b4
:102e3800d811020000000000be15020000000000ca
:102e4800d890a900000006007e16020000000000cd
:102e5800d890af000b003700e010af00faff370042
:102e680000878000c001b2004220af0000000600c9
:102e78007417020000000000921602000000000013
:102e8800f1ff3700e210af00efff3700e410af00aa
:102e9800edff370010878000c001b2004220af006c
:102ea80005003700741702000000000092160200a7
:102eb80000000000e4ff370020878000c001b20056
:102ec8004220af0005003700741702000000000020
:102ed8009216020000000000dbff37000000060029
:102ee800a01502000000000060002000d8110200b8
:102ef80000000000be1502000000000000000600ef
:102f0800a01502000000000040002000d8110200b7
:102f180000000000be1502000000000000000600ce
:102f2800a01502000000000010002000d8110200c7
:102f38000000000001007800d81102000000000025
:102f4800010078000080fd00d81102000000000098
:102f5800be1502000000000000000600281702004d
:102f6800000000007417020000000000c0170200f3
:102f78000000000000000600a0150200000000008c
:102f8800700c2000d811020000000000be150200dd
:102f98000000000000000600801f7800a015020055
:102fa80000000000800d2000d81102000000000081
:102fb8004f007800d8110200000000000000200037
:102fc800d81102000000000000002000d811020003
:102fd80000000000be15020000000000000006000e
:102fe8003418020000000000b217020000000000c0
:102ff800000006007090800000f0a000c0908800db
:1030080055003700b090800017f2a800c0908800e3
:103018001a32ef001c32ef001e32ef002032ef00b0
:103028004d00370000002000c09088004a0037009b
:1030380010002000c09088004700370020002000c2
:10304800c09088004400370030002000c0908800fd
:103058004100370040002000c09088003e00370043
:1030680050002000c09088003b003700600020001e
:10307800c09088003800370070002000c090880099
:10308800350037007090800000f0a000c0908800e4
:103098003419020000000000403022004e190200de
:1030a80000000000403022000080fd004e190200a0
:1030b80000000000c09280004e19020000000000cd
:1030c800c09280000080fd004e1902000000000040
:1030d800000020004e19020000000000000020003f
:1030e8004e19020000000000809180002000b0000e
:1030f8004e19020000000000809180002000b000fe
:103108000080fd004e19020000000000c090800001
:103118004e19020000000000c09080000080fd00f1
:103128004e19020000000000130078004e1902003a
:1031380000000000330078000080fd004e190200f6
:10314800000000003032ed00f7ff3a005819020085
:103158000000000000000600341902000000000012
:10316800403022004e1902000000000040302200ca
:103178000080fd004e19020000000000c09280008f
:103188004e19020000000000c09280000080fd007f
:103198004e19020000000000000020004e19020035
:1031a80000000000000020004e190200000000008e
:1031b800a00020004e1902000000000000002000be
:1031c8004e19020000000000c09080004e19020055
:1031d80000000000c09080000080fd004e19020031
:1031e80000000000d09080004e190200000000008e
:1031f800d09080000080fd004e1902000000000001
:10320800e09080004e19020000000000e09080006d
:103218000080fd004e19020000000000f0908000c0
:103228004e19020000000000f09080000080fd00b0
:103238004e19020000000000009180004e190200a3
:1032480000000000009180000080fd004e1902007f
:1032580000000000581902000000000000000600ed
:10326800d810ae00de10a900d810af00de30a900db
:103278002e32ef00b00a2000509188002c32ef0067
:1032880001502200a00e20008c190200000000004e
:10329800000006002ab2b6002c32b400a2190200bf
:1032a800000000000000060050918000a2190200f2
:1032b8000000000060918000a219020000000000d8
:1032c800b00e20008c19020000000000154ea80066
:1032d800d810af00070037002e12f800ec11f900e3
:1032e800ea31ef00de10a800ded0a9000188a800ae
:1032f800000006002e12f8000212f9000032ef005a
:10330800de30a800def0a90003e8a80000000600ef
:10331800f00fb2002e12af000300370080087800cb
:103328002e32ec00000006000080fd0091084000ed
:103338008180e8002e32ec0000000600821f780031
:10334800f00fb200a20e20000200e10008003200d7
:10335800b20e20000200e10005003200c20e20007b
:103368000200e100020032004f017800e8ff370058
:10337800801f7800c00e20008c1902000000000099
:10338800b20a20004f007800000069008c19020082
:10339800000000004f017800000006000030a70080
:1033a8000a0037007000b200000601001000050096
:1033b8002000050040000500800005000001050010
:1033c800000205000004050000080500d6190200e7
:1033d800000000000080fd00000006000030a7008b
:1033e800faff37007000b20000060100000805006f
:1033f800000405000002050000010500800005002a
:10340800400005002000050010000500f619020024
:10341800000000000080fd00000006004200f800e7
:10342800801f78000288a9004f0078004200f90048
:10343800004006000288a900004006004200f8008b
:10344800801f7800811f78000168a900a031ef0073
:1034580031118000f10fb200df90ae004400370058
:10346800a00e20000100e10022003200b00e200072
:103478000100e10025003200c00e20000100e1003b
:1034880038003200b00a2000de90af0081006800ea
:10349800de90a90000282000e211e300330031008b
:1034a80000002200de50af0000282200e211b40024
:1034b8000000a100e211af00020037000108780007
:1034c800030037000180fd00108840000180fd00e6
:1034d800908f8000a08f880001007800908f88006e
:1034e80001007800f031b400eeb1b600e231ec0032
:1034f8001f003700de90a900e231ef00f031ef0045
:10350800ee31ef00d9b0a80019003700de90a9000d
:10351800b00a2000ee91b600f291b60014003a000d
:10352800908f8000f211b400f411b400f091b6004d
:10353800f00fb2000e003a00108f8000de50ae008f
:10354800208f8800de50af00308f8800de50ae003c
:10355800df10a800de50af00df50a800de50aa0040
:1035680003003700de90a8000100370000000000cb
:10357800cf0078004f0078004200f90000400600b4
:103588004200f800801f7800811f780003c8a90056
:10359800cf0078004f0078004200f9000040060094
:1035a8004200f800801f7800811f78000188a90078
:1035b800a031ef00de10ae000f00370001502200ee
:1035c800508f8000810040000100a10011007800a8
:1035d800ea11af000080fd00f00fb2002011880052
:1035e800ea31ec00608f8000ea11e3000200390044
:1035f800de10a900ded0a800cf0078004f007800c8
:103608004200f900004006004200f800801f7800e0
:10361800811f780003e8a900cf0078004f007800e8
:103628004200f900004006000060fe000000e900ca
:10363800fdff3a0000000600100020008010f8008e
:103648008210f80010848800300880000084880008
:10365800300c2000101020008030b4000060fe0004
:10366800008480000601b50000f0a700fbff3700ca
:103678008230ed00f4ff3a008210f9008010f90062
:10368800000006000e000900000000000000e9002c
:10369800fcff3a00000006001631ec003000200064
:1036a8001611e300010039001631ef00b0888000e0
:1036b8000006010002003700050037000600370049
:1036c800f0002000401988002023a8000000060010
:1036d8002023a900000006002003ae000000060019
:1036e80000188000c08888002003a90018b1d700fe
:1036f80018b1d700c0888000f00fb2000080fd002c
:10370800420d2000110009000280d800d0888800ee
:103718000080fd00f00fb20002003200f00f200020
:10372800d0888800000006004200f800801f78005a
:10373800811f78000368a900cf0078004f00780047
:103748004200f9000040060000a0fe000068a90041
:10375800d230ec0090002000d210e30006003900bf
:10376800d230ef00ce30ec0050002000ce10e30045
:1037780001003900ce30ef0080868000ce10e300d3
:1037880007003e00d8b0ae0005003700d092800098
:10379800d210e30002003e00148ea800010037009a
:1037a800148ea9000080fe000040060014aea80098
:1037b800046ea900a0022000da1c0200000000002c
:1037c80000002000b21d020000000000e088800018
:1037d8002000b000b21d0200000000000000200020
:1037e800b21d020000000000608980001c11b400b6
:1037f8000000e9002000b000b21d02000000000037
:10380800046ea8000000060014aea800046ea9000b
:10381800b0022000da1c02000000000000002000b6
:10382800b21d020000000000f08880003000b000e7
:10383800b21d02000000000000002000b21d0200be
:1038480000000000708980001e11b4000000e9002b
:103858004000b000b21d020000000000046ea80085
:103868000000060014aea800046ea900a002200003
:10387800da1c02000000000000002000b21d020057
:1038880000000000008980001c11e30001003500e1
:10389800e0888000801f78002000b000b21d020080
:1038a8000000000000002000b21d0200000000001f
:1038b8004f0078002c11b4000000e9002211e30049
:1038c80001003c00108980002000b000b21d0200f9
:1038d80000000000046ea80014aea800046ea90041
:1038e800b0022000da1c02000000000000002000e6
:1038f800b21d020000000000208980001e11e300b4
:1039080001003500f0888000801f78003000b0008a
:10391800b21d02000000000000002000b21d0200dd
:10392800000000004f0078002e11b4000000e900ec
:103938002611e30001003c00308980003000b0000f
:10394800b21d020000000000046ea80014aea8001a
:10395800046ea90060032000da1c020000000000c9
:10396800400c2000b21d020000000000046ea800f8
:1039780000000600da1b020000000000081c02001c
:103988000000000014aea800046ea9006003200027
:10399800da1c020000000000000c2000b21d02002a
:1039a80000000000046ea8000000060014cea90064
:1039b8000000000014eea8000070a60014eea90094
:1039c8000000000014aea9000000000014aea8001a
:1039d8000000000014eea8000060a60014eea90084
:1039e8000000000014aea9000000000014aea800fa
:1039f8000000000014eea8000050a60014eea90074
:103a08000000000014aea9000000000014aea800d9
:103a18000000000014eea8000040a60014eea90063
:103a28000000000014aea9000000000014aea800b9
:103a38000000000014eea8000030a60014eea90053
:103a48000000000014aea9000000000014aea80099
:103a58000000000014eea8000020a60014eea90043
:103a68000000000014aea9000000000014aea80079
:103a78000000000014eea8000010a60014eea90033
:103a88000000000014aea9000000000014aea80059
:103a98000000000014eea8000000a60014eea90023
:103aa8000000000014aea9000000000014aea80039
:103ab800000000000000060014cea80014eea800c4
:103ac80000f0a60014eea90014aea90014aea800d8
:103ad80014eea80000e0a60014eea90014aea90098
:103ae80014aea80014eea80000d0a60014eea90099
:103af80014aea90014aea80014eea80000c0a600d9
:103b080014eea90014aea90014aea80014eea80083
:103b180000b0a60014eea90014aea90014aea800c7
:103b280014eea80000a0a60014eea90014aea90087
:103b380014aea80014eea8000090a60014eea90088
:103b480014aea90014aea80014eea8000080a600c8
:103b580014eea90014aea90014aea80014cea80053
:103b680014eea8000070a60014eea90014aea90077
:103b780014aea80014eea8000060a60014eea90078
:103b880014aea90014aea80014eea8000050a600b8
:103b980014eea90014aea90014aea80014eea800f3
:103ba8000040a60014eea90014aea90014aea800a7
:103bb80014eea8000030a60014eea90014aea90067
:103bc80014aea80014eea8000020a60014eea90068
:103bd80014aea90014aea80014eea8000010a600a8
:103be80014eea90014aea90014aea80014eea800a3
:103bf8000000a60014eea90014aea90014aea80097
:103c08000000060014cea80014eea80000f0a600dc
:103c180014eea9000000000014aea9000000000086
:103c280014aea8000000000014eea80000e0a600f2
:103c380014eea9000000000014aea9000000000066
:103c480014aea8000000000014eea80000d0a600e2
:103c580014eea9000000000014aea9000000000046
:103c680014aea8000000000014eea80000c0a600d2
:103c780014eea9000000000014aea9000000000026
:103c880014aea8000000000014eea80000b0a600c2
:103c980014eea9000000000014aea9000000000006
:103ca80014aea8000000000014eea80000a0a600b2
:103cb80014eea9000000000014aea90000000000e6
:103cc80014aea8000000000014eea8000090a600a2
:103cd80014eea9000000000014aea90000000000c6
:103ce80014aea8000000000014eea8000080a60092
:103cf80014eea9000000000014aea90000000000a6
:103d080014aea8000000000014cea80014eea8000d
:103d18000070a60014eea9000000000014aea9006f
:103d28000000000014aea8000000000014eea80077
:103d38000060a60014eea9000000000014aea9005f
:103d48000000000014aea8000000000014eea80057
:103d58000050a60014eea9000000000014aea9004f
:103d68000000000014aea8000000000014eea80037
:103d78000040a60014eea9000000000014aea9003f
:103d88000000000014aea8000000000014eea80017
:103d98000030a60014eea9000000000014aea9002f
:103da8000000000014aea8000000000014eea800f7
:103db8000020a60014eea9000000000014aea9001f
:103dc8000000000014aea8000000000014eea800d7
:103dd8000010a60014eea9000000000014aea9000f
:103de8000000000014aea8000000000014eea800b7
:103df8000000a60014eea9000000000014aea900ff
:103e08000000000014aea80000000000000006003a
:103e1800821f780014cea800020220000b00370091
:103e2800821f780014cea800820120000700370006
:103e3800821f780014cea80002012000030037007a
:103e4800821f780014cea8008200200010eea8007f
:103e580014aea9004200a80012eeae004200a9006c
:103e680014aea8000080d2008180d2000201e900cf
:103e7800f7ff3a00046ea8004f01780010eea90081
:103e88000000060014aea80038240200000000005c
:103e980014aea800046ea90010012000da1c02006c
:103ea8000000000080072000221b02000000000024
:103eb80014aea800046ea900100b2000da1c020042
:103ec8000000000050002000b21d020000000000a9
:103ed800c0032000b21d020000000000c003200043
:103ee800b21d020000000000046ea80014aea80075
:103ef800046ea900200b2000da1c0200000000005c
:103f080050002000b21d020000000000c003200085
:103f1800b21d020000000000c0032000b21d020014
:103f280000000000046ea80014aea800046ea900ea
:103f3800300b2000da1c02000000000050002000b6
:103f4800b21d020000000000c0032000b21d0200e4
:103f580000000000c0032000b21d020000000000a5
:103f680050002000b21d020000000000c003200025
:103f7800b21d020000000000c0032000b21d0200b4
:103f880000000000046ea80014aea800046ea9008a
:103f9800400b2000da1c0200000000007000200026
:103fa800b21d020000000000046ea80014aea800b4
:103fb800046ea900600b2000da1c0200000000005b
:103fc800400b2000b21d020000000000000f20007e
:103fd800b21d020000000000046ea80014aea80084
:103fe800046ea900000c2000da1c0200000000008a
:103ff800e00a2000b21d020000000000e0002000de
:10400800b21d02000000000040002000b21d0200a6
:1040180000000000046ea80014aea800046ea900f9
:10402800100c2000da1c020000000000000c200028
:10403800b21d020000000000046ea80014aea80023
:10404800046ea900200c2000da1c02000000000009
:10405800a0002000b21d02000000000000002000a7
:10406800b21d020000000000046ea80014aea800f3
:10407800046ea900300c2000da1c020000000000c9
:10408800a0082000b21d020000000000600220000d
:10409800b21d020000000000046ea80014aea800c3
:1040a800046ea900400c2000da1c02000000000089
:1040b800a0082000b21d020000000000e00e200051
:1040c800b21d020000000000046ea80014aea80093
:1040d800046ea900500c2000da1c02000000000049
:1040e80010002000b21d020000000000046ea800ad
:1040f80014aea800046ea900000e2000da1c02000d
:104108000000000030002000b21d02000000000086
:10411800d0012000b21d0200000000008000200035
:10412800b21d020000000000d0002000b21d0200f5
:104138000000000060032000b21d02000000000023
:1041480030032000b21d020000000000c002200061
:10415800b21d020000000000f0022000b21d0200a3
:1041680000000000c0022000b21d02000000000094
:10417800a0022000b21d0200000000002003200061
:10418800b21d020000000000c0032000b21d0200a2
:104198000000000000002000b21d02000000000026
:1041a80010002000b21d02000000000030002000b6
:1041b800b21d020000000000f0002000b21d020045
:1041c80000000000046ea80014aea800046ea90048
:1041d800100e2000da1c0200000000003000200051
:1041e800b21d020000000000d0012000b21d020034
:1041f8000000000080002000b21d02000000000046
:10420800d0002000b21d020000000000f0022000d3
:10421800b21d020000000000c0022000b21d020012
:104228000000000080022000b21d02000000000013
:10423800d0022000b21d020000000000c0022000d1
:10424800b21d020000000000a0022000b21d020002
:104258000000000020032000b21d02000000000042
:10426800d0032000b21d0200000000000000200062
:10427800b21d02000000000010002000b21d020064
:104288000000000010002000b21d02000000000025
:10429800f0002000b21d020000000000046ea8001b
:1042a80014aea800046ea90060032000da1c020006
:1042b8000000000040002000b21d020000000000c5
:1042c800046ea80014aea800046ea900a003200084
:1042d800da1c02000000000050002000b21d02009d
:1042e80000000000046ea80014aea800046ea90027
:1042f80000022000da1c020000000000046ea80082
:1043080014aea800046ea90090022000da1c020076
:1043180000000000046ea8000000060001a02200b2
:1043280002202000dc15020000000000000006004a
:10433800d910a80001a02200000420006c11bc00c4
:1043480081004100800020006e11bc008100410006
:10435800b2da2c00310078000200e10001003200de
:10436800000006003100780031007800b08b88002a
:1043780031007800c08b8800d910a9000000060021
:104388008010f8006c31ef006e31ef00015c210005
:10439800b0fa2f006f000900801878008030ef0015
:1043a8009c21020000000000d910af000f00370068
:1043b8006109210002012000dc1502000000000054
:1043c800b0da2c009610e30008003a00015c2100e6
:1043d800008480004200dd008100400010858000dc
:1043e8008018780020858000801878008030ec00e4
:1043f8006e31ec00800020006e11e300e8ff390008
:104408006e31ef006c31ec00700020006c11e3009d
:10441800e3ff39006c31ef008010f900000006005e
:104428009c21020000000000d910af000000060027
:104438006109210002012000dc15020000000000d3
:10444800b0da2c009610e30001003200d910a80061
:10445800000006000000200080898800a0230200d8
:104468000000000000000600142202000000000006
:10447800d910af00f7ff3700f0848000c0858800ae
:1044880000858000d08588008e10f8008c10f80018
:10449800d8d0a80000002000e08888000000200094
:1044a800f088880000082000608988000008200043
:1044b80070898800be1c02000000000014aea8002d
:1044c800046ea900c0022000da1c020000000000ef
:1044d80003082000881502000000000004082000de
:1044e80001c022000060fe00310078000000e000fa
:1044f80004003a00d970af00007e2000d950af0008
:10450800f001b300601d0200000000000402e90091
:10451800f4ff3a008301e900eeff3a00046ea800b8
:104528008c10f9008e10f900000006000000200031
:10453800e088880000002000f0888800000820003b
:10454800608988000004200070898800be1c020071
:104558000000000014aea800046ea900c0022000ec
:10456800da1c02000000000000000600601d0200c6
:104578000000000000000600046ea800000006000d
:104588006e31ec00800020006e11e3000100310064
:10459800000006006e31ef006c31ec007000200066
:1045a8006c11e30001003100000006006c31ef00df
:1045b800000006008e30ef00c42202000000000058
:1045c80000000000000000000000000000000000e3
:1045d800000000001422020000000000d910af0003
:1045e8000300370038220200000000000000060027
:1045f8008e30ec00000420008e10e300eeff39003e
:1046080000000600d8b0a9009823020000000000ae
:10461800d8b0a8006c31ef006e31ef007631ef00b2
:104628007831ef0001a0220002202000dc150200f2
:104638000000000000000000000000000000000072
:104648003822020000000000d910af000300370034
:10465800803e2000221b0200000000006e31ec00aa
:10466800800020006e11e300f5ff39006e31ef0085
:104678006c31ec00700020006c11e300f0ff390091
:104688006c31ef00eeff3900d8b0a9009823020082
:1046980000000000d8b0a800f0ff2f008089880033
:1046a800a023020000000000c0122000221b02000c
:1046b80000000000f001200080898800a02302008b
:1046c80000000000c0122000221b020000000000b1
:1046d800007e200080898800a023020000000000de
:1046e800c0122000221b02000000000000802f00e2
:1046f80080898800a023020000000000c01220006a
:10470800221b0200000000000000200080898800b1
:10471800a023020000000000c0122000221b02009b
:1047280000000000d8ff3700461f0200000000000c
:10473800000006003031ef00d8d0a80000002000ab
:10474800e088880000002000f08888000008200029
:10475800608988000008200070898800be1c02005b
:104768000000000014aea800046ea900c0022000da
:10477800da1c0200000000000308200004082000e2
:104788000060fe0080898000601d020000000000bb
:104798000402e900faff3a008301e900f7ff3a0052
:1047a800046ea800000006008010f8008210f800cf
:1047b8001c11f8001e11f8004089800060898800eb
:1047c8005089800070898800361c020000000000b3
:1047d80014aea800046ea900c0022000da1c020072
:1047e8000000000050898000108488004089800003
:1047f80000848800008980001c11e3000c0035004b
:10480800108980001c11e30009003c002089800009
:104818001e11e30006003500308980001e11e300f8
:1048280003003c0080898000601d02000000000039
:104838001c31ec008030ed00eeff3a00408980002a
:104848001c31b5001e31ec008230ed00e7ff3a0064
:10485800046ea8001e11f9001c11f9008210f9005d
:104868008010f90000000600046ea800048ea8005d
:1048780010002000221b020000000000048ea90086
:10488800a0002000221b020000000000048ea800e7
:1048980080072000221b0200000000000000060024
:1048a8000060fe0029e7af00fdff370000000600aa
:1048b800a00f2000a002880001002000b208bb0061
:1048c800b298bb00b208bb00b298bb005420ef00fe
:1048d8000000060002c022005420ef0001002a0058
:1048e800230020003100ba00001978008301e90094
:1048f800fcff3a0000000600518488008830ef0071
:104908005420ef0041f82200408480004300dd007d
:10491800810040003100ba00008488003100ba00ec
:10492800108488003100ba00208488003100ba0061
:10493800308488008010e20001003a000000060080
:10494800008480008a10e300020032008830ec0006
:10495800ebff370001c02200408480008100400046
:10496800810040005284800012007800800878009e
:1049780000000600811f78006e240200000000007d
:10498800cf0078008024020000000000dc24020030
:104998000000000001003a0000000600f2240200b6
:1049a80000000000302502000000000000000600a2
:1049b8005420ef0001002a002300200002c022003a
:1049c8003100ba0032006800010032000000060021
:1049d8008301e900faff3a0000000600c3e8a900d5
:1049e80000002000400b02000000000054240200d8
:1049f80000000000000020006039880000002a0044
:104a08005039880030002400403988000a00fc0032
:104a18005005200070398800a00a200070398800ed
:104a280029e7a800000000000000000000000000c6
:104a380000000000000000005424020000000000f4
:104a48000000200040398800640b020000000000cc
:104a5800c3e8a80000000600c3e8a9000000200081
:104a6800400b020000000000542402000000000077
:104a78008001eb00000020006039880000002a0057
:104a88000300400003004000030040000300400012
:104a98005039880002c02200028141000281410091
:104aa8000281410002814100a00f2000a00288007d
:104ab80001002000b208bb008398bb00b208bb000d
:104ac8008398bb005420ef00100024004039880070
:104ad8000a00fc005005200070398800a00a200058
:104ae8007039880029e7a8000000000000000000d5
:104af8000000000000000000000000005424020034
:104b0800000000008301e800200020000000e80009
:104b18004180de000018e100d6ff390000002000c7
:104b280040398800640b020000000000c3e8a800b8
:104b3800000006000006010000040500100405003e
:104b48002004050030040500400405005004050059
:104b58006004050070040500800405009004050049
:104b6800a0040500b0040500c0040500d004050039
:104b7800e0040500f0040500000505001005050027
:104b88002005050030050500400505005005050015
:104b98006005050070050500800505009005050005
:104ba800a0050500b005050000000500400005004f
:104bb80080000500c0000500000105004001050057
:104bc800c0010500b0010500000205004002050013
:104bd80080020500c002050000030500400305002f
:104be80080030500c0030500100005005000050003
:104bf80090000500d00005001001050050010500d7
:104c080080010500f00105001002050050020500b2
:104c180090020500d00205001003050050030500ae
:104c280090030500d0030500200005006000050082
:104c3800a0000500e0000500200105006001050056
:104c480090010500d0010500200205006002050062
:104c5800a0020500e002050020030500600305002e
:104c6800a0030500e0030500300005007000050002
:104c7800b0000500f00005003001050070010500d6
:104c8800a0010500e00105003002050070020500e2
:104c9800b0020500f00205003003050070030500ae
:104ca800b0030500f0030500da90a8003831ef00e2
:104cb80001003700da90a900dab0ae00050037002d
:104cc800811f78000100a10011007800cf00780052
:104cd800010037001100ba000100a7000080fd00a4
:104ce800f00fb20004003200e426020000000000c9
:104cf8008100e800f0ff37008100e800da90a900a1
:104d08000000060002712200110009000280d8008c
:104d18004084880001007800823e200011000900cc
:104d28000280d80030848800010078004206200004
:104d3800110009000280d800208488000100780052
:104d4800a2002000110009000280d8001084880009
:104d580001848800000006000040a6000600370015
:104d68000000a60002003700d00220000000060064
:104d78000002200000000600604fb0004200af00b3
:104d88007040b000a043b000000006008100200081
:104d9800a189880001012000b18988002100200034
:104da800e18988007000b800417922008100400044
:104db80000000600f000b200b0260200000000006b
:104dc800d8d0a800811f7800ca2602000000000081
:104dd800da90af00040037000e2702000000000040
:104de800cf00780000000600a08980003831b400a8
:104df800cf007800000006002031ef00f007200007
:104e0800108988002431ef00f007200030898800dd
:104e180000000600a089800060898800b0898000b1
:104e280070898800361c02000000000014aea8003b
:104e3800046ea900c0022000da1c02000000000075
:104e4800b5898000208980001e11e3000f0035001d
:104e5800308980001e11e3000c003c00010178003d
:104e6800b201ba000100a7000380fd003202ba00b7
:104e78000100a7000480fd00a289800066270200c7
:104e880000000000a08980001c31b500a2898000c4
:104e98000201e9004311de000201e800810041003f
:104ea8001e31ec008502e900e6ff3a00a089800087
:104eb8001c31b400b08980001e31b500046ea80012
:104ec80000000600008980001c11e30003003d007b
:104ed8000482d3008381d3000d003700108980003d
:104ee8001c11e300030034000482d3008381d30043
:104ef800070037000482d3008381d300d089800063
:104f08004200ae0080898000601d020000000000a1
:104f18001c31ec000201e900eaff3a00000006003b
:104f28000000000000000000000000000000000079
:104f38000000000000000000000000000000000069
:104f4800000000000000000078cc0000cccc00007d
:104f580078000000000000000000000000000000d1
:104f68000000000000000000070f00001f3f0000c5
:104f78007f3f00001f0f0000070000000000000036
:104f88000000000000000000e0f00000f8fc000055
:104f9800fefc0000f8f00000e00000000000000047
:104fa800000000000000000000100000387c000035
:104fb800fe7c000038100000000000000000000027
:104fc8000000000000000000183c00003ce7000062
:104fd800e7e70000181800003c000000000000008f
:104fe8000000000000000000183c00007eff0000e8
:104ff800ff7e0000181800003c00000000000000c0
:105008000000000000000000000000000018000080
:105018003c3c0000180000000000000000000000f8
:10502800000000000000000078cc0000cccc00009c
:1050380078000000000000000000000000000000f0
:105048000000000000000000000000003c660000b6
:1050580042420000663c0000000000000000000022
:1050680000ff0000ffff0000ffff0000c3990000e1
:10507800bdbd000099c30000ffff0000ffff000056
:105088000000000000000000f0e00000b098000000
:105098003c660000666600003c000000000000005e
:1050a80000000000000000003c660000666600008a
:1050b8003c1800007e1800001800000000000000e6
:1050c8000000000000000000fccc0000fc0c000008
:1050d8000c0c00000e0f000007000000000000008c
:1050e8000000000000000000fec60000fec6000030
:1050f800c6c60000e6e700006703000000000000e5
:10510800000000000000000018180000db3c000050
:10511800e73c0000db180000180000000000000059
:105128000000000000000000020600000e3e000023
:10513800fe3e00000e060000020000000000000015
:10514800000000000000000080c00000e0f800003f
:10515800fef80000e0c00000800000000000000031
:105168000000000000000000183c00007e1800004d
:10517800181800007e3c0000180000000000000025
:105188000000000000000000cccc0000cccc0000e7
:10519800cccc000000cc0000cc00000000000000d7
:1051a8000000000000000000fedb0000dbdb000068
:1051b800ded80000d8d80000d800000000000000a9
:1051c80000000000007c0000c60c0000386c0000e5
:1051d800c6c600006c38000060c600007c000000f5
:1051e80000000000000000000000000000000000b7
:1051f80000000000fefe0000fe00000000000000ad
:105208000000000000000000183c00007e180000ac
:10521800181800007e3c0000187e00000000000006
:105228000000000000000000183c00007e1800008c
:1052380018180000181800001800000000000000ee
:1052480000000000000000001818000018180000f6
:10525800181800007e3c0000180000000000000044
:1052680000000000000000000000000030600000a6
:10527800fe60000030000000000000000000000098
:10528800000000000000000000000000180c0000f2
:10529800fe0c0000180000000000000000000000e4
:1052a80000000000000000000000000000060000f0
:1052b80006060000fe0000000000000000000000dc
:1052c800000000000000000000000000246600004c
:1052d800ff6600002400000000000000000000003d
:1052e8000000000000000000001000003838000036
:1052f8007c7c0000fefe00000000000000000000b2
:10530800000000000000000000fe0000fe7c00001d
:105318007c38000038100000000000000000000089
:105328000000000000000000000000000000000075
:105338000000000000000000000000000000000065
:105348000000000000000000183c00003c3c000089
:1053580018180000001800001800000000000000e5
:105368000000000000c60000c6c60000440000009f
:105378000000000000000000000000000000000025
:1053880000000000000000006c6c0000fe6c0000d3
:105398006c6c0000fe6c00006c0000000000000057
:1053a80000000000303000007cc6000086060000c7
:1053b8007cc00000c2c600007c3000003000000045
:1053c80000000000000000000000000086c6000089
:1053d8006030000018cc0000c6000000000000008b
:1053e8000000000000000000386c00006c3800006d
:1053f800dc76000066660000dc00000000000000ab
:1054080000000000000c00000c0c0000060000006a
:105418000000000000000000000000000000000084
:105428000000000000000000301800000c0c000014
:105438000c0c00000c1800003000000000000000f8
:10544800000000000000000018300000606000004c
:1054580060600000603000001800000000000000dc
:10546800000000000000000000000000663c000092
:10547800ff3c000066000000000000000000000083
:1054880000000000000000000018000018180000cc
:10549800ff180000181800000000000000000000bd
:1054a80000000000000000000000000000000000f4
:1054b8000000000018180000180c00000000000090
:1054c80000000000000000000000000000000000d4
:1054d8007f00000000000000000000000000000045
:1054e80000000000000000000000000000000000b4
:1054f8000000000000180000180000000000000074
:10550800000000000000000080c0000060300000c3
:10551800180c000006020000000000000000000057
:1055280000000000000000007cc60000e6f6000055
:10553800dece0000c6c600007c00000000000000af
:105548000000000000000000303800003c3000007f
:105558003030000030300000fc0000000000000087
:1055680000000000000000007cc60000c0600000d1
:10557800301800000cc60000fe000000000000000b
:1055880000000000000000007cc60000c0c0000051
:1055980078c00000c0c600007c00000000000000c9
:1055a800000000000000000060700000786c00003f
:1055b80066fe000060600000f000000000000000cf
:1055c8000000000000000000fe06000006060000c3
:1055d8007ec00000c0c600007c0000000000000083
:1055e8000000000000000000380c00000606000063
:1055f8007ec60000c6c600007c0000000000000057
:105608000000000000000000fec60000c0600000ae
:1056180030180000181800001800000000000000f2
:1056280000000000000000007cc60000c6c60000a4
:105638007cc60000c6c600007c0000000000000018
:1056480000000000000000007cc60000c6c6000084
:10565800fcc00000c06000003c000000000000002a
:105668000000000000000000001800001800000002
:1056780000000000181800000000000000000000f2
:1056880000000000000000000018000018000000e2
:1056980000000000181800000c00000000000000c6
:1056a800000000000000000060300000180c00003e
:1056b800060c000018300000600000000000000028
:1056c800000000000000000000000000007e000054
:1056d800000000007e000000000000000000000044
:1056e8000000000000000000060c00001830000058
:1056f80060300000180c00000600000000000000e8
:1057080000000000000000007cc60000c660000029
:1057180030300000003000003000000000000000c1
:1057280000000000000000007cc60000c6f6000073
:10573800f6f60000760600007c000000000000007d
:105748000000000000000000103800006cc60000d7
:10575800c6fe0000c6c60000c6000000000000002b
:1057680000000000000000007ecc0000cccc00004f
:105778007ccc0000cccc00007e00000000000000c3
:10578800000000000000000078cc00008606000041
:105798000606000086cc000078000000000000002b
:1057a80000000000000000003e6c0000cccc0000af
:1057b800cccc0000cc6c00003e00000000000000d3
:1057c8000000000000000000fecc00008c2c00004f
:1057d8003c2c00008ccc0000fe0000000000000003
:1057e8000000000000000000fecc00008c2c00002f
:1057f8003c2c00000c0c00001e0000000000000003
:10580800000000000000000078cc000086060000c0
:1058180006f60000c6cc0000b8000000000000003a
:105828000000000000000000c6c60000c6c6000058
:10583800fec60000c6c60000c6000000000000004a
:1058480000000000000000003c18000018180000cc
:1058580018180000181800003c00000000000000a4
:105868000000000000000000f06000006060000020
:1058780060600000666600003c0000000000000058
:105888000000000000000000cecc00006c6c00009e
:105898003c6c00006ccc0000ce0000000000000052
:1058a80000000000000000001e0c00000c0c0000ae
:1058b8000c0c00008ccc0000fe0000000000000072
:1058c8000000000000000000c6ee0000fed6000048
:1058d800c6c60000c6c60000c600000000000000e2
:1058e8000000000000000000c6ce0000defe000040
:1058f800f6e60000c6c60000c60000000000000072
:105908000000000000000000386c0000c6c600005f
:10591800c6c60000c66c0000380000000000000089
:1059280000000000000000007ecc0000cccc00008d
:105938007c0c00000c0c00001e00000000000000a1
:1059480000000000000000007cc60000c6c6000081
:10595800c6d60000f67c000060e0000000000000f1
:1059680000000000000000007ecc0000cccc00004d
:105978007c6c0000cccc0000ce00000000000000d1
:1059880000000000000000007cc60000c60c0000fb
:1059980038600000c6c600007c000000000000005f
:1059a8000000000000000000ff9900001818000027
:1059b80018180000181800003c0000000000000043
:1059c8000000000000000000c6c60000c6c60000b7
:1059d800c6c60000c6c600007c000000000000002b
:1059e8000000000000000000c6c60000c6c6000097
:1059f800c6c600006c38000010000000000000005f
:105a08000000000000000000c6c60000c6c6000076
:105a1800c6d60000feee0000c60000000000000030
:105a28000000000000000000c6c60000c66c0000b0
:105a3800386c0000c6c60000c60000000000000068
:105a48000000000000000000c6c60000c66c000090
:105a580038380000383800007c00000000000000e2
:105a68000000000000000000fec6000062300000d8
:105a7800180c000086c60000fe00000000000000b0
:105a880000000000000000003c0c00000c0c0000ae
:105a98000c0c00000c0c00003c0000000000000092
:105aa8000000000000000000020600000e1c0000bc
:105ab80038700000e0c00000800000000000000016
:105ac80000000000000000003c3000003030000002
:105ad80030300000303000003c00000000000000c2
:105ae80000000000103800006cc600000000000034
:105af800000000000000000000000000000000009e
:105b0800000000000000000000000000000000008d
:105b1800000000000000000000000000ff0000007e
:105b2800000000001818000030000000000000000d
:105b3800000000000000000000000000000000005d
:105b4800000000000000000000000000003c000011
:105b5800607c000066660000dc00000000000000b9
:105b680000000000000000000e0c00000c3c0000cb
:105b78006ccc0000cccc00007600000000000000d7
:105b8800000000000000000000000000007c000091
:105b9800c606000006c600007c00000000000000e9
:105ba8000000000000000000706000006078000045
:105bb8006c66000066660000dc0000000000000063
:105bc800000000000000000000000000007c000051
:105bd800c6fe000006c600007c00000000000000b1
:105be8000000000000000000386c00004c0c0000b1
:105bf8003e0c00000c0c00001e000000000000001d
:105c080000000000000000000000000000dc0000b0
:105c180066660000667c0000606600003c000000cc
:105c280000000000000000000e0c00000c6c0000da
:105c3800dccc0000cccc0000ce000000000000004e
:105c480000000000000000003030000000380000b4
:105c58003030000030300000780000000000000004
:105c680000000000000000006060000000700000fc
:105c78006060000060600000666600003c00000094
:105c880000000000000000000e0c00000ccc00001a
:105c98006c3c00006ccc0000ce000000000000004e
:105ca8000000000000000000383000003030000024
:105cb80030300000303000007800000000000000a4
:105cc8000000000000000000000000000044000088
:105cd800fed60000d6d60000d60000000000000066
:105ce8000000000000000000000000000076000036
:105cf800cccc0000cccc0000cc00000000000000a0
:105d0800000000000000000000000000007c00000f
:105d1800c6c60000c6c600007c00000000000000e7
:105d280000000000000000000000000000760000f5
:105d3800cccc0000cc7c00000c0c00001e00000045
:105d480000000000000000000000000000dc00006f
:105d580066660000667c000060600000f0000000dd
:105d680000000000000000000000000000760000b5
:105d7800dccc00000c0c00001e000000000000003d
:105d8800000000000000000000000000007c00008f
:105d9800c61c000070c600007c0000000000000067
:105da800000000000000000010180000187e00002d
:105db8001818000018d8000070000000000000004b
:105dc8000000000000000000000000000066000065
:105dd8006666000066660000dc0000000000000047
:105de80000000000000000000000000000c60000e5
:105df800c6c600006c38000010000000000000005b
:105e080000000000000000000000000000c60000c4
:105e1800c6c60000d6fe00006c00000000000000ae
:105e280000000000000000000000000000c60000a4
:105e38006c380000386c0000c6000000000000004c
:105e480000000000000000000000000000c6000084
:105e5800c6c60000c6fc0000c06000003c00000090
:105e680000000000000000000000000000fe00002c
:105e78006630000018cc0000fe00000000000000a2
:105e88000000000000000000701800001818000052
:105e98000e18000018180000700000000000000034
:105ea800000000000000000018180000181800008a
:105eb800001800001818000018000000000000007a
:105ec80000000000000000000e1800001818000074
:105ed80070180000181800000e00000000000000f4
:105ee8000000000000000000dc7600000000000058
:105ef800000000000000000000000000000000009a
:105f080058120000ffff000000000000ff00000022
:105f18005a1200000f00000000000000640000009a
:105f28000000000000000000000000000000000069
:105f38000000000000000000000000000000000059
:105f48000000000000000000000000000000000049
:105f58000000000000000000000000000000000039
:105f68000000000000000000000000000000000029
:105f78000000000000000000000000000000000019
:105f88000000000000000000000000000000000009
:105f980000000000000000000000000000000000f9
:105fa80000000000000000000000000000000000e9
:105fb80000000000000000000000000000000000d9
:105fc80000000000000000000000000000000000c9
:105fd80000000000000000000000000000000000b9
:105fe80000000000000000000000000000000000a9
:105ff8000000000000000000000000000000000099
:106008000000000000000000000000000000000088
:106018000000000000000000000000000000000078
:106028000000000000000000000000000000000068
:106038000000000000000000000000000000000058
:106048000000000000000000000000000000000048
:106058000000000000000000000000000000000038
:106068000000000000000000000000000000000028
:106078000000000000000000000000000000000018
:106088000000000000000000000000000000000008
:1060980000000000000000000000000000000000f8
:1060a80000000000000000000000000000000000e8
:1060b80000000000000000000000000000000000d8
:1060c80000000000000000000000000000000000c8
:1060d80000000000000000000000000000000000b8
:1060e80000000000000000000000000000000000a8
:1060f8000000000000000000000000000000000098
:106108000000000000000000000000000000000087
:106118000000000000000000000000000000000077
:106128000000000000000000000000000000000067
:106138000000000000000000000000000000000057
:106148000000000000000000000000000000000047
:106158000000000000000000000000000000000037
:106168000000000000000000000000000000000027
:106178000000000000000000000000000000000017
:106188000000000000000000000000000000000007
:1061980000000000000000000000000000000000f7
:1061a80000000000000000000000000000000000e7
:1061b80000000000000000000000000000000000d7
:1061c80000000000000000000000000000000000c7
:1061d80000000000000000000000000000000000b7
:1061e80000000000000000000000000000000000a7
:1061f8000000000000000000000000000000000097
:106208000000000000000000000000000000000086
:106218000000000000000000000000000000000076
:106228000000000000000000000000000000000066
:106238000000000000000000000000000000000056
:106248000000000000000000000000000000000046
:106258000000000000000000000000000000000036
:106268000000000000000000000000000000000026
:106278000000000000000000000000000000000016
:106288000000000000000000000000000000000006
:1062980000000000000000000000000000000000f6
:1062a80000000000000000000000000000000000e6
:1062b80000000000000000000000000000000000d6
:1062c80000000000000000000000000000000000c6
:1062d80000000000000000000000000000000000b6
:1062e80000000000000000000000000000000000a6
:1062f8000000000000000000000000000000000096
:106308000000000000000000000000000000000085
:106318000000000000000000000000000000000075
:106328000000000000000000000000000000000065
:106338000000000000000000000000000000000055
:106348000000000000000000000000000000000045
:106358000000000000000000000000000000000035
:106368000000000000000000000000000000000025
:106378000000000000000000000000000000000015
:106388000000000000000000000000000000000005
:1063980000000000000000000000000000000000f5
:1063a80000000000000000000000000000000000e5
:1063b80000000000000000000000000000000000d5
:1063c80000000000000000000000000000000000c5
:1063d80000000000000000000000000000000000b5
:1063e80000000000000000000000000000000000a5
:1063f8000000000000000000000000000000000095
:106408000000000000000000000000000000000084
:106418000000000000000000000000000000000074
:106428000000000000000000000000000000000064
:106438000000000000000000000000000000000054
:106448000000000000000000000000000000000044
:106458000000000000000000000000000000000034
:106468000000000000000000000000000000000024
:106478000000000000000000000000000000000014
:106488000000000000000000000000000000000004
:1064980000000000000000000000000000000000f4
:1064a80000000000000000000000000000000000e4
:1064b80000000000000000000000000000000000d4
:1064c80000000000000000000000000000000000c4
:1064d80000000000000000000000000000000000b4
:1064e80000000000000000000000000000000000a4
:1064f8000000000000000000000000000000000094
:106508000000000000000000000000000000000083
:106518000000000000000000000000000000000073
:106528000000000000000000000000000000000063
:106538000000000000000000000000000000000053
:106548000000000000000000000000000000000043
:106558000000000000000000000000000000000033
:106568000000000000000000000000000000000023
:106578000000000000000000000000000000000013
:106588000000000000000000000000000000000003
:1065980000000000000000000000000000000000f3
:1065a80000000000000000000000000000000000e3
:1065b80000000000000000000000000000000000d3
:1065c80000000000000000000000000000000000c3
:1065d80000000000000000000000000000000000b3
:1065e80000000000000000000000000000000000a3
:1065f8000000000000000000000000000000000093
:106608000000000000000000000000000000000082
:106618000000000000000000000000000000000072
:106628000000000000000000000000000000000062
:106638000000000000000000000000000000000052
:106648000000000000000000000000000000000042
:106658000000000000000000000000000000000032
:106668000000000000000000000000000000000022
:106678000000000000000000000000000000000012
:106688000000000000000000000000000000000002
:1066980000000000000000000000000000000000f2
:1066a80000000000000000000000000000000000e2
:1066b80000000000000000000000000000000000d2
:1066c80000000000000000000000000000000000c2
:1066d80000000000000000000000000000000000b2
:1066e80000000000000000000000000000000000a2
:1066f8000000000000000000000000000000000092
:106708000000000000000000000000000000000081
:106718000000000000000000000000000000000071
:106728000000000000000000000000000000000061
:106738000000000000000000000000000000000051
:106748000000000000000000000000000000000041
:106758000000000000000000000000000000000031
:106768000000000000000000000000000000000021
:106778000000000000000000000000000000000011
:106788000000000000000000000000000000000001
:1067980000000000000000000000000000000000f1
:1067a80000000000000000000000000000000000e1
:1067b80000000000000000000000000000000000d1
:1067c80000000000000000000000000000000000c1
:1067d80000000000000000000000000000000000b1
:1067e80000000000000000000000000000000000a1
:1067f8000000000000000000000000000000000091
:106808000000000000000000000000000000000080
:106818000000000000000000000000000000000070
:106828000000000000000000000000000000000060
:106838000000000000000000000000000000000050
:106848000000000000000000000000000000000040
:106858000000000000000000000000000000000030
:106868000000000000000000000000000000000020
:106878000000000000000000000000000000000010
:106888000000000000000000000000000000000000
:1068980000000000000000000000000000000000f0
:1068a80000000000000000000000000000000000e0
:1068b80000000000000000000000000000000000d0
:1068c80000000000000000000000000000000000c0
:1068d80000000000000000000000000000000000b0
:1068e80000000000000000000000000000000000a0
:1068f8000000000000000000000000000000000090
:10690800000000000000000000000000000000007f
:10691800000000000000000000000000000000006f
:10692800000000000000000000000000000000005f
:10693800000000000000000000000000000000004f
:10694800000000000000000000000000000000003f
:10695800000000000000000000000000000000002f
:10696800000000000000000000000000000000001f
:10697800000000000000000000000000000000000f
:1069880000000000000000000000000000000000ff
:1069980000000000000000000000000000000000ef
:1069a80000000000000000000000000000000000df
:1069b80000000000000000000000000000000000cf
:1069c80000000000000000000000000000000000bf
:1069d80000000000000000000000000000000000af
:1069e800000000000000000000000000000000009f
:1069f800000000000000000000000000000000008f
:106a0800000000000000000000000000000000007e
:106a1800000000000000000000000000000000006e
:106a2800000000000000000000000000000000005e
:106a3800000000000000000000000000000000004e
:106a4800000000000000000000000000000000003e
:106a5800000000000000000000000000000000002e
:106a6800000000000000000000000000000000001e
:106a7800000000000000000000000000000000000e
:106a880000000000000000000000000000000000fe
:106a980000000000000000000000000000000000ee
:106aa80000000000000000000000000000000000de
:106ab80000000000000000000000000000000000ce
:106ac80000000000000000000000000000000000be
:106ad80000000000000000000000000000000000ae
:106ae800000000000000000000000000000000009e
:106af800000000000000000000000000000000008e
:106b0800000000000000000000000000000000007d
:106b1800000000000000000000000000000000006d
:106b2800000000000000000000000000000000005d
:106b3800000000000000000000000000000000004d
:106b4800000000000000000000000000000000003d
:106b5800000000000000000000000000000000002d
:106b6800000000000000000000000000000000001d
:106b7800000000000000000000000000000000000d
:106b880000000000000000000000000000000000fd
:106b980000000000000000000000000000000000ed
:106ba80000000000000000000000000000000000dd
:106bb80000000000000000000000000000000000cd
:106bc80000000000000000000000000000000000bd
:106bd80000000000000000000000000000000000ad
:106be800000000000000000000000000000000009d
:106bf800000000000000000000000000000000008d
:106c0800000000000000000000000000000000007c
:106c1800000000000000000000000000000000006c
:106c2800000000000000000000000000000000005c
:106c3800000000000000000000000000000000004c
:106c4800000000000000000000000000000000003c
:106c5800000000000000000000000000000000002c
:106c6800000000000000000000000000000000001c
:106c7800000000000000000000000000000000000c
:106c880000000000000000000000000000000000fc
:106c980000000000000000000000000000000000ec
:106ca80000000000000000000000000000000000dc
:106cb80000000000000000000000000000000000cc
:106cc80000000000000000000000000000000000bc
:106cd80000000000000000000000000000000000ac
:106ce800000000000000000000000000000000009c
:106cf800000000000000000000000000000000008c
:106d0800000000000000000000000000000000007b
:106d1800000000000000000000000000000000006b
:106d2800000000000000000000000000000000005b
:106d3800000000000000000000000000000000004b
:106d4800000000000000000000000000000000003b
:106d5800000000000000000000000000000000002b
:106d6800000000000000000000000000000000001b
:106d7800000000000000000000000000000000000b
:106d880000000000000000000000000000000000fb
:106d980000000000000000000000000000000000eb
:106da80000000000000000000000000000000000db
:106db80000000000000000000000000000000000cb
:106dc80000000000000000000000000000000000bb
:106dd80000000000000000000000000000000000ab
:106de800000000000000000000000000000000009b
:106df800000000000000000000000000000000008b
:106e0800000000000000000000000000000000007a
:106e1800000000000000000000000000000000006a
:106e2800000000000000000000000000000000005a
:106e3800000000000000000000000000000000004a
:106e4800000000000000000000000000000000003a
:106e5800000000000000000000000000000000002a
:106e6800000000000000000000000000000000001a
:106e7800000000000000000000000000000000000a
:106e880000000000000000000000000000000000fa
:106e980000000000000000000000000000000000ea
:106ea80000000000000000000000000000000000da
:106eb80000000000000000000000000000000000ca
:106ec80000000000000000000000000000000000ba
:106ed80000000000000000000000000000000000aa
:106ee800000000000000000000000000000000009a
:106ef800000000000000000000000000000000008a
:106f08000000000000000000000000000000000079
:106f18000000000000000000000000000000000069
:106f28000000000000000000000000000000000059
:106f38000000000000000000000000000000000049
:106f48000000000000000000000000000000000039
:106f58000000000000000000000000000000000029
:106f68000000000000000000000000000000000019
:106f78000000000000000000000000000000000009
:106f880000000000000000000000000000000000f9
:106f980000000000000000000000000000000000e9
:106fa80000000000000000000000000000000000d9
:106fb80000000000000000000000000000000000c9
:106fc80000000000000000000000000000000000b9
:106fd80000000000000000000000000000000000a9
:106fe8000000000000000000000000000000000099
:106ff8000000000000000000000000000000000089
:107008000000000000000000000000000000000078
:107018000000000000000000000000000000000068
:107028000000000000000000000000000000000058
:107038000000000000000000000000000000000048
:107048000000000000000000000000000000000038
:107058000000000000000000000000000000000028
:107068000000000000000000000000000000000018
:107078000000000000000000000000000000000008
:1070880000000000000000000000000000000000f8
:1070980000000000000000000000000000000000e8
:1070a80000000000000000000000000000000000d8
:1070b80000000000000000000000000000000000c8
:1070c80000000000000000000000000000000000b8
:1070d80000000000000000000000000000000000a8
:1070e8000000000000000000000000000000000098
:1070f8000000000000000000000000000000000088
:107108000000000000000000000000000000000077
:107118000000000000000000000000000000000067
:107128000000000000000000000000000000000057
:107138000000000000000000000000000000000047
:107148000000000000000000000000000000000037
:107158000000000000000000000000000000000027
:107168000000000000000000000000000000000017
:107178000000000000000000000000000000000007
:1071880000000000000000000000000000000000f7
:1071980000000000000000000000000000000000e7
:1071a80000000000000000000000000000000000d7
:1071b80000000000000000000000000000000000c7
:1071c80000000000000000000000000000000000b7
:1071d80000000000000000000000000000000000a7
:1071e8000000000000000000000000000000000097
:1071f8000000000000000000000000000000000087
:107208000000000000000000000000000000000076
:107218000000000000000000000000000000000066
:107228000000000000000000000000000000000056
:107238000000000000000000000000000000000046
:107248000000000000000000000000000000000036
:107258000000000000000000000000000000000026
:107268000000000000000000000000000000000016
:107278000000000000000000000000000000000006
:1072880000000000000000000000000000000000f6
:1072980000000000000000000000000000000000e6
:1072a80000000000000000000000000000000000d6
:1072b80000000000000000000000000000000000c6
:1072c80000000000000000000000000000000000b6
:1072d80000000000000000000000000000000000a6
:1072e8000000000000000000000000000000000096
:1072f8000000000000000000000000000000000086
:107308000000000000000000000000000000000075
:107318000000000000000000000000000000000065
:107328000000000000000000000000000000000055
:107338000000000000000000000000000000000045
:107348000000000000000000000000000000000035
:107358000000000000000000000000000000000025
:107368000000000000000000000000000000000015
:107378000000000000000000000000000000000005
:1073880000000000000000000000000000000000f5
:1073980000000000000000000000000000000000e5
:1073a80000000000000000000000000000000000d5
:1073b80000000000000000000000000000000000c5
:1073c80000000000000000000000000000000000b5
:1073d80000000000000000000000000000000000a5
:1073e8000000000000000000000000000000000095
:1073f8000000000000000000000000000000000085
:107408000000000000000000000000000000000074
:107418000000000000000000000000000000000064
:107428000000000000000000000000000000000054
:107438000000000000000000000000000000000044
:107448000000000000000000000000000000000034
:107458000000000000000000000000000000000024
:107468000000000000000000000000000000000014
:107478000000000000000000000000000000000004
:1074880000000000000000000000000000000000f4
:1074980000000000000000000000000000000000e4
:1074a80000000000000000000000000000000000d4
:1074b80000000000000000000000000000000000c4
:1074c80000000000000000000000000000000000b4
:1074d80000000000000000000000000000000000a4
:1074e8000000000000000000000000000000000094
:1074f8000000000000000000000000000000000084
:107508000000000000000000000000000000000073
:107518000000000000000000000000000000000063
:107528000000000000000000000000000000000053
:107538000000000000000000000000000000000043
:107548000000000000000000000000000000000033
:107558000000000000000000000000000000000023
:107568000000000000000000000000000000000013
:107578000000000000000000000000000000000003
:1075880000000000000000000000000000000000f3
:1075980000000000000000000000000000000000e3
:1075a80000000000000000000000000000000000d3
:1075b80000000000000000000000000000000000c3
:1075c80000000000000000000000000000000000b3
:1075d80000000000000000000000000000000000a3
:1075e8000000000000000000000000000000000093
:1075f8000000000000000000000000000000000083
:107608000000000000000000000000000000000072
:107618000000000000000000000000000000000062
:107628000000000000000000000000000000000052
:107638000000000000000000000000000000000042
:107648000000000000000000000000000000000032
:107658000000000000000000000000000000000022
:107668000000000000000000000000000000000012
:107678000000000000000000000000000000000002
:1076880000000000000000000000000000000000f2
:1076980000000000000000000000000000000000e2
:1076a80000000000000000000000000000000000d2
:1076b80000000000000000000000000000000000c2
:1076c80000000000000000000000000000000000b2
:1076d80000000000000000000000000000000000a2
:1076e8000000000000000000000000000000000092
:1076f8000000000000000000000000000000000082
:107708000000000000000000000000000000000071
:107718000000000000000000000000000000000061
:107728000000000000000000000000000000000051
:107738000000000000000000000000000000000041
:107748000000000000000000000000000000000031
:107758000000000000000000000000000000000021
:107768000000000000000000000000000000000011
:107778000000000000000000000000000000000001
:1077880000000000000000000000000000000000f1
:1077980000000000000000000000000000000000e1
:1077a80000000000000000000000000000000000d1
:1077b80000000000000000000000000000000000c1
:1077c80000000000000000000000000000000000b1
:1077d80000000000000000000000000000000000a1
:1077e8000000000000000000000000000000000091
:1077f8000000000000000000000000000000000081
:107808000000000000000000000000000000000070
:107818000000000000000000000000000000000060
:107828000000000000000000000000000000000050
:107838000000000000000000000000000000000040
:107848000000000000000000000000000000000030
:107858000000000000000000000000000000000020
:107868000000000000000000000000000000000010
:107878000000000000000000000000000000000000
:1078880000000000000000000000000000000000f0
:1078980000000000000000000000000000000000e0
:1078a80000000000000000000000000000000000d0
:1078b80000000000000000000000000000000000c0
:1078c80000000000000000000000000000000000b0
:1078d80000000000000000000000000000000000a0
:1078e8000000000000000000000000000000000090
:1078f8000000000000000000000000000000000080
:10790800000000000000000000000000000000006f
:10791800000000000000000000000000000000005f
:10792800000000000000000000000000000000004f
:10793800000000000000000000000000000000003f
:10794800000000000000000000000000000000002f
:10795800000000000000000000000000000000001f
:10796800000000000000000000000000000000000f
:1079780000000000000000000000000000000000ff
:1079880000000000000000000000000000000000ef
:1079980000000000000000000000000000000000df
:1079a80000000000000000000000000000000000cf
:1079b80000000000000000000000000000000000bf
:1079c80000000000000000000000000000000000af
:1079d800000000000000000000000000000000009f
:1079e800000000000000000000000000000000008f
:1079f800000000000000000000000000000000007f
:107a0800000000000000000000000000000000006e
:107a1800000000000000000000000000000000005e
:107a2800000000000000000000000000000000004e
:107a3800000000000000000000000000000000003e
:107a4800000000000000000000000000000000002e
:107a5800000000000000000000000000000000001e
:107a6800000000000000000000000000000000000e
:107a780000000000000000000000000000000000fe
:107a880000000000000000000000000000000000ee
:107a980000000000000000000000000000000000de
:107aa80000000000000000000000000000000000ce
:107ab80000000000000000000000000000000000be
:107ac80000000000000000000000000000000000ae
:107ad800000000000000000000000000000000009e
:107ae800000000000000000000000000000000008e
:107af800000000000000000000000000000000007e
:107b0800000000000000000000000000000000006d
:107b1800000000000000000000000000000000005d
:107b2800000000000000000000000000000000004d
:107b3800000000000000000000000000000000003d
:107b4800000000000000000000000000000000002d
:107b5800000000000000000000000000000000001d
:107b6800000000000000000000000000000000000d
:107b780000000000000000000000000000000000fd
:107b880000000000000000000000000000000000ed
:107b980000000000000000000000000000000000dd
:107ba80000000000000000000000000000000000cd
:107bb80000000000000000000000000000000000bd
:107bc80000000000000000000000000000000000ad
:107bd800000000000000000000000000000000009d
:107be800000000000000000000000000000000008d
:107bf800000000000000000000000000000000007d
:107c0800000000000000000000000000000000006c
:107c1800000000000000000000000000000000005c
:107c2800000000000000000000000000000000004c
:107c3800000000000000000000000000000000003c
:107c4800000000000000000000000000000000002c
:107c5800000000000000000000000000000000001c
:107c6800000000000000000000000000000000000c
:107c780000000000000000000000000000000000fc
:107c880000000000000000000000000000000000ec
:107c980000000000000000000000000000000000dc
:107ca80000000000000000000000000000000000cc
:107cb80000000000000000000000000000000000bc
:107cc80000000000000000000000000000000000ac
:107cd800000000000000000000000000000000009c
:107ce800000000000000000000000000000000008c
:107cf800000000000000000000000000000000007c
:107d0800000000000000000000000000000000006b
:107d1800000000000000000000000000000000005b
:107d2800000000000000000000000000000000004b
:107d3800000000000000000000000000000000003b
:107d4800000000000000000000000000000000002b
:107d5800000000000000000000000000000000001b
:107d6800000000000000000000000000000000000b
:107d780000000000000000000000000000000000fb
:107d880000000000000000000000000000000000eb
:107d980000000000000000000000000000000000db
:107da80000000000000000000000000000000000cb
:107db80000000000000000000000000000000000bb
:107dc80000000000000000000000000000000000ab
:107dd800000000000000000000000000000000009b
:107de800000000000000000000000000000000008b
:107df800000000000000000000000000000000007b
:107e0800000000000000000000000000000000006a
:107e1800000000000000000000000000000000005a
:107e2800000000000000000000000000000000004a
:107e3800000000000000000000000000000000003a
:107e4800000000000000000000000000000000002a
:107e5800000000000000000000000000000000001a
:107e6800000000000000000000000000000000000a
:107e780000000000000000000000000000000000fa
:107e880000000000000000000000000000000000ea
:107e980000000000000000000000000000000000da
:107ea80000000000000000000000000000000000ca
:107eb80000000000000000000000000000000000ba
:107ec80000000000000000000000000000000000aa
:107ed800000000000000000000000000000000009a
:107ee800000000000000000000000000000000008a
:107ef800000000000000000000000000000000007a
:107f08000000000000000000000000000000000069
:107f18000000000000000000000000000000000059
:107f28000000000000000000000000000000000049
:107f38000000000000000000000000000000000039
:107f48000000000000000000000000000000000029
:107f58000000000000000000000000000000000019
:107f68000000000000000000000000000000000009
:107f780000000000000000000000000000000000f9
:107f880000000000000000000000000000000000e9
:107f980000000000000000000000000000000000d9
:107fa80000000000000000000000000000000000c9
:107fb80000000000000000000000000000000000b9
:107fc80000000000000000000000000000000000a9
:107fd8000000000000000000000000000000000099
:107fe8000000000000000000000000000000000089
:107ff8000000000000000000000000000000000079
:108008000000000000000000000000000000000068
:108018000000000000000000000000000000000058
:108028000000000000000000000000000000000048
:108038000000000000000000000000000000000038
:108048000000000000000000000000000000000028
:108058000000000000000000000000000000000018
:108068000000000000000000000000000000000008
:1080780000000000000000000000000000000000f8
:1080880000000000000000000000000000000000e8
:1080980000000000000000000000000000000000d8
:1080a80000000000000000000000000000000000c8
:1080b80000000000000000000000000000000000b8
:1080c80000000000000000000000000000000000a8
:1080d8000000000000000000000000000000000098
:1080e8000000000000000000000000000000000088
:1080f8000000000000000000000000000000000078
:108108000000000000000000000000000000000067
:108118000000000000000000000000000000000057
:108128000000000000000000000000000000000047
:108138000000000000000000000000000000000037
:108148000000000000000000000000000000000027
:108158000000000000000000000000000000000017
:108168000000000000000000000000000000000007
:1081780000000000000000000000000000000000f7
:1081880000000000000000000000000000000000e7
:1081980000000000000000000000000000000000d7
:1081a80000000000000000000000000000000000c7
:1081b80000000000000000000000000000000000b7
:1081c80000000000000000000000000000000000a7
:1081d8000000000000000000000000000000000097
:1081e8000000000000000000000000000000000087
:1081f8000000000000000000000000000000000077
:108208000000000000000000000000000000000066
:108218000000000000000000000000000000000056
:108228000000000000000000000000000000000046
:108238000000000000000000000000000000000036
:108248000000000000000000000000000000000026
:108258000000000000000000000000000000000016
:108268000000000000000000000000000000000006
:1082780000000000000000000000000000000000f6
:1082880000000000000000000000000000000000e6
:1082980000000000000000000000000000000000d6
:1082a80000000000000000000000000000000000c6
:1082b80000000000000000000000000000000000b6
:1082c80000000000000000000000000000000000a6
:1082d8000000000000000000000000000000000096
:1082e8000000000000000000000000000000000086
:1082f8000000000000000000000000000000000076
:108308000000000000000000000000000000000065
:108318000000000000000000000000000000000055
:108328000000000000000000000000000000000045
:108338000000000000000000000000000000000035
:108348000000000000000000000000000000000025
:108358000000000000000000000000000000000015
:108368000000000000000000000000000000000005
:1083780000000000000000000000000000000000f5
:1083880000000000000000000000000000000000e5
:1083980000000000000000000000000000000000d5
:1083a80000000000000000000000000000000000c5
:1083b80000000000000000000000000000000000b5
:1083c80000000000000000000000000000000000a5
:1083d8000000000000000000000000000000000095
:1083e8000000000000000000000000000000000085
:1083f8000000000000000000000000000000000075
:108408000000000000000000000000000000000064
:108418000000000000000000000000000000000054
:108428000000000000000000000000000000000044
:108438000000000000000000000000000000000034
:108448000000000000000000000000000000000024
:108458000000000000000000000000000000000014
:108468000000000000000000000000000000000004
:1084780000000000000000000000000000000000f4
:1084880000000000000000000000000000000000e4
:1084980000000000000000000000000000000000d4
:1084a80000000000000000000000000000000000c4
:1084b80000000000000000000000000000000000b4
:1084c80000000000000000000000000000000000a4
:1084d8000000000000000000000000000000000094
:1084e8000000000000000000000000000000000084
:1084f8000000000000000000000000000000000074
:108508000000000000000000000000000000000063
:108518000000000000000000000000000000000053
:108528000000000000000000000000000000000043
:108538000000000000000000000000000000000033
:108548000000000000000000000000000000000023
:108558000000000000000000000000000000000013
:108568000000000000000000000000000000000003
:1085780000000000000000000000000000000000f3
:1085880000000000000000000000000000000000e3
:1085980000000000000000000000000000000000d3
:1085a80000000000000000000000000000000000c3
:1085b80000000000000000000000000000000000b3
:1085c80000000000000000000000000000000000a3
:1085d8000000000000000000000000000000000093
:1085e8000000000000000000000000000000000083
:1085f8000000000000000000000000000000000073
:108608000000000000000000000000000000000062
:108618000000000000000000000000000000000052
:108628000000000000000000000000000000000042
:108638000000000000000000000000000000000032
:108648000000000000000000000000000000000022
:108658000000000000000000000000000000000012
:108668000000000000000000000000000000000002
:1086780000000000000000000000000000000000f2
:1086880000000000000000000000000000000000e2
:1086980000000000000000000000000000000000d2
:1086a80000000000000000000000000000000000c2
:1086b80000000000000000000000000000000000b2
:1086c80000000000000000000000000000000000a2
:1086d8000000000000000000000000000000000092
:1086e8000000000000000000000000000000000082
:1086f8000000000000000000000000000000000072
:108708000000000000000000000000000000000061
:108718000000000000000000000000000000000051
:108728000000000000000000000000000000000041
:108738000000000000000000000000000000000031
:108748000000000000000000000000000000000021
:108758000000000000000000000000000000000011
:108768000000000000000000000000000000000001
:1087780000000000000000000000000000000000f1
:1087880000000000000000000000000000000000e1
:1087980000000000000000000000000000000000d1
:1087a80000000000000000000000000000000000c1
:1087b80000000000000000000000000000000000b1
:1087c80000000000000000000000000000000000a1
:1087d8000000000000000000000000000000000091
:1087e8000000000000000000000000000000000081
:1087f8000000000000000000000000000000000071
:108808000000000000000000000000000000000060
:108818000000000000000000000000000000000050
:108828000000000000000000000000000000000040
:108838000000000000000000000000000000000030
:108848000000000000000000000000000000000020
:108858000000000000000000000000000000000010
:108868000000000000000000000000000000000000
:1088780000000000000000000000000000000000f0
:1088880000000000000000000000000000000000e0
:1088980000000000000000000000000000000000d0
:1088a80000000000000000000000000000000000c0
:1088b80000000000000000000000000000000000b0
:1088c80000000000000000000000000000000000a0
:1088d8000000000000000000000000000000000090
:1088e8000000000000000000000000000000000080
:1088f8000000000000000000000000000000000070
:10890800000000000000000000000000000000005f
:10891800000000000000000000000000000000004f
:10892800000000000000000000000000000000003f
:10893800000000000000000000000000000000002f
:10894800000000000000000000000000000000001f
:10895800000000000000000000000000000000000f
:1089680000000000000000000000000000000000ff
:1089780000000000000000000000000000000000ef
:1089880000000000000000000000000000000000df
:1089980000000000000000000000000000000000cf
:1089a80000000000000000000000000000000000bf
:1089b80000000000000000000000000000000000af
:1089c800000000000000000000000000000000009f
:1089d800000000000000000000000000000000008f
:1089e800000000000000000000000000000000007f
:1089f800000000000000000000000000000000006f
:108a0800000000000000000000000000000000005e
:108a1800000000000000000000000000000000004e
:108a2800000000000000000000000000000000003e
:108a3800000000000000000000000000000000002e
:108a4800000000000000000000000000000000001e
:108a5800000000000000000000000000000000000e
:108a680000000000000000000000000000000000fe
:108a780000000000000000000000000000000000ee
:108a880000000000000000000000000000000000de
:108a980000000000000000000000000000000000ce
:108aa80000000000000000000000000000000000be
:108ab80000000000000000000000000000000000ae
:108ac800000000000000000000000000000000009e
:108ad800000000000000000000000000000000008e
:108ae800000000000000000000000000000000007e
:108af800000000000000000000000000000000006e
:108b0800000000000000000000000000000000005d
:108b1800000000000000000000000000000000004d
:108b2800000000000000000000000000000000003d
:108b3800000000000000000000000000000000002d
:108b4800000000000000000000000000000000001d
:108b5800000000000000000000000000000000000d
:108b680000000000000000000000000000000000fd
:108b780000000000000000000000000000000000ed
:108b880000000000000000000000000000000000dd
:108b980000000000000000000000000000000000cd
:108ba80000000000000000000000000000000000bd
:108bb80000000000000000000000000000000000ad
:108bc800000000000000000000000000000000009d
:108bd800000000000000000000000000000000008d
:108be800000000000000000000000000000000007d
:108bf800000000000000000000000000000000006d
:108c0800000000000000000000000000000000005c
:108c1800000000000000000000000000000000004c
:108c2800000000000000000000000000000000003c
:108c3800000000000000000000000000000000002c
:108c4800000000000000000000000000000000001c
:108c5800000000000000000000000000000000000c
:108c680000000000000000000000000000000000fc
:108c780000000000000000000000000000000000ec
:108c880000000000000000000000000000000000dc
:108c980000000000000000000000000000000000cc
:108ca80000000000000000000000000000000000bc
:108cb80000000000000000000000000000000000ac
:108cc800000000000000000000000000000000009c
:108cd800000000000000000000000000000000008c
:108ce800000000000000000000000000000000007c
:108cf800000000000000000000000000000000006c
:108d0800000000000000000000000000000000005b
:108d1800000000000000000000000000000000004b
:108d2800000000000000000000000000000000003b
:108d3800000000000000000000000000000000002b
:108d4800000000000000000000000000000000001b
:108d5800000000000000000000000000000000000b
:108d680000000000000000000000000000000000fb
:108d780000000000000000000000000000000000eb
:108d880000000000000000000000000000000000db
:108d980000000000000000000000000000000000cb
:108da80000000000000000000000000000000000bb
:108db80000000000000000000000000000000000ab
:108dc800000000000000000000000000000000009b
:108dd800000000000000000000000000000000008b
:108de800000000000000000000000000000000007b
:108df800000000000000000000000000000000006b
:108e0800000000000000000000000000000000005a
:108e1800000000000000000000000000000000004a
:108e2800000000000000000000000000000000003a
:108e3800000000000000000000000000000000002a
:108e4800000000000000000000000000000000001a
:108e5800000000000000000000000000000000000a
:108e680000000000000000000000000000000000fa
:108e780000000000000000000000000000000000ea
:108e880000000000000000000000000000000000da
:108e980000000000000000000000000000000000ca
:108ea80000000000000000000000000000000000ba
:108eb80000000000000000000000000000000000aa
:108ec800000000000000000000000000000000009a
:108ed800000000000000000000000000000000008a
:108ee800000000000000000000000000000000007a
:108ef800000000000000000000000000000000006a
:108f08000000000000000000000000000000000059
:108f18000000000000000000000000000000000049
:108f28000000000000000000000000000000000039
:108f38000000000000000000000000000000000029
:108f48000000000000000000000000000000000019
:108f58000000000000000000000000000000000009
:108f680000000000000000000000000000000000f9
:108f780000000000000000000000000000000000e9
:108f880000000000000000000000000000000000d9
:108f980000000000000000000000000000000000c9
:108fa80000000000000000000000000000000000b9
:108fb80000000000000000000000000000000000a9
:108fc8000000000000000000000000000000000099
:108fd8000000000000000000000000000000000089
:108fe8000000000000000000000000000000000079
:108ff8000000000000000000000000000000000069
:109008000000000000000000000000000000000058
:109018000000000000000000000000000000000048
:109028000000000000000000000000000000000038
:109038000000000000000000000000000000000028
:109048000000000000000000000000000000000018
:109058000000000000000000000000000000000008
:1090680000000000000000000000000000000000f8
:1090780000000000000000000000000000000000e8
:1090880000000000000000000000000000000000d8
:1090980000000000000000000000000000000000c8
:1090a80000000000000000000000000000000000b8
:1090b80000000000000000000000000000000000a8
:1090c8000000000000000000000000000000000098
:1090d8000000000000000000000000000000000088
:1090e8000000000000000000000000000000000078
:1090f8000000000000000000000000000000000068
:109108000000000000000000000000000000000057
:109118000000000000000000000000000000000047
:109128000000000000000000000000000000000037
:109138000000000000000000000000000000000027
:109148000000000000000000000000000000000017
:109158000000000000000000000000000000000007
:1091680000000000000000000000000000000000f7
:1091780000000000000000000000000000000000e7
:1091880000000000000000000000000000000000d7
:1091980000000000000000000000000000000000c7
:1091a80000000000000000000000000000000000b7
:1091b80000000000000000000000000000000000a7
:1091c8000000000000000000000000000000000097
:1091d8000000000000000000000000000000000087
:1091e8000000000000000000000000000000000077
:1091f8000000000000000000000000000000000067
:109208000000000000000000000000000000000056
:109218000000000000000000000000000000000046
:109228000000000000000000000000000000000036
:109238000000000000000000000000000000000026
:109248000000000000000000000000000000000016
:109258000000000000000000000000000000000006
:1092680000000000000000000000000000000000f6
:1092780000000000000000000000000000000000e6
:1092880000000000000000000000000000000000d6
:1092980000000000000000000000000000000000c6
:1092a80000000000000000000000000000000000b6
:1092b80000000000000000000000000000000000a6
:1092c8000000000000000000000000000000000096
:1092d8000000000000000000000000000000000086
:1092e8000000000000000000000000000000000076
:1092f8000000000000000000000000000000000066
:109308000000000000000000000000000000000055
:109318000000000000000000000000000000000045
:109328000000000000000000000000000000000035
:109338000000000000000000000000000000000025
:109348000000000000000000000000000000000015
:109358000000000000000000000000000000000005
:1093680000000000000000000000000000000000f5
:1093780000000000000000000000000000000000e5
:1093880000000000000000000000000000000000d5
:1093980000000000000000000000000000000000c5
:1093a80000000000000000000000000000000000b5
:1093b80000000000000000000000000000000000a5
:1093c8000000000000000000000000000000000095
:1093d8000000000000000000000000000000000085
:1093e8000000000000000000000000000000000075
:1093f8000000000000000000000000000000000065
:109408000000000000000000000000000000000054
:109418000000000000000000000000000000000044
:109428000000000000000000000000000000000034
:109438000000000000000000000000000000000024
:109448000000000000000000000000000000000014
:109458000000000000000000000000000000000004
:1094680000000000000000000000000000000000f4
:1094780000000000000000000000000000000000e4
:1094880000000000000000000000000000000000d4
:1094980000000000000000000000000000000000c4
:1094a80000000000000000000000000000000000b4
:1094b80000000000000000000000000000000000a4
:1094c8000000000000000000000000000000000094
:1094d8000000000000000000000000000000000084
:1094e8000000000000000000000000000000000074
:1094f8000000000000000000000000000000000064
:109508000000000000000000000000000000000053
:109518000000000000000000000000000000000043
:109528000000000000000000000000000000000033
:109538000000000000000000000000000000000023
:109548000000000000000000000000000000000013
:109558000000000000000000000000000000000003
:1095680000000000000000000000000000000000f3
:1095780000000000000000000000000000000000e3
:1095880000000000000000000000000000000000d3
:1095980000000000000000000000000000000000c3
:1095a80000000000000000000000000000000000b3
:1095b80000000000000000000000000000000000a3
:1095c8000000000000000000000000000000000093
:1095d8000000000000000000000000000000000083
:1095e8000000000000000000000000000000000073
:1095f8000000000000000000000000000000000063
:109608000000000000000000000000000000000052
:109618000000000000000000000000000000000042
:109628000000000000000000000000000000000032
:109638000000000000000000000000000000000022
:109648000000000000000000000000000000000012
:109658000000000000000000000000000000000002
:1096680000000000000000000000000000000000f2
:1096780000000000000000000000000000000000e2
:1096880000000000000000000000000000000000d2
:1096980000000000000000000000000000000000c2
:1096a80000000000000000000000000000000000b2
:1096b80000000000000000000000000000000000a2
:1096c8000000000000000000000000000000000092
:1096d8000000000000000000000000000000000082
:1096e8000000000000000000000000000000000072
:1096f8000000000000000000000000000000000062
:109708000000000000000000000000000000000051
:109718000000000000000000000000000000000041
:109728000000000000000000000000000000000031
:109738000000000000000000000000000000000021
:109748000000000000000000000000000000000011
:109758000000000000000000000000000000000001
:1097680000000000000000000000000000000000f1
:1097780000000000000000000000000000000000e1
:1097880000000000000000000000000000000000d1
:1097980000000000000000000000000000000000c1
:1097a80000000000000000000000000000000000b1
:1097b80000000000000000000000000000000000a1
:1097c8000000000000000000000000000000000091
:1097d8000000000000000000000000000000000081
:1097e8000000000000000000000000000000000071
:1097f8000000000000000000000000000000000061
:109808000000000000000000000000000000000050
:109818000000000000000000000000000000000040
:109828000000000000000000000000000000000030
:109838000000000000000000000000000000000020
:109848000000000000000000000000000000000010
:109858000000000000000000000000000000000000
:1098680000000000000000000000000000000000f0
:1098780000000000000000000000000000000000e0
:1098880000000000000000000000000000000000d0
:1098980000000000000000000000000000000000c0
:1098a80000000000000000000000000000000000b0
:1098b80000000000000000000000000000000000a0
:1098c8000000000000000000000000000000000090
:1098d8000000000000000000000000000000000080
:1098e8000000000000000000000000000000000070
:1098f8000000000000000000000000000000000060
:10990800000000000000000000000000000000004f
:10991800000000000000000000000000000000003f
:10992800000000000000000000000000000000002f
:10993800000000000000000000000000000000001f
:10994800000000000000000000000000000000000f
:1099580000000000000000000000000000000000ff
:1099680000000000000000000000000000000000ef
:1099780000000000000000000000000000000000df
:1099880000000000000000000000000000000000cf
:1099980000000000000000000000000000000000bf
:1099a80000000000000000000000000000000000af
:1099b800000000000000000000000000000000009f
:1099c800000000000000000000000000000000008f
:1099d800000000000000000000000000000000007f
:1099e800000000000000000000000000000000006f
:1099f800000000000000000000000000000000005f
:109a0800000000000000000000000000000000004e
:109a1800000000000000000000000000000000003e
:109a2800000000000000000000000000000000002e
:109a3800000000000000000000000000000000001e
:109a4800000000000000000000000000000000000e
:109a580000000000000000000000000000000000fe
:109a680000000000000000000000000000000000ee
:109a780000000000000000000000000000000000de
:109a880000000000000000000000000000000000ce
:109a980000000000000000000000000000000000be
:109aa80000000000000000000000000000000000ae
:109ab800000000000000000000000000000000009e
:109ac800000000000000000000000000000000008e
:109ad800000000000000000000000000000000007e
:109ae800000000000000000000000000000000006e
:109af800000000000000000000000000000000005e
:109b0800000000000000000000000000000000004d
:109b1800000000000000000000000000000000003d
:109b2800000000000000000000000000000000002d
:109b3800000000000000000000000000000000001d
:109b4800000000000000000000000000000000000d
:109b580000000000000000000000000000000000fd
:109b680000000000000000000000000000000000ed
:109b780000000000000000000000000000000000dd
:109b880000000000000000000000000000000000cd
:109b980000000000000000000000000000000000bd
:109ba80000000000000000000000000000000000ad
:109bb800000000000000000000000000000000009d
:109bc800000000000000000000000000000000008d
:109bd800000000000000000000000000000000007d
:109be800000000000000000000000000000000006d
:109bf800000000000000000000000000000000005d
:109c0800000000000000000000000000000000004c
:109c1800000000000000000000000000000000003c
:109c2800000000000000000000000000000000002c
:109c3800000000000000000000000000000000001c
:109c4800000000000000000000000000000000000c
:109c580000000000000000000000000000000000fc
:109c680000000000000000000000000000000000ec
:109c780000000000000000000000000000000000dc
:109c880000000000000000000000000000000000cc
:109c980000000000000000000000000000000000bc
:109ca80000000000000000000000000000000000ac
:109cb800000000000000000000000000000000009c
:109cc800000000000000000000000000000000008c
:109cd800000000000000000000000000000000007c
:109ce800000000000000000000000000000000006c
:109cf800000000000000000000000000000000005c
:109d0800000000000000000000000000000000004b
:109d1800000000000000000000000000000000003b
:109d2800000000000000000000000000000000002b
:109d3800000000000000000000000000000000001b
:109d4800000000000000000000000000000000000b
:109d580000000000000000000000000000000000fb
:109d680000000000000000000000000000000000eb
:109d780000000000000000000000000000000000db
:109d880000000000000000000000000000000000cb
:109d980000000000000000000000000000000000bb
:109da80000000000000000000000000000000000ab
:109db800000000000000000000000000000000009b
:109dc800000000000000000000000000000000008b
:109dd800000000000000000000000000000000007b
:109de800000000000000000000000000000000006b
:109df800000000000000000000000000000000005b
:109e0800000000000000000000000000000000004a
:109e1800000000000000000000000000000000003a
:109e2800000000000000000000000000000000002a
:109e3800000000000000000000000000000000001a
:109e4800000000000000000000000000000000000a
:109e580000000000000000000000000000000000fa
:109e680000000000000000000000000000000000ea
:109e780000000000000000000000000000000000da
:109e880000000000000000000000000000000000ca
:109e980000000000000000000000000000000000ba
:109ea80000000000000000000000000000000000aa
:109eb800000000000000000000000000000000009a
:109ec800000000000000000000000000000000008a
:109ed800000000000000000000000000000000007a
:109ee800000000000000000000000000000000006a
:109ef800000000000000000000000000000000005a
:109f08000000000000000000000000000000000049
:109f18000000000000000000000000000000000039
:109f28000000000000000000000000000000000029
:109f38000000000000000000000000000000000019
:109f48000000000000000000000000000000000009
:109f580000000000000000000000000000000000f9
:109f680000000000000000000000000000000000e9
:109f780000000000000000000000000000000000d9
:109f880000000000000000000000000000000000c9
:109f980000000000000000000000000000000000b9
:109fa80000000000000000000000000000000000a9
:109fb8000000000000000000000000000000000099
:109fc8000000000000000000000000000000000089
:109fd8000000000000000000000000000000000079
:109fe8000000000000000000000000000000000069
:109ff8000000000000000000000000000000000059
:10a008000000000000000000000000000000000048
:10a018000000000000000000000000000000000038
:10a028000000000000000000000000000000000028
:10a038000000000000000000000000000000000018
:10a048000000000000000000000000000000000008
:10a0580000000000000000000000000000000000f8
:10a0680000000000000000000000000000000000e8
:10a0780000000000000000000000000000000000d8
:10a0880000000000000000000000000000000000c8
:10a0980000000000000000000000000000000000b8
:10a0a80000000000000000000000000000000000a8
:10a0b8000000000000000000000000000000000098
:10a0c8000000000000000000000000000000000088
:10a0d8000000000000000000000000000000000078
:10a0e8000000000000000000000000000000000068
:10a0f8000000000000000000000000000000000058
:10a108000000000000000000000000000000000047
:10a118000000000000000000000000000000000037
:10a128000000000000000000000000000000000027
:10a138000000000000000000000000000000000017
:10a148000000000000000000000000000000000007
:10a1580000000000000000000000000000000000f7
:10a1680000000000000000000000000000000000e7
:10a1780000000000000000000000000000000000d7
:10a1880000000000000000000000000000000000c7
:10a1980000000000000000000000000000000000b7
:10a1a80000000000000000000000000000000000a7
:10a1b8000000000000000000000000000000000097
:10a1c8000000000000000000000000000000000087
:10a1d8000000000000000000000000000000000077
:10a1e8000000000000000000000000000000000067
:10a1f8000000000000000000000000000000000057
:10a208000000000000000000000000000000000046
:10a218000000000000000000000000000000000036
:10a228000000000000000000000000000000000026
:10a238000000000000000000000000000000000016
:10a248000000000000000000000000000000000006
:10a2580000000000000000000000000000000000f6
:10a2680000000000000000000000000000000000e6
:10a2780000000000000000000000000000000000d6
:10a2880000000000000000000000000000000000c6
:10a2980000000000000000000000000000000000b6
:10a2a80000000000000000000000000000000000a6
:10a2b8000000000000000000000000000000000096
:10a2c8000000000000000000000000000000000086
:10a2d8000000000000000000000000000000000076
:10a2e8000000000000000000000000000000000066
:10a2f8000000000000000000000000000000000056
:10a308000000000000000000000000000000000045
:10a318000000000000000000000000000000000035
:10a328000000000000000000000000000000000025
:10a338000000000000000000000000000000000015
:10a348000000000000000000000000000000000005
:10a3580000000000000000000000000000000000f5
:10a3680000000000000000000000000000000000e5
:10a3780000000000000000000000000000000000d5
:10a3880000000000000000000000000000000000c5
:10a3980000000000000000000000000000000000b5
:10a3a80000000000000000000000000000000000a5
:10a3b8000000000000000000000000000000000095
:10a3c8000000000000000000000000000000000085
:10a3d8000000000000000000000000000000000075
:10a3e8000000000000000000000000000000000065
:10a3f8000000000000000000000000000000000055
:10a408000000000000000000000000000000000044
:10a418000000000000000000000000000000000034
:10a428000000000000000000000000000000000024
:10a438000000000000000000000000000000000014
:10a448000000000000000000000000000000000004
:10a4580000000000000000000000000000000000f4
:10a4680000000000000000000000000000000000e4
:10a4780000000000000000000000000000000000d4
:10a4880000000000000000000000000000000000c4
:10a4980000000000000000000000000000000000b4
:10a4a80000000000000000000000000000000000a4
:10a4b8000000000000000000000000000000000094
:10a4c8000000000000000000000000000000000084
:10a4d8000000000000000000000000000000000074
:10a4e8000000000000000000000000000000000064
:10a4f8000000000000000000000000000000000054
:10a508000000000000000000000000000000000043
:10a518000000000000000000000000000000000033
:10a528000000000000000000000000000000000023
:10a538000000000000000000000000000000000013
:10a548000000000000000000000000000000000003
:10a5580000000000000000000000000000000000f3
:10a5680000000000000000000000000000000000e3
:10a5780000000000000000000000000000000000d3
:10a5880000000000000000000000000000000000c3
:10a5980000000000000000000000000000000000b3
:10a5a80000000000000000000000000000000000a3
:10a5b8000000000000000000000000000000000093
:10a5c8000000000000000000000000000000000083
:10a5d8000000000000000000000000000000000073
:10a5e8000000000000000000000000000000000063
:10a5f8000000000000000000000000000000000053
:10a608000000000000000000000000000000000042
:10a618000000000000000000000000000000000032
:10a628000000000000000000000000000000000022
:10a638000000000000000000000000000000000012
:10a648000000000000000000000000000000000002
:10a6580000000000000000000000000000000000f2
:10a6680000000000000000000000000000000000e2
:10a6780000000000000000000000000000000000d2
:10a6880000000000000000000000000000000000c2
:10a6980000000000000000000000000000000000b2
:10a6a80000000000000000000000000000000000a2
:10a6b8000000000000000000000000000000000092
:10a6c8000000000000000000000000000000000082
:10a6d8000000000000000000000000000000000072
:10a6e8000000000000000000000000000000000062
:10a6f8000000000000000000000000000000000052
:10a708000000000000000000000000000000000041
:10a718000000000000000000000000000000000031
:10a728000000000000000000000000000000000021
:10a738000000000000000000000000000000000011
:10a748000000000000000000000000000000000001
:10a7580000000000000000000000000000000000f1
:10a7680000000000000000000000000000000000e1
:10a7780000000000000000000000000000000000d1
:10a7880000000000000000000000000000000000c1
:10a7980000000000000000000000000000000000b1
:10a7a80000000000000000000000000000000000a1
:10a7b8000000000000000000000000000000000091
:10a7c8000000000000000000000000000000000081
:10a7d8000000000000000000000000000000000071
:10a7e8000000000000000000000000000000000061
:10a7f8000000000000000000000000000000000051
:10a808000000000000000000000000000000000040
:10a818000000000000000000000000000000000030
:10a828000000000000000000000000000000000020
:10a838000000000000000000000000000000000010
:10a848000000000000000000000000000000000000
:10a8580000000000000000000000000000000000f0
:10a8680000000000000000000000000000000000e0
:10a8780000000000000000000000000000000000d0
:10a8880000000000000000000000000000000000c0
:10a8980000000000000000000000000000000000b0
:10a8a80000000000000000000000000000000000a0
:10a8b8000000000000000000000000000000000090
:10a8c8000000000000000000000000000000000080
:10a8d8000000000000000000000000000000000070
:10a8e8000000000000000000000000000000000060
:10a8f8000000000000000000000000000000000050
:10a90800000000000000000000000000000000003f
:10a91800000000000000000000000000000000002f
:10a92800000000000000000000000000000000001f
:10a93800000000000000000000000000000000000f
:10a9480000000000000000000000000000000000ff
:10a9580000000000000000000000000000000000ef
:10a9680000000000000000000000000000000000df
:10a9780000000000000000000000000000000000cf
:10a9880000000000000000000000000000000000bf
:10a9980000000000000000000000000000000000af
:10a9a800000000000000000000000000000000009f
:10a9b800000000000000000000000000000000008f
:10a9c800000000000000000000000000000000007f
:10a9d800000000000000000000000000000000006f
:10a9e800000000000000000000000000000000005f
:10a9f800000000000000000000000000000000004f
:10aa0800000000000000000000000000000000003e
:10aa1800000000000000000000000000000000002e
:10aa2800000000000000000000000000000000001e
:10aa3800000000000000000000000000000000000e
:10aa480000000000000000000000000000000000fe
:10aa580000000000000000000000000000000000ee
:10aa680000000000000000000000000000000000de
:10aa780000000000000000000000000000000000ce
:10aa880000000000000000000000000000000000be
:10aa980000000000000000000000000000000000ae
:10aaa800000000000000000000000000000000009e
:10aab800000000000000000000000000000000008e
:10aac800000000000000000000000000000000007e
:10aad800000000000000000000000000000000006e
:10aae800000000000000000000000000000000005e
:10aaf800000000000000000000000000000000004e
:10ab0800000000000000000000000000000000003d
:10ab1800000000000000000000000000000000002d
:10ab2800000000000000000000000000000000001d
:10ab3800000000000000000000000000000000000d
:10ab480000000000000000000000000000000000fd
:10ab580000000000000000000000000000000000ed
:10ab680000000000000000000000000000000000dd
:10ab780000000000000000000000000000000000cd
:10ab880000000000000000000000000000000000bd
:10ab980000000000000000000000000000000000ad
:10aba800000000000000000000000000000000009d
:10abb800000000000000000000000000000000008d
:10abc800000000000000000000000000000000007d
:10abd800000000000000000000000000000000006d
:10abe800000000000000000000000000000000005d
:10abf800000000000000000000000000000000004d
:10ac0800000000000000000000000000000000003c
:10ac1800000000000000000000000000000000002c
:10ac2800000000000000000000000000000000001c
:10ac3800000000000000000000000000000000000c
:10ac480000000000000000000000000000000000fc
:10ac580000000000000000000000000000000000ec
:10ac680000000000000000000000000000000000dc
:10ac780000000000000000000000000000000000cc
:10ac880000000000000000000000000000000000bc
:10ac980000000000000000000000000000000000ac
:10aca800000000000000000000000000000000009c
:10acb800000000000000000000000000000000008c
:10acc800000000000000000000000000000000007c
:10acd800000000000000000000000000000000006c
:10ace800000000000000000000000000000000005c
:10acf800000000000000000000000000000000004c
:10ad0800000000000000000000000000000000003b
:10ad1800000000000000000000000000000000002b
:10ad2800000000000000000000000000000000001b
:10ad3800000000000000000000000000000000000b
:10ad480000000000000000000000000000000000fb
:10ad580000000000000000000000000000000000eb
:10ad680000000000000000000000000000000000db
:10ad780000000000000000000000000000000000cb
:10ad880000000000000000000000000000000000bb
:10ad980000000000000000000000000000000000ab
:10ada800000000000000000000000000000000009b
:10adb800000000000000000000000000000000008b
:10adc800000000000000000000000000000000007b
:10add800000000000000000000000000000000006b
:10ade800000000000000000000000000000000005b
:10adf800000000000000000000000000000000004b
:10ae0800000000000000000000000000000000003a
:10ae1800000000000000000000000000000000002a
:10ae2800000000000000000000000000000000001a
:10ae3800000000000000000000000000000000000a
:10ae480000000000000000000000000000000000fa
:10ae580000000000000000000000000000000000ea
:10ae680000000000000000000000000000000000da
:10ae780000000000000000000000000000000000ca
:10ae880000000000000000000000000000000000ba
:10ae980000000000000000000000000000000000aa
:10aea800000000000000000000000000000000009a
:10aeb800000000000000000000000000000000008a
:10aec800000000000000000000000000000000007a
:10aed800000000000000000000000000000000006a
:10aee800000000000000000000000000000000005a
:10aef800000000000000000000000000000000004a
:10af08000000000000000000000000000000000039
:10af18000000000000000000000000000000000029
:10af28000000000000000000000000000000000019
:10af38000000000000000000000000000000000009
:10af480000000000000000000000000000000000f9
:10af580000000000000000000000000000000000e9
:10af680000000000000000000000000000000000d9
:10af780000000000000000000000000000000000c9
:10af880000000000000000000000000000000000b9
:10af980000000000000000000000000000000000a9
:10afa8000000000000000000000000000000000099
:10afb8000000000000000000000000000000000089
:10afc8000000000000000000000000000000000079
:10afd8000000000000000000000000000000000069
:10afe8000000000000000000000000000000000059
:10aff8000000000000000000000000000000000049
:10b008000000000000000000000000000000000038
:10b018000000000000000000000000000000000028
:10b028000000000000000000000000000000000018
:10b038000000000000000000000000000000000008
:10b0480000000000000000000000000000000000f8
:10b0580000000000000000000000000000000000e8
:10b0680000000000000000000000000000000000d8
:10b0780000000000000000000000000000000000c8
:10b0880000000000000000000000000000000000b8
:10b0980000000000000000000000000000000000a8
:10b0a8000000000000000000000000000000000098
:10b0b8000000000000000000000000000000000088
:10b0c8000000000000000000000000000000000078
:10b0d8000000000000000000000000000000000068
:10b0e8000000000000000000000000000000000058
:10b0f8000000000000000000000000000000000048
:10b108000000000000000000000000000000000037
:10b118000000000000000000000000000000000027
:10b128000000000000000000000000000000000017
:10b138000000000000000000000000000000000007
:10b1480000000000000000000000000000000000f7
:10b1580000000000000000000000000000000000e7
:10b1680000000000000000000000000000000000d7
:10b1780000000000000000000000000000000000c7
:10b1880000000000000000000000000000000000b7
:10b1980000000000000000000000000000000000a7
:10b1a8000000000000000000000000000000000097
:10b1b8000000000000000000000000000000000087
:10b1c8000000000000000000000000000000000077
:10b1d8000000000000000000000000000000000067
:10b1e8000000000000000000000000000000000057
:10b1f8000000000000000000000000000000000047
:10b208000000000000000000000000000000000036
:10b218000000000000000000000000000000000026
:10b228000000000000000000000000000000000016
:10b238000000000000000000000000000000000006
:10b2480000000000000000000000000000000000f6
:10b2580000000000000000000000000000000000e6
:10b2680000000000000000000000000000000000d6
:10b2780000000000000000000000000000000000c6
:10b2880000000000000000000000000000000000b6
:10b2980000000000000000000000000000000000a6
:10b2a8000000000000000000000000000000000096
:10b2b8000000000000000000000000000000000086
:10b2c8000000000000000000000000000000000076
:10b2d8000000000000000000000000000000000066
:10b2e8000000000000000000000000000000000056
:10b2f8000000000000000000000000000000000046
:10b308000000000000000000000000000000000035
:10b318000000000000000000000000000000000025
:10b328000000000000000000000000000000000015
:10b338000000000000000000000000000000000005
:10b3480000000000000000000000000000000000f5
:10b3580000000000000000000000000000000000e5
:10b3680000000000000000000000000000000000d5
:10b3780000000000000000000000000000000000c5
:10b3880000000000000000000000000000000000b5
:10b3980000000000000000000000000000000000a5
:10b3a8000000000000000000000000000000000095
:10b3b8000000000000000000000000000000000085
:10b3c8000000000000000000000000000000000075
:10b3d8000000000000000000000000000000000065
:10b3e8000000000000000000000000000000000055
:10b3f8000000000000000000000000000000000045
:10b408000000000000000000000000000000000034
:10b418000000000000000000000000000000000024
:10b428000000000000000000000000000000000014
:10b438000000000000000000000000000000000004
:10b4480000000000000000000000000000000000f4
:10b4580000000000000000000000000000000000e4
:10b4680000000000000000000000000000000000d4
:10b4780000000000000000000000000000000000c4
:10b4880000000000000000000000000000000000b4
:10b4980000000000000000000000000000000000a4
:10b4a8000000000000000000000000000000000094
:10b4b8000000000000000000000000000000000084
:10b4c8000000000000000000000000000000000074
:10b4d8000000000000000000000000000000000064
:10b4e8000000000000000000000000000000000054
:10b4f8000000000000000000000000000000000044
:10b508000000000000000000000000000000000033
:10b518000000000000000000000000000000000023
:10b528000000000000000000000000000000000013
:10b538000000000000000000000000000000000003
:10b5480000000000000000000000000000000000f3
:10b5580000000000000000000000000000000000e3
:10b5680000000000000000000000000000000000d3
:10b5780000000000000000000000000000000000c3
:10b5880000000000000000000000000000000000b3
:10b5980000000000000000000000000000000000a3
:10b5a8000000000000000000000000000000000093
:10b5b8000000000000000000000000000000000083
:10b5c8000000000000000000000000000000000073
:10b5d8000000000000000000000000000000000063
:10b5e8000000000000000000000000000000000053
:10b5f8000000000000000000000000000000000043
:10b608000000000000000000000000000000000032
:10b618000000000000000000000000000000000022
:10b628000000000000000000000000000000000012
:10b638000000000000000000000000000000000002
:10b6480000000000000000000000000000000000f2
:10b6580000000000000000000000000000000000e2
:10b6680000000000000000000000000000000000d2
:10b6780000000000000000000000000000000000c2
:10b6880000000000000000000000000000000000b2
:10b6980000000000000000000000000000000000a2
:10b6a8000000000000000000000000000000000092
:10b6b8000000000000000000000000000000000082
:10b6c8000000000000000000000000000000000072
:10b6d8000000000000000000000000000000000062
:10b6e8000000000000000000000000000000000052
:10b6f8000000000000000000000000000000000042
:10b708000000000000000000000000000000000031
:10b718000000000000000000000000000000000021
:10b728000000000000000000000000000000000011
:10b738000000000000000000000000000000000001
:10b7480000000000000000000000000000000000f1
:10b7580000000000000000000000000000000000e1
:10b7680000000000000000000000000000000000d1
:10b7780000000000000000000000000000000000c1
:10b7880000000000000000000000000000000000b1
:10b7980000000000000000000000000000000000a1
:10b7a8000000000000000000000000000000000091
:10b7b8000000000000000000000000000000000081
:10b7c8000000000000000000000000000000000071
:10b7d8000000000000000000000000000000000061
:10b7e8000000000000000000000000000000000051
:10b7f8000000000000000000000000000000000041
:10b808000000000000000000000000000000000030
:10b818000000000000000000000000000000000020
:10b828000000000000000000000000000000000010
:10b838000000000000000000000000000000000000
:10b8480000000000000000000000000000000000f0
:10b8580000000000000000000000000000000000e0
:10b8680000000000000000000000000000000000d0
:10b8780000000000000000000000000000000000c0
:10b8880000000000000000000000000000000000b0
:10b8980000000000000000000000000000000000a0
:10b8a8000000000000000000000000000000000090
:10b8b8000000000000000000000000000000000080
:10b8c8000000000000000000000000000000000070
:10b8d8000000000000000000000000000000000060
:10b8e8000000000000000000000000000000000050
:10b8f8000000000000000000000000000000000040
:10b90800000000000000000000000000000000002f
:10b91800000000000000000000000000000000001f
:10b92800000000000000000000000000000000000f
:10b9380000000000000000000000000000000000ff
:10b9480000000000000000000000000000000000ef
:10b9580000000000000000000000000000000000df
:10b9680000000000000000000000000000000000cf
:10b9780000000000000000000000000000000000bf
:10b9880000000000000000000000000000000000af
:10b99800000000000000000000000000000000009f
:10b9a800000000000000000000000000000000008f
:10b9b800000000000000000000000000000000007f
:10b9c800000000000000000000000000000000006f
:10b9d800000000000000000000000000000000005f
:10b9e800000000000000000000000000000000004f
:10b9f800000000000000000000000000000000003f
:10ba0800000000000000000000000000000000002e
:10ba1800000000000000000000000000000000001e
:10ba2800000000000000000000000000000000000e
:10ba380000000000000000000000000000000000fe
:10ba480000000000000000000000000000000000ee
:10ba580000000000000000000000000000000000de
:10ba680000000000000000000000000000000000ce
:10ba780000000000000000000000000000000000be
:10ba880000000000000000000000000000000000ae
:10ba9800000000000000000000000000000000009e
:10baa800000000000000000000000000000000008e
:10bab800000000000000000000000000000000007e
:10bac800000000000000000000000000000000006e
:10bad800000000000000000000000000000000005e
:10bae800000000000000000000000000000000004e
:10baf800000000000000000000000000000000003e
:10bb0800000000000000000000000000000000002d
:10bb1800000000000000000000000000000000001d
:10bb2800000000000000000000000000000000000d
:10bb380000000000000000000000000000000000fd
:10bb480000000000000000000000000000000000ed
:10bb580000000000000000000000000000000000dd
:10bb680000000000000000000000000000000000cd
:10bb780000000000000000000000000000000000bd
:10bb880000000000000000000000000000000000ad
:10bb9800000000000000000000000000000000009d
:10bba800000000000000000000000000000000008d
:10bbb800000000000000000000000000000000007d
:10bbc800000000000000000000000000000000006d
:10bbd800000000000000000000000000000000005d
:10bbe800000000000000000000000000000000004d
:10bbf800000000000000000000000000000000003d
:10bc0800000000000000000000000000000000002c
:10bc1800000000000000000000000000000000001c
:10bc2800000000000000000000000000000000000c
:10bc380000000000000000000000000000000000fc
:10bc480000000000000000000000000000000000ec
:10bc580000000000000000000000000000000000dc
:10bc680000000000000000000000000000000000cc
:10bc780000000000000000000000000000000000bc
:10bc880000000000000000000000000000000000ac
:10bc9800000000000000000000000000000000009c
:10bca800000000000000000000000000000000008c
:10bcb800000000000000000000000000000000007c
:10bcc800000000000000000000000000000000006c
:10bcd800000000000000000000000000000000005c
:10bce800000000000000000000000000000000004c
:10bcf800000000000000000000000000000000003c
:10bd0800000000000000000000000000000000002b
:10bd1800000000000000000000000000000000001b
:10bd2800000000000000000000000000000000000b
:10bd380000000000000000000000000000000000fb
:10bd480000000000000000000000000000000000eb
:10bd580000000000000000000000000000000000db
:10bd680000000000000000000000000000000000cb
:10bd780000000000000000000000000000000000bb
:10bd880000000000000000000000000000000000ab
:10bd9800000000000000000000000000000000009b
:10bda800000000000000000000000000000000008b
:10bdb800000000000000000000000000000000007b
:10bdc800000000000000000000000000000000006b
:10bdd800000000000000000000000000000000005b
:10bde800000000000000000000000000000000004b
:10bdf800000000000000000000000000000000003b
:10be0800000000000000000000000000000000002a
:10be1800000000000000000000000000000000001a
:10be2800000000000000000000000000000000000a
:10be380000000000000000000000000000000000fa
:10be480000000000000000000000000000000000ea
:10be580000000000000000000000000000000000da
:10be680000000000000000000000000000000000ca
:10be780000000000000000000000000000000000ba
:10be880000000000000000000000000000000000aa
:10be9800000000000000000000000000000000009a
:10bea800000000000000000000000000000000008a
:10beb800000000000000000000000000000000007a
:10bec800000000000000000000000000000000006a
:10bed800000000000000000000000000000000005a
:10bee800000000000000000000000000000000004a
:10bef800000000000000000000000000000000003a
:10bf08000000000000000000000000000000000029
:10bf18000000000000000000000000000000000019
:10bf28000000000000000000000000000000000009
:10bf380000000000000000000000000000000000f9
:10bf480000000000000000000000000000000000e9
:10bf580000000000000000000000000000000000d9
:10bf680000000000000000000000000000000000c9
:10bf780000000000000000000000000000000000b9
:10bf880000000000000000000000000000000000a9
:10bf98000000000000000000000000000000000099
:10bfa8000000000000000000000000000000000089
:10bfb8000000000000000000000000000000000079
:10bfc8000000000000000000000000000000000069
:10bfd8000000000000000000000000000000000059
:10bfe8000000000000000000000000000000000049
:10bff8000000000000000000000000000000000039
:10c008000000000000000000000000000000000028
:10c018000000000000000000000000000000000018
:10c028000000000000000000000000000000000008
:10c0380000000000000000000000000000000000f8
:10c0480000000000000000000000000000000000e8
:10c0580000000000000000000000000000000000d8
:10c0680000000000000000000000000000000000c8
:10c0780000000000000000000000000000000000b8
:10c0880000000000000000000000000000000000a8
:10c098000000000000000000000000000000000098
:10c0a8000000000000000000000000000000000088
:10c0b8000000000000000000000000000000000078
:10c0c8000000000000000000000000000000000068
:10c0d8000000000000000000000000000000000058
:10c0e8000000000000000000000000000000000048
:10c0f8000000000000000000000000000000000038
:10c108000000000000000000000000000000000027
:10c118000000000000000000000000000000000017
:10c128000000000000000000000000000000000007
:10c1380000000000000000000000000000000000f7
:10c1480000000000000000000000000000000000e7
:10c1580000000000000000000000000000000000d7
:10c1680000000000000000000000000000000000c7
:10c1780000000000000000000000000000000000b7
:10c1880000000000000000000000000000000000a7
:10c198000000000000000000000000000000000097
:10c1a8000000000000000000000000000000000087
:10c1b8000000000000000000000000000000000077
:10c1c8000000000000000000000000000000000067
:10c1d8000000000000000000000000000000000057
:10c1e8000000000000000000000000000000000047
:10c1f8000000000000000000000000000000000037
:10c208000000000000000000000000000000000026
:10c218000000000000000000000000000000000016
:10c228000000000000000000000000000000000006
:10c2380000000000000000000000000000000000f6
:10c2480000000000000000000000000000000000e6
:10c2580000000000000000000000000000000000d6
:10c2680000000000000000000000000000000000c6
:10c2780000000000000000000000000000000000b6
:10c2880000000000000000000000000000000000a6
:10c298000000000000000000000000000000000096
:10c2a8000000000000000000000000000000000086
:10c2b8000000000000000000000000000000000076
:10c2c8000000000000000000000000000000000066
:10c2d8000000000000000000000000000000000056
:10c2e8000000000000000000000000000000000046
:10c2f8000000000000000000000000000000000036
:10c308000000000000000000000000000000000025
:10c318000000000000000000000000000000000015
:10c328000000000000000000000000000000000005
:10c3380000000000000000000000000000000000f5
:10c3480000000000000000000000000000000000e5
:10c3580000000000000000000000000000000000d5
:10c3680000000000000000000000000000000000c5
:10c3780000000000000000000000000000000000b5
:10c3880000000000000000000000000000000000a5
:10c398000000000000000000000000000000000095
:10c3a8000000000000000000000000000000000085
:10c3b8000000000000000000000000000000000075
:10c3c8000000000000000000000000000000000065
:10c3d8000000000000000000000000000000000055
:10c3e8000000000000000000000000000000000045
:10c3f8000000000000000000000000000000000035
:10c408000000000000000000000000000000000024
:10c418000000000000000000000000000000000014
:10c428000000000000000000000000000000000004
:10c4380000000000000000000000000000000000f4
:10c4480000000000000000000000000000000000e4
:10c4580000000000000000000000000000000000d4
:10c4680000000000000000000000000000000000c4
:10c4780000000000000000000000000000000000b4
:10c4880000000000000000000000000000000000a4
:10c498000000000000000000000000000000000094
:10c4a8000000000000000000000000000000000084
:10c4b8000000000000000000000000000000000074
:10c4c8000000000000000000000000000000000064
:10c4d8000000000000000000000000000000000054
:10c4e8000000000000000000000000000000000044
:10c4f8000000000000000000000000000000000034
:10c508000000000000000000000000000000000023
:10c518000000000000000000000000000000000013
:10c528000000000000000000000000000000000003
:10c5380000000000000000000000000000000000f3
:10c5480000000000000000000000000000000000e3
:10c5580000000000000000000000000000000000d3
:10c5680000000000000000000000000000000000c3
:10c5780000000000000000000000000000000000b3
:10c5880000000000000000000000000000000000a3
:10c598000000000000000000000000000000000093
:10c5a8000000000000000000000000000000000083
:10c5b8000000000000000000000000000000000073
:10c5c8000000000000000000000000000000000063
:10c5d8000000000000000000000000000000000053
:10c5e8000000000000000000000000000000000043
:10c5f8000000000000000000000000000000000033
:10c608000000000000000000000000000000000022
:10c618000000000000000000000000000000000012
:10c628000000000000000000000000000000000002
:10c6380000000000000000000000000000000000f2
:10c6480000000000000000000000000000000000e2
:10c6580000000000000000000000000000000000d2
:10c6680000000000000000000000000000000000c2
:10c6780000000000000000000000000000000000b2
:10c6880000000000000000000000000000000000a2
:10c698000000000000000000000000000000000092
:10c6a8000000000000000000000000000000000082
:10c6b8000000000000000000000000000000000072
:10c6c8000000000000000000000000000000000062
:10c6d8000000000000000000000000000000000052
:10c6e8000000000000000000000000000000000042
:10c6f8000000000000000000000000000000000032
:10c708000000000000000000000000000000000021
:10c718000000000000000000000000000000000011
:10c728000000000000000000000000000000000001
:10c7380000000000000000000000000000000000f1
:10c7480000000000000000000000000000000000e1
:10c7580000000000000000000000000000000000d1
:10c7680000000000000000000000000000000000c1
:10c7780000000000000000000000000000000000b1
:10c7880000000000000000000000000000000000a1
:10c798000000000000000000000000000000000091
:10c7a8000000000000000000000000000000000081
:10c7b8000000000000000000000000000000000071
:10c7c8000000000000000000000000000000000061
:10c7d8000000000000000000000000000000000051
:10c7e8000000000000000000000000000000000041
:10c7f8000000000000000000000000000000000031
:10c808000000000000000000000000000000000020
:10c818000000000000000000000000000000000010
:10c828000000000000000000000000000000000000
:10c8380000000000000000000000000000000000f0
:10c8480000000000000000000000000000000000e0
:10c8580000000000000000000000000000000000d0
:10c8680000000000000000000000000000000000c0
:10c8780000000000000000000000000000000000b0
:10c8880000000000000000000000000000000000a0
:10c898000000000000000000000000000000000090
:10c8a8000000000000000000000000000000000080
:10c8b8000000000000000000000000000000000070
:10c8c8000000000000000000000000000000000060
:10c8d8000000000000000000000000000000000050
:10c8e8000000000000000000000000000000000040
:10c8f8000000000000000000000000000000000030
:10c90800000000000000000000000000000000001f
:10c91800000000000000000000000000000000000f
:10c9280000000000000000000000000000000000ff
:10c9380000000000000000000000000000000000ef
:10c9480000000000000000000000000000000000df
:10c9580000000000000000000000000000000000cf
:10c9680000000000000000000000000000000000bf
:10c9780000000000000000000000000000000000af
:10c98800000000000000000000000000000000009f
:10c99800000000000000000000000000000000008f
:10c9a800000000000000000000000000000000007f
:10c9b800000000000000000000000000000000006f
:10c9c800000000000000000000000000000000005f
:10c9d800000000000000000000000000000000004f
:10c9e800000000000000000000000000000000003f
:10c9f800000000000000000000000000000000002f
:10ca0800000000000000000000000000000000001e
:10ca1800000000000000000000000000000000000e
:10ca280000000000000000000000000000000000fe
:10ca380000000000000000000000000000000000ee
:10ca480000000000000000000000000000000000de
:10ca580000000000000000000000000000000000ce
:10ca680000000000000000000000000000000000be
:10ca780000000000000000000000000000000000ae
:10ca8800000000000000000000000000000000009e
:10ca9800000000000000000000000000000000008e
:10caa800000000000000000000000000000000007e
:10cab800000000000000000000000000000000006e
:10cac800000000000000000000000000000000005e
:10cad800000000000000000000000000000000004e
:10cae800000000000000000000000000000000003e
:10caf800000000000000000000000000000000002e
:10cb0800000000000000000000000000000000001d
:10cb1800000000000000000000000000000000000d
:10cb280000000000000000000000000000000000fd
:10cb380000000000000000000000000000000000ed
:10cb480000000000000000000000000000000000dd
:10cb580000000000000000000000000000000000cd
:10cb680000000000000000000000000000000000bd
:10cb780000000000000000000000000000000000ad
:10cb8800000000000000000000000000000000009d
:10cb9800000000000000000000000000000000008d
:10cba800000000000000000000000000000000007d
:10cbb800000000000000000000000000000000006d
:10cbc800000000000000000000000000000000005d
:10cbd800000000000000000000000000000000004d
:10cbe800000000000000000000000000000000003d
:10cbf800000000000000000000000000000000002d
:10cc0800000000000000000000000000000000001c
:10cc1800000000000000000000000000000000000c
:10cc280000000000000000000000000000000000fc
:10cc380000000000000000000000000000000000ec
:10cc480000000000000000000000000000000000dc
:10cc580000000000000000000000000000000000cc
:10cc680000000000000000000000000000000000bc
:10cc780000000000000000000000000000000000ac
:10cc8800000000000000000000000000000000009c
:10cc9800000000000000000000000000000000008c
:10cca800000000000000000000000000000000007c
:10ccb800000000000000000000000000000000006c
:10ccc800000000000000000000000000000000005c
:10ccd800000000000000000000000000000000004c
:10cce800000000000000000000000000000000003c
:10ccf800000000000000000000000000000000002c
:10cd0800000000000000000000000000000000001b
:10cd1800000000000000000000000000000000000b
:10cd280000000000000000000000000000000000fb
:10cd380000000000000000000000000000000000eb
:10cd480000000000000000000000000000000000db
:10cd580000000000000000000000000000000000cb
:10cd680000000000000000000000000000000000bb
:10cd780000000000000000000000000000000000ab
:10cd8800000000000000000000000000000000009b
:10cd9800000000000000000000000000000000008b
:10cda800000000000000000000000000000000007b
:10cdb800000000000000000000000000000000006b
:10cdc800000000000000000000000000000000005b
:10cdd800000000000000000000000000000000004b
:10cde800000000000000000000000000000000003b
:10cdf800000000000000000000000000000000002b
:10ce0800000000000000000000000000000000001a
:10ce1800000000000000000000000000000000000a
:10ce280000000000000000000000000000000000fa
:10ce380000000000000000000000000000000000ea
:10ce480000000000000000000000000000000000da
:10ce580000000000000000000000000000000000ca
:10ce680000000000000000000000000000000000ba
:10ce780000000000000000000000000000000000aa
:10ce8800000000000000000000000000000000009a
:10ce9800000000000000000000000000000000008a
:10cea800000000000000000000000000000000007a
:10ceb800000000000000000000000000000000006a
:10cec800000000000000000000000000000000005a
:10ced800000000000000000000000000000000004a
:10cee800000000000000000000000000000000003a
:10cef800000000000000000000000000000000002a
:10cf08000000000000000000000000000000000019
:10cf18000000000000000000000000000000000009
:10cf280000000000000000000000000000000000f9
:10cf380000000000000000000000000000000000e9
:10cf480000000000000000000000000000000000d9
:10cf580000000000000000000000000000000000c9
:10cf680000000000000000000000000000000000b9
:10cf780000000000000000000000000000000000a9
:10cf88000000000000000000000000000000000099
:10cf98000000000000000000000000000000000089
:10cfa8000000000000000000000000000000000079
:10cfb8000000000000000000000000000000000069
:10cfc8000000000000000000000000000000000059
:10cfd8000000000000000000000000000000000049
:10cfe8000000000000000000000000000000000039
:10cff8000000000000000000000000000000000029
:10d008000000000000000000000000000000000018
:10d018000000000000000000000000000000000008
:10d0280000000000000000000000000000000000f8
:10d0380000000000000000000000000000000000e8
:10d0480000000000000000000000000000000000d8
:10d0580000000000000000000000000000000000c8
:10d0680000000000000000000000000000000000b8
:10d0780000000000000000000000000000000000a8
:10d088000000000000000000000000000000000098
:10d098000000000000000000000000000000000088
:10d0a8000000000000000000000000000000000078
:10d0b8000000000000000000000000000000000068
:10d0c8000000000000000000000000000000000058
:10d0d8000000000000000000000000000000000048
:10d0e8000000000000000000000000000000000038
:10d0f8000000000000000000000000000000000028
:10d108000000000000000000000000000000000017
:10d118000000000000000000000000000000000007
:10d1280000000000000000000000000000000000f7
:10d1380000000000000000000000000000000000e7
:10d1480000000000000000000000000000000000d7
:10d1580000000000000000000000000000000000c7
:10d1680000000000000000000000000000000000b7
:10d1780000000000000000000000000000000000a7
:10d188000000000000000000000000000000000097
:10d198000000000000000000000000000000000087
:10d1a8000000000000000000000000000000000077
:10d1b8000000000000000000000000000000000067
:10d1c8000000000000000000000000000000000057
:10d1d8000000000000000000000000000000000047
:10d1e8000000000000000000000000000000000037
:10d1f8000000000000000000000000000000000027
:10d208000000000000000000000000000000000016
:10d218000000000000000000000000000000000006
:10d2280000000000000000000000000000000000f6
:10d2380000000000000000000000000000000000e6
:10d2480000000000000000000000000000000000d6
:10d2580000000000000000000000000000000000c6
:10d2680000000000000000000000000000000000b6
:10d2780000000000000000000000000000000000a6
:10d288000000000000000000000000000000000096
:10d298000000000000000000000000000000000086
:10d2a8000000000000000000000000000000000076
:10d2b8000000000000000000000000000000000066
:10d2c8000000000000000000000000000000000056
:10d2d8000000000000000000000000000000000046
:10d2e8000000000000000000000000000000000036
:10d2f8000000000000000000000000000000000026
:10d308000000000000000000000000000000000015
:10d318000000000000000000000000000000000005
:10d3280000000000000000000000000000000000f5
:10d3380000000000000000000000000000000000e5
:10d3480000000000000000000000000000000000d5
:10d3580000000000000000000000000000000000c5
:10d3680000000000000000000000000000000000b5
:10d3780000000000000000000000000000000000a5
:10d388000000000000000000000000000000000095
:10d398000000000000000000000000000000000085
:10d3a8000000000000000000000000000000000075
:10d3b8000000000000000000000000000000000065
:10d3c8000000000000000000000000000000000055
:10d3d8000000000000000000000000000000000045
:10d3e8000000000000000000000000000000000035
:10d3f8000000000000000000000000000000000025
:10d408000000000000000000000000000000000014
:10d418000000000000000000000000000000000004
:10d4280000000000000000000000000000000000f4
:10d4380000000000000000000000000000000000e4
:10d4480000000000000000000000000000000000d4
:10d4580000000000000000000000000000000000c4
:10d4680000000000000000000000000000000000b4
:10d4780000000000000000000000000000000000a4
:10d488000000000000000000000000000000000094
:10d498000000000000000000000000000000000084
:10d4a8000000000000000000000000000000000074
:10d4b8000000000000000000000000000000000064
:10d4c8000000000000000000000000000000000054
:10d4d8000000000000000000000000000000000044
:10d4e8000000000000000000000000000000000034
:10d4f8000000000000000000000000000000000024
:10d508000000000000000000000000000000000013
:10d518000000000000000000000000000000000003
:10d5280000000000000000000000000000000000f3
:10d5380000000000000000000000000000000000e3
:10d5480000000000000000000000000000000000d3
:10d5580000000000000000000000000000000000c3
:10d5680000000000000000000000000000000000b3
:10d5780000000000000000000000000000000000a3
:10d588000000000000000000000000000000000093
:10d598000000000000000000000000000000000083
:10d5a8000000000000000000000000000000000073
:10d5b8000000000000000000000000000000000063
:10d5c8000000000000000000000000000000000053
:10d5d8000000000000000000000000000000000043
:10d5e8000000000000000000000000000000000033
:10d5f8000000000000000000000000000000000023
:10d608000000000000000000000000000000000012
:10d618000000000000000000000000000000000002
:10d6280000000000000000000000000000000000f2
:10d6380000000000000000000000000000000000e2
:10d6480000000000000000000000000000000000d2
:10d6580000000000000000000000000000000000c2
:10d6680000000000000000000000000000000000b2
:10d6780000000000000000000000000000000000a2
:10d688000000000000000000000000000000000092
:10d698000000000000000000000000000000000082
:10d6a8000000000000000000000000000000000072
:10d6b8000000000000000000000000000000000062
:10d6c8000000000000000000000000000000000052
:10d6d8000000000000000000000000000000000042
:10d6e8000000000000000000000000000000000032
:10d6f8000000000000000000000000000000000022
:10d708000000000000000000000000000000000011
:10d718000000000000000000000000000000000001
:10d7280000000000000000000000000000000000f1
:10d7380000000000000000000000000000000000e1
:10d7480000000000000000000000000000000000d1
:10d7580000000000000000000000000000000000c1
:10d7680000000000000000000000000000000000b1
:10d7780000000000000000000000000000000000a1
:10d788000000000000000000000000000000000091
:10d798000000000000000000000000000000000081
:10d7a8000000000000000000000000000000000071
:10d7b8000000000000000000000000000000000061
:10d7c8000000000000000000000000000000000051
:10d7d8000000000000000000000000000000000041
:10d7e8000000000000000000000000000000000031
:10d7f8000000000000000000000000000000000021
:10d808000000000000000000000000000000000010
:10d818000000000000000000000000000000000000
:10d8280000000000000000000000000000000000f0
:10d8380000000000000000000000000000000000e0
:10d8480000000000000000000000000000000000d0
:10d8580000000000000000000000000000000000c0
:10d8680000000000000000000000000000000000b0
:10d8780000000000000000000000000000000000a0
:10d888000000000000000000000000000000000090
:10d898000000000000000000000000000000000080
:10d8a8000000000000000000000000000000000070
:10d8b8000000000000000000000000000000000060
:10d8c8000000000000000000000000000000000050
:10d8d8000000000000000000000000000000000040
:10d8e8000000000000000000000000000000000030
:10d8f8000000000000000000000000000000000020
:10d90800000000000000000000000000000000000f
:10d9180000000000000000000000000000000000ff
:10d9280000000000000000000000000000000000ef
:10d9380000000000000000000000000000000000df
:10d9480000000000000000000000000000000000cf
:10d9580000000000000000000000000000000000bf
:10d9680000000000000000000000000000000000af
:10d97800000000000000000000000000000000009f
:10d98800000000000000000000000000000000008f
:10d99800000000000000000000000000000000007f
:10d9a800000000000000000000000000000000006f
:10d9b800000000000000000000000000000000005f
:10d9c800000000000000000000000000000000004f
:10d9d800000000000000000000000000000000003f
:10d9e800000000000000000000000000000000002f
:10d9f800000000000000000000000000000000001f
:10da0800000000000000000000000000000000000e
:10da180000000000000000000000000000000000fe
:10da280000000000000000000000000000000000ee
:10da380000000000000000000000000000000000de
:10da480000000000000000000000000000000000ce
:10da580000000000000000000000000000000000be
:10da680000000000000000000000000000000000ae
:10da7800000000000000000000000000000000009e
:10da8800000000000000000000000000000000008e
:10da9800000000000000000000000000000000007e
:10daa800000000000000000000000000000000006e
:10dab800000000000000000000000000000000005e
:10dac800000000000000000000000000000000004e
:10dad800000000000000000000000000000000003e
:10dae800000000000000000000000000000000002e
:10daf800000000000000000000000000000000001e
:10db0800000000000000000000000000000000000d
:10db180000000000000000000000000000000000fd
:10db280000000000000000000000000000000000ed
:10db380000000000000000000000000000000000dd
:10db480000000000000000000000000000000000cd
:10db580000000000000000000000000000000000bd
:10db680000000000000000000000000000000000ad
:10db7800000000000000000000000000000000009d
:10db8800000000000000000000000000000000008d
:10db9800000000000000000000000000000000007d
:10dba800000000000000000000000000000000006d
:10dbb800000000000000000000000000000000005d
:10dbc800000000000000000000000000000000004d
:10dbd800000000000000000000000000000000003d
:10dbe800000000000000000000000000000000002d
:10dbf800000000000000000000000000000000001d
:10dc0800000000000000000000000000000000000c
:10dc180000000000000000000000000000000000fc
:10dc280000000000000000000000000000000000ec
:10dc380000000000000000000000000000000000dc
:10dc480000000000000000000000000000000000cc
:10dc580000000000000000000000000000000000bc
:10dc680000000000000000000000000000000000ac
:10dc7800000000000000000000000000000000009c
:10dc8800000000000000000000000000000000008c
:10dc9800000000000000000000000000000000007c
:10dca800000000000000000000000000000000006c
:10dcb800000000000000000000000000000000005c
:10dcc800000000000000000000000000000000004c
:10dcd800000000000000000000000000000000003c
:10dce800000000000000000000000000000000002c
:10dcf800000000000000000000000000000000001c
:10dd0800000000000000000000000000000000000b
:10dd180000000000000000000000000000000000fb
:10dd280000000000000000000000000000000000eb
:10dd380000000000000000000000000000000000db
:10dd480000000000000000000000000000000000cb
:10dd580000000000000000000000000000000000bb
:10dd680000000000000000000000000000000000ab
:10dd7800000000000000000000000000000000009b
:10dd8800000000000000000000000000000000008b
:10dd9800000000000000000000000000000000007b
:10dda800000000000000000000000000000000006b
:10ddb800000000000000000000000000000000005b
:10ddc800000000000000000000000000000000004b
:10ddd800000000000000000000000000000000003b
:10dde800000000000000000000000000000000002b
:10ddf800000000000000000000000000000000001b
:10de0800000000000000000000000000000000000a
:10de180000000000000000000000000000000000fa
:10de280000000000000000000000000000000000ea
:10de380000000000000000000000000000000000da
:10de480000000000000000000000000000000000ca
:10de580000000000000000000000000000000000ba
:10de680000000000000000000000000000000000aa
:10de7800000000000000000000000000000000009a
:10de8800000000000000000000000000000000008a
:10de9800000000000000000000000000000000007a
:10dea800000000000000000000000000000000006a
:10deb800000000000000000000000000000000005a
:10dec800000000000000000000000000000000004a
:10ded800000000000000000000000000000000003a
:10dee800000000000000000000000000000000002a
:10def800000000000000000000000000000000001a
:10df08000000000000000000000000000000000009
:10df180000000000000000000000000000000000f9
:10df280000000000000000000000000000000000e9
:10df380000000000000000000000000000000000d9
:10df480000000000000000000000000000000000c9
:10df580000000000000000000000000000000000b9
:10df680000000000000000000000000000000000a9
:10df78000000000000000000000000000000000099
:10df88000000000000000000000000000000000089
:10df98000000000000000000000000000000000079
:10dfa8000000000000000000000000000000000069
:10dfb8000000000000000000000000000000000059
:10dfc8000000000000000000000000000000000049
:10dfd8000000000000000000000000000000000039
:10dfe8000000000000000000000000000000000029
:10dff8000000000000000000000000000000000019
:10e008000000000000000000000000000000000008
:10e0180000000000000000000000000000000000f8
:10e0280000000000000000000000000000000000e8
:10e0380000000000000000000000000000000000d8
:10e0480000000000000000000000000000000000c8
:10e0580000000000000000000000000000000000b8
:10e0680000000000000000000000000000000000a8
:10e078000000000000000000000000000000000098
:10e088000000000000000000000000000000000088
:10e098000000000000000000000000000000000078
:10e0a8000000000000000000000000000000000068
:10e0b8000000000000000000000000000000000058
:10e0c8000000000000000000000000000000000048
:10e0d8000000000000000000000000000000000038
:10e0e8000000000000000000000000000000000028
:10e0f8000000000000000000000000000000000018
:10e108000000000000000000000000000000000007
:10e1180000000000000000000000000000000000f7
:10e1280000000000000000000000000000000000e7
:10e1380000000000000000000000000000000000d7
:10e1480000000000000000000000000000000000c7
:10e1580000000000000000000000000000000000b7
:10e1680000000000000000000000000000000000a7
:10e178000000000000000000000000000000000097
:10e188000000000000000000000000000000000087
:10e198000000000000000000000000000000000077
:10e1a8000000000000000000000000000000000067
:10e1b8000000000000000000000000000000000057
:10e1c8000000000000000000000000000000000047
:10e1d8000000000000000000000000000000000037
:10e1e8000000000000000000000000000000000027
:10e1f8000000000000000000000000000000000017
:10e208000000000000000000000000000000000006
:10e2180000000000000000000000000000000000f6
:10e2280000000000000000000000000000000000e6
:10e2380000000000000000000000000000000000d6
:10e2480000000000000000000000000000000000c6
:10e2580000000000000000000000000000000000b6
:10e2680000000000000000000000000000000000a6
:10e278000000000000000000000000000000000096
:10e288000000000000000000000000000000000086
:10e298000000000000000000000000000000000076
:10e2a8000000000000000000000000000000000066
:10e2b8000000000000000000000000000000000056
:10e2c8000000000000000000000000000000000046
:10e2d8000000000000000000000000000000000036
:10e2e8000000000000000000000000000000000026
:10e2f8000000000000000000000000000000000016
:10e308000000000000000000000000000000000005
:10e3180000000000000000000000000000000000f5
:10e3280000000000000000000000000000000000e5
:10e3380000000000000000000000000000000000d5
:10e3480000000000000000000000000000000000c5
:10e3580000000000000000000000000000000000b5
:10e3680000000000000000000000000000000000a5
:10e378000000000000000000000000000000000095
:10e388000000000000000000000000000000000085
:10e398000000000000000000000000000000000075
:10e3a8000000000000000000000000000000000065
:10e3b8000000000000000000000000000000000055
:10e3c8000000000000000000000000000000000045
:10e3d8000000000000000000000000000000000035
:10e3e8000000000000000000000000000000000025
:10e3f8000000000000000000000000000000000015
:10e408000000000000000000000000000000000004
:10e4180000000000000000000000000000000000f4
:10e4280000000000000000000000000000000000e4
:10e4380000000000000000000000000000000000d4
:10e4480000000000000000000000000000000000c4
:10e4580000000000000000000000000000000000b4
:10e4680000000000000000000000000000000000a4
:10e478000000000000000000000000000000000094
:10e488000000000000000000000000000000000084
:10e498000000000000000000000000000000000074
:10e4a8000000000000000000000000000000000064
:10e4b8000000000000000000000000000000000054
:10e4c8000000000000000000000000000000000044
:10e4d8000000000000000000000000000000000034
:10e4e8000000000000000000000000000000000024
:10e4f8000000000000000000000000000000000014
:10e508000000000000000000000000000000000003
:10e5180000000000000000000000000000000000f3
:10e5280000000000000000000000000000000000e3
:10e5380000000000000000000000000000000000d3
:10e5480000000000000000000000000000000000c3
:10e5580000000000000000000000000000000000b3
:10e5680000000000000000000000000000000000a3
:10e578000000000000000000000000000000000093
:10e588000000000000000000000000000000000083
:10e598000000000000000000000000000000000073
:10e5a8000000000000000000000000000000000063
:10e5b8000000000000000000000000000000000053
:10e5c8000000000000000000000000000000000043
:10e5d8000000000000000000000000000000000033
:10e5e8000000000000000000000000000000000023
:10e5f8000000000000000000000000000000000013
:10e608000000000000000000000000000000000002
:10e6180000000000000000000000000000000000f2
:10e6280000000000000000000000000000000000e2
:10e6380000000000000000000000000000000000d2
:10e6480000000000000000000000000000000000c2
:10e6580000000000000000000000000000000000b2
:10e6680000000000000000000000000000000000a2
:10e678000000000000000000000000000000000092
:10e688000000000000000000000000000000000082
:10e698000000000000000000000000000000000072
:10e6a8000000000000000000000000000000000062
:10e6b8000000000000000000000000000000000052
:10e6c8000000000000000000000000000000000042
:10e6d8000000000000000000000000000000000032
:10e6e8000000000000000000000000000000000022
:10e6f8000000000000000000000000000000000012
:10e708000000000000000000000000000000000001
:10e7180000000000000000000000000000000000f1
:10e7280000000000000000000000000000000000e1
:10e7380000000000000000000000000000000000d1
:10e7480000000000000000000000000000000000c1
:10e7580000000000000000000000000000000000b1
:10e7680000000000000000000000000000000000a1
:10e778000000000000000000000000000000000091
:10e788000000000000000000000000000000000081
:10e798000000000000000000000000000000000071
:10e7a8000000000000000000000000000000000061
:10e7b8000000000000000000000000000000000051
:10e7c8000000000000000000000000000000000041
:10e7d8000000000000000000000000000000000031
:10e7e8000000000000000000000000000000000021
:10e7f8000000000000000000000000000000000011
:10e808000000000000000000000000000000000000
:10e8180000000000000000000000000000000000f0
:10e8280000000000000000000000000000000000e0
:10e8380000000000000000000000000000000000d0
:10e8480000000000000000000000000000000000c0
:10e8580000000000000000000000000000000000b0
:10e8680000000000000000000000000000000000a0
:10e878000000000000000000000000000000000090
:10e888000000000000000000000000000000000080
:10e898000000000000000000000000000000000070
:10e8a8000000000000000000000000000000000060
:10e8b8000000000000000000000000000000000050
:10e8c8000000000000000000000000000000000040
:10e8d8000000000000000000000000000000000030
:10e8e8000000000000000000000000000000000020
:10e8f8000000000000000000000000000000000010
:10e9080000000000000000000000000000000000ff
:10e9180000000000000000000000000000000000ef
:10e9280000000000000000000000000000000000df
:10e9380000000000000000000000000000000000cf
:10e9480000000000000000000000000000000000bf
:10e9580000000000000000000000000000000000af
:10e96800000000000000000000000000000000009f
:10e97800000000000000000000000000000000008f
:10e98800000000000000000000000000000000007f
:10e99800000000000000000000000000000000006f
:10e9a800000000000000000000000000000000005f
:10e9b800000000000000000000000000000000004f
:10e9c800000000000000000000000000000000003f
:10e9d800000000000000000000000000000000002f
:10e9e800000000000000000000000000000000001f
:10e9f800000000000000000000000000000000000f
:10ea080000000000000000000000000000000000fe
:10ea180000000000000000000000000000000000ee
:10ea280000000000000000000000000000000000de
:10ea380000000000000000000000000000000000ce
:10ea480000000000000000000000000000000000be
:10ea580000000000000000000000000000000000ae
:10ea6800000000000000000000000000000000009e
:10ea7800000000000000000000000000000000008e
:10ea8800000000000000000000000000000000007e
:10ea9800000000000000000000000000000000006e
:10eaa800000000000000000000000000000000005e
:10eab800000000000000000000000000000000004e
:10eac800000000000000000000000000000000003e
:10ead800000000000000000000000000000000002e
:10eae800000000000000000000000000000000001e
:10eaf800000000000000000000000000000000000e
:10eb080000000000000000000000000000000000fd
:10eb180000000000000000000000000000000000ed
:10eb280000000000000000000000000000000000dd
:10eb380000000000000000000000000000000000cd
:10eb480000000000000000000000000000000000bd
:10eb580000000000000000000000000000000000ad
:10eb6800000000000000000000000000000000009d
:10eb7800000000000000000000000000000000008d
:10eb8800000000000000000000000000000000007d
:10eb9800000000000000000000000000000000006d
:10eba800000000000000000000000000000000005d
:10ebb800000000000000000000000000000000004d
:10ebc800000000000000000000000000000000003d
:10ebd800000000000000000000000000000000002d
:10ebe800000000000000000000000000000000001d
:10ebf800000000000000000000000000000000000d
:10ec080000000000000000000000000000000000fc
:10ec180000000000000000000000000000000000ec
:10ec280000000000000000000000000000000000dc
:10ec380000000000000000000000000000000000cc
:10ec480000000000000000000000000000000000bc
:10ec580000000000000000000000000000000000ac
:10ec6800000000000000000000000000000000009c
:10ec7800000000000000000000000000000000008c
:10ec8800000000000000000000000000000000007c
:10ec9800000000000000000000000000000000006c
:10eca800000000000000000000000000000000005c
:10ecb800000000000000000000000000000000004c
:10ecc800000000000000000000000000000000003c
:10ecd800000000000000000000000000000000002c
:10ece800000000000000000000000000000000001c
:10ecf800000000000000000000000000000000000c
:10ed080000000000000000000000000000000000fb
:10ed180000000000000000000000000000000000eb
:10ed280000000000000000000000000000000000db
:10ed380000000000000000000000000000000000cb
:10ed480000000000000000000000000000000000bb
:10ed580000000000000000000000000000000000ab
:10ed6800000000000000000000000000000000009b
:10ed7800000000000000000000000000000000008b
:10ed8800000000000000000000000000000000007b
:10ed9800000000000000000000000000000000006b
:10eda800000000000000000000000000000000005b
:10edb800000000000000000000000000000000004b
:10edc800000000000000000000000000000000003b
:10edd800000000000000000000000000000000002b
:10ede800000000000000000000000000000000001b
:10edf800000000000000000000000000000000000b
:10ee080000000000000000000000000000000000fa
:10ee180000000000000000000000000000000000ea
:10ee280000000000000000000000000000000000da
:10ee380000000000000000000000000000000000ca
:10ee480000000000000000000000000000000000ba
:10ee580000000000000000000000000000000000aa
:10ee6800000000000000000000000000000000009a
:10ee7800000000000000000000000000000000008a
:10ee8800000000000000000000000000000000007a
:10ee9800000000000000000000000000000000006a
:10eea800000000000000000000000000000000005a
:10eeb800000000000000000000000000000000004a
:10eec800000000000000000000000000000000003a
:10eed800000000000000000000000000000000002a
:10eee800000000000000000000000000000000001a
:10eef800000000000000000000000000000000000a
:10ef080000000000000000000000000000000000f9
:10ef180000000000000000000000000000000000e9
:10ef280000000000000000000000000000000000d9
:10ef380000000000000000000000000000000000c9
:10ef480000000000000000000000000000000000b9
:10ef580000000000000000000000000000000000a9
:10ef68000000000000000000000000000000000099
:10ef78000000000000000000000000000000000089
:10ef88000000000000000000000000000000000079
:10ef98000000000000000000000000000000000069
:10efa8000000000000000000000000000000000059
:10efb8000000000000000000000000000000000049
:10efc8000000000000000000000000000000000039
:10efd8000000000000000000000000000000000029
:10efe8000000000000000000000000000000000019
:10eff8000000000000000000000000000000000009
:10f0080000000000000000000000000000000000f8
:10f0180000000000000000000000000000000000e8
:10f0280000000000000000000000000000000000d8
:10f0380000000000000000000000000000000000c8
:10f0480000000000000000000000000000000000b8
:10f0580000000000000000000000000000000000a8
:10f068000000000000000000000000000000000098
:10f078000000000000000000000000000000000088
:10f088000000000000000000000000000000000078
:10f098000000000000000000000000000000000068
:10f0a8000000000000000000000000000000000058
:10f0b8000000000000000000000000000000000048
:10f0c8000000000000000000000000000000000038
:10f0d8000000000000000000000000000000000028
:10f0e8000000000000000000000000000000000018
:10f0f8000000000000000000000000000000000008
:10f1080000000000000000000000000000000000f7
:10f1180000000000000000000000000000000000e7
:10f1280000000000000000000000000000000000d7
:10f1380000000000000000000000000000000000c7
:10f1480000000000000000000000000000000000b7
:10f1580000000000000000000000000000000000a7
:10f168000000000000000000000000000000000097
:10f178000000000000000000000000000000000087
:10f188000000000000000000000000000000000077
:10f198000000000000000000000000000000000067
:10f1a8000000000000000000000000000000000057
:10f1b8000000000000000000000000000000000047
:10f1c8000000000000000000000000000000000037
:10f1d8000000000000000000000000000000000027
:10f1e8000000000000000000000000000000000017
:10f1f8000000000000000000000000000000000007
:10f2080000000000000000000000000000000000f6
:10f2180000000000000000000000000000000000e6
:10f2280000000000000000000000000000000000d6
:10f2380000000000000000000000000000000000c6
:10f2480000000000000000000000000000000000b6
:10f2580000000000000000000000000000000000a6
:10f268000000000000000000000000000000000096
:10f278000000000000000000000000000000000086
:10f288000000000000000000000000000000000076
:10f298000000000000000000000000000000000066
:10f2a8000000000000000000000000000000000056
:10f2b8000000000000000000000000000000000046
:10f2c8000000000000000000000000000000000036
:10f2d8000000000000000000000000000000000026
:10f2e8000000000000000000000000000000000016
:10f2f8000000000000000000000000000000000006
:10f3080000000000000000000000000000000000f5
:10f3180000000000000000000000000000000000e5
:10f3280000000000000000000000000000000000d5
:10f3380000000000000000000000000000000000c5
:10f3480000000000000000000000000000000000b5
:10f3580000000000000000000000000000000000a5
:10f368000000000000000000000000000000000095
:10f378000000000000000000000000000000000085
:10f388000000000000000000000000000000000075
:10f398000000000000000000000000000000000065
:10f3a8000000000000000000000000000000000055
:10f3b8000000000000000000000000000000000045
:10f3c8000000000000000000000000000000000035
:10f3d8000000000000000000000000000000000025
:10f3e8000000000000000000000000000000000015
:10f3f8000000000000000000000000000000000005
:10f4080000000000000000000000000000000000f4
:10f4180000000000000000000000000000000000e4
:10f4280000000000000000000000000000000000d4
:10f4380000000000000000000000000000000000c4
:10f4480000000000000000000000000000000000b4
:10f4580000000000000000000000000000000000a4
:10f468000000000000000000000000000000000094
:10f478000000000000000000000000000000000084
:10f488000000000000000000000000000000000074
:10f498000000000000000000000000000000000064
:10f4a8000000000000000000000000000000000054
:10f4b8000000000000000000000000000000000044
:10f4c8000000000000000000000000000000000034
:10f4d8000000000000000000000000000000000024
:10f4e8000000000000000000000000000000000014
:10f4f8000000000000000000000000000000000004
:10f5080000000000000000000000000000000000f3
:10f5180000000000000000000000000000000000e3
:10f5280000000000000000000000000000000000d3
:10f5380000000000000000000000000000000000c3
:10f5480000000000000000000000000000000000b3
:10f5580000000000000000000000000000000000a3
:10f568000000000000000000000000000000000093
:10f578000000000000000000000000000000000083
:10f588000000000000000000000000000000000073
:10f598000000000000000000000000000000000063
:10f5a8000000000000000000000000000000000053
:10f5b8000000000000000000000000000000000043
:10f5c8000000000000000000000000000000000033
:10f5d8000000000000000000000000000000000023
:10f5e8000000000000000000000000000000000013
:10f5f8000000000000000000000000000000000003
:10f6080000000000000000000000000000000000f2
:10f6180000000000000000000000000000000000e2
:10f6280000000000000000000000000000000000d2
:10f6380000000000000000000000000000000000c2
:10f6480000000000000000000000000000000000b2
:10f6580000000000000000000000000000000000a2
:10f668000000000000000000000000000000000092
:10f678000000000000000000000000000000000082
:10f688000000000000000000000000000000000072
:10f698000000000000000000000000000000000062
:10f6a8000000000000000000000000000000000052
:10f6b8000000000000000000000000000000000042
:10f6c8000000000000000000000000000000000032
:10f6d8000000000000000000000000000000000022
:10f6e8000000000000000000000000000000000012
:10f6f8000000000000000000000000000000000002
:10f7080000000000000000000000000000000000f1
:10f7180000000000000000000000000000000000e1
:10f7280000000000000000000000000000000000d1
:10f7380000000000000000000000000000000000c1
:10f7480000000000000000000000000000000000b1
:10f7580000000000000000000000000000000000a1
:10f768000000000000000000000000000000000091
:10f778000000000000000000000000000000000081
:10f788000000000000000000000000000000000071
:10f798000000000000000000000000000000000061
:10f7a8000000000000000000000000000000000051
:10f7b8000000000000000000000000000000000041
:10f7c8000000000000000000000000000000000031
:10f7d8000000000000000000000000000000000021
:10f7e8000000000000000000000000000000000011
:10f7f8000000000000000000000000000000000001
:10f8080000000000000000000000000000000000f0
:10f8180000000000000000000000000000000000e0
:10f8280000000000000000000000000000000000d0
:10f8380000000000000000000000000000000000c0
:10f8480000000000000000000000000000000000b0
:10f8580000000000000000000000000000000000a0
:10f868000000000000000000000000000000000090
:10f878000000000000000000000000000000000080
:10f888000000000000000000000000000000000070
:10f898000000000000000000000000000000000060
:10f8a8000000000000000000000000000000000050
:10f8b8000000000000000000000000000000000040
:10f8c8000000000000000000000000000000000030
:10f8d8000000000000000000000000000000000020
:10f8e8000000000000000000000000000000000010
:10f8f8000000000000000000000000000000000000
:10f9080000000000000000000000000000000000ef
:10f9180000000000000000000000000000000000df
:10f9280000000000000000000000000000000000cf
:10f9380000000000000000000000000000000000bf
:10f9480000000000000000000000000000000000af
:10f95800000000000000000000000000000000009f
:10f96800000000000000000000000000000000008f
:10f97800000000000000000000000000000000007f
:10f98800000000000000000000000000000000006f
:10f99800000000000000000000000000000000005f
:10f9a800000000000000000000000000000000004f
:10f9b800000000000000000000000000000000003f
:10f9c800000000000000000000000000000000002f
:10f9d800000000000000000000000000000000001f
:10f9e800000000000000000000000000000000000f
:10f9f80000000000000000000000000000000000ff
:10fa080000000000000000000000000000000000ee
:10fa180000000000000000000000000000000000de
:10fa280000000000000000000000000000000000ce
:10fa380000000000000000000000000000000000be
:10fa480000000000000000000000000000000000ae
:10fa5800000000000000000000000000000000009e
:10fa6800000000000000000000000000000000008e
:10fa7800000000000000000000000000000000007e
:10fa8800000000000000000000000000000000006e
:10fa9800000000000000000000000000000000005e
:10faa800000000000000000000000000000000004e
:10fab800000000000000000000000000000000003e
:10fac800000000000000000000000000000000002e
:10fad800000000000000000000000000000000001e
:10fae800000000000000000000000000000000000e
:10faf80000000000000000000000000000000000fe
:10fb080000000000000000000000000000000000ed
:10fb180000000000000000000000000000000000dd
:10fb280000000000000000000000000000000000cd
:10fb380000000000000000000000000000000000bd
:10fb480000000000000000000000000000000000ad
:10fb5800000000000000000000000000000000009d
:10fb6800000000000000000000000000000000008d
:10fb7800000000000000000000000000000000007d
:10fb8800000000000000000000000000000000006d
:10fb9800000000000000000000000000000000005d
:10fba800000000000000000000000000000000004d
:10fbb800000000000000000000000000000000003d
:10fbc800000000000000000000000000000000002d
:10fbd800000000000000000000000000000000001d
:10fbe800000000000000000000000000000000000d
:10fbf80000000000000000000000000000000000fd
:10fc080000000000000000000000000000000000ec
:10fc180000000000000000000000000000000000dc
:10fc280000000000000000000000000000000000cc
:10fc380000000000000000000000000000000000bc
:10fc480000000000000000000000000000000000ac
:10fc5800000000000000000000000000000000009c
:10fc6800000000000000000000000000000000008c
:10fc7800000000000000000000000000000000007c
:10fc8800000000000000000000000000000000006c
:10fc9800000000000000000000000000000000005c
:10fca800000000000000000000000000000000004c
:10fcb800000000000000000000000000000000003c
:10fcc800000000000000000000000000000000002c
:10fcd800000000000000000000000000000000001c
:10fce800000000000000000000000000000000000c
:10fcf80000000000000000000000000000000000fc
:10fd080000000000000000000000000000000000eb
:10fd180000000000000000000000000000000000db
:10fd280000000000000000000000000000000000cb
:10fd380000000000000000000000000000000000bb
:10fd480000000000000000000000000000000000ab
:10fd5800000000000000000000000000000000009b
:10fd6800000000000000000000000000000000008b
:10fd7800000000000000000000000000000000007b
:10fd8800000000000000000000000000000000006b
:10fd9800000000000000000000000000000000005b
:10fda800000000000000000000000000000000004b
:10fdb800000000000000000000000000000000003b
:10fdc800000000000000000000000000000000002b
:10fdd800000000000000000000000000000000001b
:10fde800000000000000000000000000000000000b
:10fdf80000000000000000000000000000000000fb
:10fe080000000000000000000000000000000000ea
:10fe180000000000000000000000000000000000da
:10fe280000000000000000000000000000000000ca
:10fe380000000000000000000000000000000000ba
:10fe480000000000000000000000000000000000aa
:10fe5800000000000000000000000000000000009a
:10fe6800000000000000000000000000000000008a
:10fe7800000000000000000000000000000000007a
:10fe8800000000000000000000000000000000006a
:10fe9800000000000000000000000000000000005a
:10fea800000000000000000000000000000000004a
:10feb800000000000000000000000000000000003a
:10fec800000000000000000000000000000000002a
:10fed800000000000000000000000000000000001a
:10fee800000000000000000000000000000000000a
:10fef80000000000000000000000000000000000fa
:10ff080000000000000000000000000000000000e9
:10ff180000000000000000000000000000000000d9
:10ff280000000000000000000000000000000000c9
:10ff380000000000000000000000000000000000b9
:10ff480000000000000000000000000000000000a9
:10ff58000000000000000000000000000000000099
:10ff68000000000000000000000000000000000089
:10ff78000000000000000000000000000000000079
:10ff88000000000000000000000000000000000069
:10ff98000000000000000000000000000000000059
:10ffa8000000000000000000000000000000000049
:10ffb8000000000000000000000000000000000039
:10ffc8000000000000000000000000000000000029
:10ffd8000000000000000000000000000000000019
:10ffe8000000000000000000000000000000000009
:10fff80000000000000000000000000000000000f9
:020000040001f9
:1000080000000000000000000000000000000000e8
:1000180000000000000000000000000000000000d8
:1000280000000000000000000000000000000000c8
:1000380000000000000000000000000000000000b8
:1000480000000000000000000000000000000000a8
:100058000000000000000000000000000000000098
:100068000000000000000000000000000000000088
:100078000000000000000000000000000000000078
:100088000000000000000000000000000000000068
:100098000000000000000000000000000000000058
:1000a8000000000000000000000000000000000048
:1000b8000000000000000000000000000000000038
:1000c8000000000000000000000000000000000028
:1000d8000000000000000000000000000000000018
:1000e8000000000000000000000000000000000008
:1000f80000000000000000000000000000000000f8
:1001080000000000000000000000000000000000e7
:1001180000000000000000000000000000000000d7
:1001280000000000000000000000000000000000c7
:1001380000000000000000000000000000000000b7
:1001480000000000000000000000000000000000a7
:100158000000000000000000000000000000000097
:100168000000000000000000000000000000000087
:100178000000000000000000000000000000000077
:100188000000000000000000000000000000000067
:100198000000000000000000000000000000000057
:1001a8000000000000000000000000000000000047
:1001b8000000000000000000000000000000000037
:1001c8000000000000000000000000000000000027
:1001d8000000000000000000000000000000000017
:1001e8000000000000000000000000000000000007
:1001f80000000000000000000000000000000000f7
:1002080000000000000000000000000000000000e6
:1002180000000000000000000000000000000000d6
:1002280000000000000000000000000000000000c6
:1002380000000000000000000000000000000000b6
:1002480000000000000000000000000000000000a6
:100258000000000000000000000000000000000096
:100268000000000000000000000000000000000086
:100278000000000000000000000000000000000076
:100288000000000000000000000000000000000066
:100298000000000000000000000000000000000056
:1002a8000000000000000000000000000000000046
:1002b8000000000000000000000000000000000036
:1002c8000000000000000000000000000000000026
:1002d8000000000000000000000000000000000016
:1002e8000000000000000000000000000000000006
:1002f80000000000000000000000000000000000f6
:1003080000000000000000000000000000000000e5
:1003180000000000000000000000000000000000d5
:1003280000000000000000000000000000000000c5
:1003380000000000000000000000000000000000b5
:1003480000000000000000000000000000000000a5
:100358000000000000000000000000000000000095
:100368000000000000000000000000000000000085
:100378000000000000000000000000000000000075
:100388000000000000000000000000000000000065
:100398000000000000000000000000000000000055
:1003a8000000000000000000000000000000000045
:1003b8000000000000000000000000000000000035
:1003c8000000000000000000000000000000000025
:1003d8000000000000000000000000000000000015
:1003e8000000000000000000000000000000000005
:1003f80000000000000000000000000000000000f5
:1004080000000000000000000000000000000000e4
:1004180000000000000000000000000000000000d4
:1004280000000000000000000000000000000000c4
:1004380000000000000000000000000000000000b4
:1004480000000000000000000000000000000000a4
:100458000000000000000000000000000000000094
:100468000000000000000000000000000000000084
:100478000000000000000000000000000000000074
:100488000000000000000000000000000000000064
:100498000000000000000000000000000000000054
:1004a8000000000000000000000000000000000044
:1004b8000000000000000000000000000000000034
:1004c8000000000000000000000000000000000024
:1004d8000000000000000000000000000000000014
:1004e8000000000000000000000000000000000004
:1004f80000000000000000000000000000000000f4
:1005080000000000000000000000000000000000e3
:1005180000000000000000000000000000000000d3
:1005280000000000000000000000000000000000c3
:1005380000000000000000000000000000000000b3
:1005480000000000000000000000000000000000a3
:100558000000000000000000000000000000000093
:100568000000000000000000000000000000000083
:100578000000000000000000000000000000000073
:100588000000000000000000000000000000000063
:100598000000000000000000000000000000000053
:1005a8000000000000000000000000000000000043
:1005b8000000000000000000000000000000000033
:1005c8000000000000000000000000000000000023
:1005d8000000000000000000000000000000000013
:1005e8000000000000000000000000000000000003
:1005f80000000000000000000000000000000000f3
:1006080000000000000000000000000000000000e2
:1006180000000000000000000000000000000000d2
:1006280000000000000000000000000000000000c2
:1006380000000000000000000000000000000000b2
:1006480000000000000000000000000000000000a2
:100658000000000000000000000000000000000092
:100668000000000000000000000000000000000082
:100678000000000000000000000000000000000072
:100688000000000000000000000000000000000062
:100698000000000000000000000000000000000052
:1006a8000000000000000000000000000000000042
:1006b8000000000000000000000000000000000032
:1006c8000000000000000000000000000000000022
:1006d8000000000000000000000000000000000012
:1006e8000000000000000000000000000000000002
:1006f80000000000000000000000000000000000f2
:1007080000000000000000000000000000000000e1
:1007180000000000000000000000000000000000d1
:1007280000000000000000000000000000000000c1
:1007380000000000000000000000000000000000b1
:1007480000000000000000000000000000000000a1
:100758000000000000000000000000000000000091
:100768000000000000000000000000000000000081
:100778000000000000000000000000000000000071
:100788000000000000000000000000000000000061
:100798000000000000000000000000000000000051
:1007a8000000000000000000000000000000000041
:1007b8000000000000000000000000000000000031
:1007c8000000000000000000000000000000000021
:1007d8000000000000000000000000000000000011
:1007e8000000000000000000000000000000000001
:1007f80000000000000000000000000000000000f1
:1008080000000000000000000000000000000000e0
:1008180000000000000000000000000000000000d0
:1008280000000000000000000000000000000000c0
:1008380000000000000000000000000000000000b0
:1008480000000000000000000000000000000000a0
:100858000000000000000000000000000000000090
:100868000000000000000000000000000000000080
:100878000000000000000000000000000000000070
:100888000000000000000000000000000000000060
:100898000000000000000000000000000000000050
:1008a8000000000000000000000000000000000040
:1008b8000000000000000000000000000000000030
:1008c8000000000000000000000000000000000020
:1008d8000000000000000000000000000000000010
:1008e8000000000000000000000000000000000000
:1008f80000000000000000000000000000000000f0
:1009080000000000000000000000000000000000df
:1009180000000000000000000000000000000000cf
:1009280000000000000000000000000000000000bf
:1009380000000000000000000000000000000000af
:10094800000000000000000000000000000000009f
:10095800000000000000000000000000000000008f
:10096800000000000000000000000000000000007f
:10097800000000000000000000000000000000006f
:10098800000000000000000000000000000000005f
:10099800000000000000000000000000000000004f
:1009a800000000000000000000000000000000003f
:1009b800000000000000000000000000000000002f
:1009c800000000000000000000000000000000001f
:1009d800000000000000000000000000000000000f
:1009e80000000000000000000000000000000000ff
:1009f80000000000000000000000000000000000ef
:100a080000000000000000000000000000000000de
:100a180000000000000000000000000000000000ce
:100a280000000000000000000000000000000000be
:100a380000000000000000000000000000000000ae
:100a4800000000000000000000000000000000009e
:100a5800000000000000000000000000000000008e
:100a6800000000000000000000000000000000007e
:100a7800000000000000000000000000000000006e
:100a8800000000000000000000000000000000005e
:100a9800000000000000000000000000000000004e
:100aa800000000000000000000000000000000003e
:100ab800000000000000000000000000000000002e
:100ac800000000000000000000000000000000001e
:100ad800000000000000000000000000000000000e
:100ae80000000000000000000000000000000000fe
:100af80000000000000000000000000000000000ee
:100b080000000000000000000000000000000000dd
:100b180000000000000000000000000000000000cd
:100b280000000000000000000000000000000000bd
:100b380000000000000000000000000000000000ad
:100b4800000000000000000000000000000000009d
:100b5800000000000000000000000000000000008d
:100b6800000000000000000000000000000000007d
:100b7800000000000000000000000000000000006d
:100b8800000000000000000000000000000000005d
:100b9800000000000000000000000000000000004d
:100ba800000000000000000000000000000000003d
:100bb800000000000000000000000000000000002d
:100bc800000000000000000000000000000000001d
:100bd800000000000000000000000000000000000d
:100be80000000000000000000000000000000000fd
:100bf80000000000000000000000000000000000ed
:100c080000000000000000000000000000000000dc
:100c180000000000000000000000000000000000cc
:100c280000000000000000000000000000000000bc
:100c380000000000000000000000000000000000ac
:100c4800000000000000000000000000000000009c
:100c5800000000000000000000000000000000008c
:100c6800000000000000000000000000000000007c
:100c7800000000000000000000000000000000006c
:100c8800000000000000000000000000000000005c
:100c9800000000000000000000000000000000004c
:100ca800000000000000000000000000000000003c
:100cb800000000000000000000000000000000002c
:100cc800000000000000000000000000000000001c
:100cd800000000000000000000000000000000000c
:100ce80000000000000000000000000000000000fc
:100cf80000000000000000000000000000000000ec
:100d080000000000000000000000000000000000db
:100d180000000000000000000000000000000000cb
:100d280000000000000000000000000000000000bb
:100d380000000000000000000000000000000000ab
:100d4800000000000000000000000000000000009b
:100d5800000000000000000000000000000000008b
:100d6800000000000000000000000000000000007b
:100d7800000000000000000000000000000000006b
:100d8800000000000000000000000000000000005b
:100d9800000000000000000000000000000000004b
:100da800000000000000000000000000000000003b
:100db800000000000000000000000000000000002b
:100dc800000000000000000000000000000000001b
:100dd800000000000000000000000000000000000b
:100de80000000000000000000000000000000000fb
:100df80000000000000000000000000000000000eb
:100e080000000000000000000000000000000000da
:100e180000000000000000000000000000000000ca
:100e280000000000000000000000000000000000ba
:100e380000000000000000000000000000000000aa
:100e4800000000000000000000000000000000009a
:100e5800000000000000000000000000000000008a
:100e6800000000000000000000000000000000007a
:100e7800000000000000000000000000000000006a
:100e8800000000000000000000000000000000005a
:100e9800000000000000000000000000000000004a
:100ea800000000000000000000000000000000003a
:100eb800000000000000000000000000000000002a
:100ec800000000000000000000000000000000001a
:100ed800000000000000000000000000000000000a
:100ee80000000000000000000000000000000000fa
:100ef80000000000000000000000000000000000ea
:100f080000000000000000000000000000000000d9
:100f180000000000000000000000000000000000c9
:100f280000000000000000000000000000000000b9
:100f380000000000000000000000000000000000a9
:100f48000000000000000000000000000000000099
:100f58000000000000000000000000000000000089
:100f68000000000000000000000000000000000079
:100f78000000000000000000000000000000000069
:100f88000000000000000000000000000000000059
:100f98000000000000000000000000000000000049
:100fa8000000000000000000000000000000000039
:100fb8000000000000000000000000000000000029
:100fc8000000000000000000000000000000000019
:100fd8000000000000000000000000000000000009
:100fe80000000000000000000000000000000000f9
:100ff80000000000000000000000000000000000e9
:1010080000000000000000000000000000000000d8
:1010180000000000000000000000000000000000c8
:1010280000000000000000000000000000000000b8
:1010380000000000000000000000000000000000a8
:101048000000000000000000000000000000000098
:101058000000000000000000000000000000000088
:101068000000000000000000000000000000000078
:101078000000000000000000000000000000000068
:101088000000000000000000000000000000000058
:101098000000000000000000000000000000000048
:1010a8000000000000000000000000000000000038
:1010b8000000000000000000000000000000000028
:1010c8000000000000000000000000000000000018
:1010d8000000000000000000000000000000000008
:1010e80000000000000000000000000000000000f8
:1010f80000000000000000000000000000000000e8
:1011080000000000000000000000000000000000d7
:1011180000000000000000000000000000000000c7
:1011280000000000000000000000000000000000b7
:1011380000000000000000000000000000000000a7
:101148000000000000000000000000000000000097
:101158000000000000000000000000000000000087
:101168000000000000000000000000000000000077
:101178000000000000000000000000000000000067
:101188000000000000000000000000000000000057
:101198000000000000000000000000000000000047
:1011a8000000000000000000000000000000000037
:1011b8000000000000000000000000000000000027
:1011c8000000000000000000000000000000000017
:1011d8000000000000000000000000000000000007
:1011e80000000000000000000000000000000000f7
:1011f80000000000000000000000000000000000e7
:1012080000000000000000000000000000000000d6
:1012180000000000000000000000000000000000c6
:1012280000000000000000000000000000000000b6
:1012380000000000000000000000000000000000a6
:101248000000000000000000000000000000000096
:101258000000000000000000000000000000000086
:101268000000000000000000000000000000000076
:101278000000000000000000000000000000000066
:101288000000000000000000000000000000000056
:101298000000000000000000000000000000000046
:1012a8000000000000000000000000000000000036
:1012b8000000000000000000000000000000000026
:1012c8000000000000000000000000000000000016
:1012d8000000000000000000000000000000000006
:1012e80000000000000000000000000000000000f6
:1012f80000000000000000000000000000000000e6
:1013080000000000000000000000000000000000d5
:1013180000000000000000000000000000000000c5
:1013280000000000000000000000000000000000b5
:1013380000000000000000000000000000000000a5
:101348000000000000000000000000000000000095
:101358000000000000000000000000000000000085
:101368000000000000000000000000000000000075
:101378000000000000000000000000000000000065
:101388000000000000000000000000000000000055
:101398000000000000000000000000000000000045
:1013a8000000000000000000000000000000000035
:1013b8000000000000000000000000000000000025
:1013c8000000000000000000000000000000000015
:1013d8000000000000000000000000000000000005
:1013e80000000000000000000000000000000000f5
:1013f80000000000000000000000000000000000e5
:1014080000000000000000000000000000000000d4
:1014180000000000000000000000000000000000c4
:1014280000000000000000000000000000000000b4
:1014380000000000000000000000000000000000a4
:101448000000000000000000000000000000000094
:101458000000000000000000000000000000000084
:101468000000000000000000000000000000000074
:101478000000000000000000000000000000000064
:101488000000000000000000000000000000000054
:101498000000000000000000000000000000000044
:1014a8000000000000000000000000000000000034
:1014b8000000000000000000000000000000000024
:1014c8000000000000000000000000000000000014
:1014d8000000000000000000000000000000000004
:1014e80000000000000000000000000000000000f4
:1014f80000000000000000000000000000000000e4
:1015080000000000000000000000000000000000d3
:1015180000000000000000000000000000000000c3
:1015280000000000000000000000000000000000b3
:1015380000000000000000000000000000000000a3
:101548000000000000000000000000000000000093
:101558000000000000000000000000000000000083
:101568000000000000000000000000000000000073
:101578000000000000000000000000000000000063
:101588000000000000000000000000000000000053
:101598000000000000000000000000000000000043
:1015a8000000000000000000000000000000000033
:1015b8000000000000000000000000000000000023
:1015c8000000000000000000000000000000000013
:1015d8000000000000000000000000000000000003
:1015e80000000000000000000000000000000000f3
:1015f80000000000000000000000000000000000e3
:1016080000000000000000000000000000000000d2
:1016180000000000000000000000000000000000c2
:1016280000000000000000000000000000000000b2
:1016380000000000000000000000000000000000a2
:101648000000000000000000000000000000000092
:101658000000000000000000000000000000000082
:101668000000000000000000000000000000000072
:101678000000000000000000000000000000000062
:101688000000000000000000000000000000000052
:101698000000000000000000000000000000000042
:1016a8000000000000000000000000000000000032
:1016b8000000000000000000000000000000000022
:1016c8000000000000000000000000000000000012
:1016d8000000000000000000000000000000000002
:1016e80000000000000000000000000000000000f2
:1016f80000000000000000000000000000000000e2
:1017080000000000000000000000000000000000d1
:1017180000000000000000000000000000000000c1
:1017280000000000000000000000000000000000b1
:1017380000000000000000000000000000000000a1
:101748000000000000000000000000000000000091
:101758000000000000000000000000000000000081
:101768000000000000000000000000000000000071
:101778000000000000000000000000000000000061
:101788000000000000000000000000000000000051
:101798000000000000000000000000000000000041
:1017a8000000000000000000000000000000000031
:1017b8000000000000000000000000000000000021
:1017c8000000000000000000000000000000000011
:1017d8000000000000000000000000000000000001
:1017e80000000000000000000000000000000000f1
:1017f80000000000000000000000000000000000e1
:1018080000000000000000000000000000000000d0
:1018180000000000000000000000000000000000c0
:1018280000000000000000000000000000000000b0
:1018380000000000000000000000000000000000a0
:101848000000000000000000000000000000000090
:101858000000000000000000000000000000000080
:101868000000000000000000000000000000000070
:101878000000000000000000000000000000000060
:101888000000000000000000000000000000000050
:101898000000000000000000000000000000000040
:1018a8000000000000000000000000000000000030
:1018b8000000000000000000000000000000000020
:1018c8000000000000000000000000000000000010
:1018d8000000000000000000000000000000000000
:1018e80000000000000000000000000000000000f0
:1018f80000000000000000000000000000000000e0
:1019080000000000000000000000000000000000cf
:1019180000000000000000000000000000000000bf
:1019280000000000000000000000000000000000af
:10193800000000000000000000000000000000009f
:10194800000000000000000000000000000000008f
:10195800000000000000000000000000000000007f
:10196800000000000000000000000000000000006f
:10197800000000000000000000000000000000005f
:10198800000000000000000000000000000000004f
:10199800000000000000000000000000000000003f
:1019a800000000000000000000000000000000002f
:1019b800000000000000000000000000000000001f
:1019c800000000000000000000000000000000000f
:1019d80000000000000000000000000000000000ff
:1019e80000000000000000000000000000000000ef
:1019f80000000000000000000000000000000000df
:101a080000000000000000000000000000000000ce
:101a180000000000000000000000000000000000be
:101a280000000000000000000000000000000000ae
:101a3800000000000000000000000000000000009e
:101a4800000000000000000000000000000000008e
:101a5800000000000000000000000000000000007e
:101a6800000000000000000000000000000000006e
:101a7800000000000000000000000000000000005e
:101a8800000000000000000000000000000000004e
:101a9800000000000000000000000000000000003e
:101aa800000000000000000000000000000000002e
:101ab800000000000000000000000000000000001e
:101ac800000000000000000000000000000000000e
:101ad80000000000000000000000000000000000fe
:101ae80000000000000000000000000000000000ee
:101af80000000000000000000000000000000000de
:101b080000000000000000000000000000000000cd
:101b180000000000000000000000000000000000bd
:101b280000000000000000000000000000000000ad
:101b3800000000000000000000000000000000009d
:101b4800000000000000000000000000000000008d
:101b5800000000000000000000000000000000007d
:101b6800000000000000000000000000000000006d
:101b7800000000000000000000000000000000005d
:101b8800000000000000000000000000000000004d
:101b9800000000000000000000000000000000003d
:101ba800000000000000000000000000000000002d
:101bb800000000000000000000000000000000001d
:101bc800000000000000000000000000000000000d
:101bd80000000000000000000000000000000000fd
:101be80000000000000000000000000000000000ed
:101bf80000000000000000000000000000000000dd
:101c080000000000000000000000000000000000cc
:101c180000000000000000000000000000000000bc
:101c280000000000000000000000000000000000ac
:101c3800000000000000000000000000000000009c
:101c4800000000000000000000000000000000008c
:101c5800000000000000000000000000000000007c
:101c6800000000000000000000000000000000006c
:101c7800000000000000000000000000000000005c
:101c8800000000000000000000000000000000004c
:101c9800000000000000000000000000000000003c
:101ca800000000000000000000000000000000002c
:101cb800000000000000000000000000000000001c
:101cc800000000000000000000000000000000000c
:101cd80000000000000000000000000000000000fc
:101ce80000000000000000000000000000000000ec
:101cf80000000000000000000000000000000000dc
:101d080000000000000000000000000000000000cb
:101d180000000000000000000000000000000000bb
:101d280000000000000000000000000000000000ab
:101d3800000000000000000000000000000000009b
:101d4800000000000000000000000000000000008b
:101d5800000000000000000000000000000000007b
:101d6800000000000000000000000000000000006b
:101d7800000000000000000000000000000000005b
:101d8800000000000000000000000000000000004b
:101d9800000000000000000000000000000000003b
:101da800000000000000000000000000000000002b
:101db800000000000000000000000000000000001b
:101dc800000000000000000000000000000000000b
:101dd80000000000000000000000000000000000fb
:101de80000000000000000000000000000000000eb
:101df80000000000000000000000000000000000db
:101e080000000000000000000000000000000000ca
:101e180000000000000000000000000000000000ba
:101e280000000000000000000000000000000000aa
:101e3800000000000000000000000000000000009a
:101e4800000000000000000000000000000000008a
:101e5800000000000000000000000000000000007a
:101e6800000000000000000000000000000000006a
:101e7800000000000000000000000000000000005a
:101e8800000000000000000000000000000000004a
:101e9800000000000000000000000000000000003a
:101ea800000000000000000000000000000000002a
:101eb800000000000000000000000000000000001a
:101ec800000000000000000000000000000000000a
:101ed80000000000000000000000000000000000fa
:101ee80000000000000000000000000000000000ea
:101ef80000000000000000000000000000000000da
:101f080000000000000000000000000000000000c9
:101f180000000000000000000000000000000000b9
:101f280000000000000000000000000000000000a9
:101f38000000000000000000000000000000000099
:101f48000000000000000000000000000000000089
:101f58000000000000000000000000000000000079
:101f68000000000000000000000000000000000069
:101f78000000000000000000000000000000000059
:101f88000000000000000000000000000000000049
:101f98000000000000000000000000000000000039
:101fa8000000000000000000000000000000000029
:101fb8000000000000000000000000000000000019
:101fc8000000000000000000000000000000000009
:101fd80000000000000000000000000000000000f9
:101fe80000000000000000000000000000000000e9
:101ff80000000000000000000000000000000000d9
:1020080000000000000000000000000000000000c8
:1020180000000000000000000000000000000000b8
:1020280000000000000000000000000000000000a8
:102038000000000000000000000000000000000098
:102048000000000000000000000000000000000088
:102058000000000000000000000000000000000078
:102068000000000000000000000000000000000068
:102078000000000000000000000000000000000058
:102088000000000000000000000000000000000048
:102098000000000000000000000000000000000038
:1020a8000000000000000000000000000000000028
:1020b8000000000000000000000000000000000018
:1020c8000000000000000000000000000000000008
:1020d80000000000000000000000000000000000f8
:1020e80000000000000000000000000000000000e8
:1020f80000000000000000000000000000000000d8
:1021080000000000000000000000000000000000c7
:1021180000000000000000000000000000000000b7
:1021280000000000000000000000000000000000a7
:102138000000000000000000000000000000000097
:102148000000000000000000000000000000000087
:102158000000000000000000000000000000000077
:102168000000000000000000000000000000000067
:102178000000000000000000000000000000000057
:102188000000000000000000000000000000000047
:102198000000000000000000000000000000000037
:1021a8000000000000000000000000000000000027
:1021b8000000000000000000000000000000000017
:1021c8000000000000000000000000000000000007
:1021d80000000000000000000000000000000000f7
:1021e80000000000000000000000000000000000e7
:1021f80000000000000000000000000000000000d7
:1022080000000000000000000000000000000000c6
:1022180000000000000000000000000000000000b6
:1022280000000000000000000000000000000000a6
:102238000000000000000000000000000000000096
:102248000000000000000000000000000000000086
:102258000000000000000000000000000000000076
:102268000000000000000000000000000000000066
:102278000000000000000000000000000000000056
:102288000000000000000000000000000000000046
:102298000000000000000000000000000000000036
:1022a8000000000000000000000000000000000026
:1022b8000000000000000000000000000000000016
:1022c8000000000000000000000000000000000006
:1022d80000000000000000000000000000000000f6
:1022e80000000000000000000000000000000000e6
:1022f80000000000000000000000000000000000d6
:1023080000000000000000000000000000000000c5
:1023180000000000000000000000000000000000b5
:1023280000000000000000000000000000000000a5
:102338000000000000000000000000000000000095
:102348000000000000000000000000000000000085
:102358000000000000000000000000000000000075
:102368000000000000000000000000000000000065
:102378000000000000000000000000000000000055
:102388000000000000000000000000000000000045
:102398000000000000000000000000000000000035
:1023a8000000000000000000000000000000000025
:1023b8000000000000000000000000000000000015
:1023c8000000000000000000000000000000000005
:1023d80000000000000000000000000000000000f5
:1023e80000000000000000000000000000000000e5
:1023f80000000000000000000000000000000000d5
:1024080000000000000000000000000000000000c4
:1024180000000000000000000000000000000000b4
:1024280000000000000000000000000000000000a4
:102438000000000000000000000000000000000094
:102448000000000000000000000000000000000084
:102458000000000000000000000000000000000074
:102468000000000000000000000000000000000064
:102478000000000000000000000000000000000054
:102488000000000000000000000000000000000044
:102498000000000000000000000000000000000034
:1024a8000000000000000000000000000000000024
:1024b8000000000000000000000000000000000014
:1024c8000000000000000000000000000000000004
:1024d80000000000000000000000000000000000f4
:1024e80000000000000000000000000000000000e4
:1024f80000000000000000000000000000000000d4
:1025080000000000000000000000000000000000c3
:1025180000000000000000000000000000000000b3
:1025280000000000000000000000000000000000a3
:102538000000000000000000000000000000000093
:102548000000000000000000000000000000000083
:102558000000000000000000000000000000000073
:102568000000000000000000000000000000000063
:102578000000000000000000000000000000000053
:102588000000000000000000000000000000000043
:102598000000000000000000000000000000000033
:1025a8000000000000000000000000000000000023
:1025b8000000000000000000000000000000000013
:1025c8000000000000000000000000000000000003
:1025d80000000000000000000000000000000000f3
:1025e80000000000000000000000000000000000e3
:1025f80000000000000000000000000000000000d3
:1026080000000000000000000000000000000000c2
:1026180000000000000000000000000000000000b2
:1026280000000000000000000000000000000000a2
:102638000000000000000000000000000000000092
:102648000000000000000000000000000000000082
:102658000000000000000000000000000000000072
:102668000000000000000000000000000000000062
:102678000000000000000000000000000000000052
:102688000000000000000000000000000000000042
:102698000000000000000000000000000000000032
:1026a8000000000000000000000000000000000022
:1026b8000000000000000000000000000000000012
:1026c8000000000000000000000000000000000002
:1026d80000000000000000000000000000000000f2
:1026e80000000000000000000000000000000000e2
:1026f80000000000000000000000000000000000d2
:1027080000000000000000000000000000000000c1
:1027180000000000000000000000000000000000b1
:1027280000000000000000000000000000000000a1
:102738000000000000000000000000000000000091
:102748000000000000000000000000000000000081
:102758000000000000000000000000000000000071
:102768000000000000000000000000000000000061
:102778000000000000000000000000000000000051
:102788000000000000000000000000000000000041
:102798000000000000000000000000000000000031
:1027a8000000000000000000000000000000000021
:1027b8000000000000000000000000000000000011
:1027c8000000000000000000000000000000000001
:1027d80000000000000000000000000000000000f1
:1027e80000000000000000000000000000000000e1
:1027f80000000000000000000000000000000000d1
:1028080000000000000000000000000000000000c0
:1028180000000000000000000000000000000000b0
:1028280000000000000000000000000000000000a0
:102838000000000000000000000000000000000090
:102848000000000000000000000000000000000080
:102858000000000000000000000000000000000070
:102868000000000000000000000000000000000060
:102878000000000000000000000000000000000050
:102888000000000000000000000000000000000040
:102898000000000000000000000000000000000030
:1028a8000000000000000000000000000000000020
:1028b8000000000000000000000000000000000010
:1028c8000000000000000000000000000000000000
:1028d80000000000000000000000000000000000f0
:1028e80000000000000000000000000000000000e0
:1028f80000000000000000000000000000000000d0
:1029080000000000000000000000000000000000bf
:1029180000000000000000000000000000000000af
:10292800000000000000000000000000000000009f
:10293800000000000000000000000000000000008f
:10294800000000000000000000000000000000007f
:10295800000000000000000000000000000000006f
:10296800000000000000000000000000000000005f
:10297800000000000000000000000000000000004f
:10298800000000000000000000000000000000003f
:10299800000000000000000000000000000000002f
:1029a800000000000000000000000000000000001f
:1029b800000000000000000000000000000000000f
:1029c80000000000000000000000000000000000ff
:1029d80000000000000000000000000000000000ef
:1029e80000000000000000000000000000000000df
:1029f80000000000000000000000000000000000cf
:102a080000000000000000000000000000000000be
:102a180000000000000000000000000000000000ae
:102a2800000000000000000000000000000000009e
:102a3800000000000000000000000000000000008e
:102a4800000000000000000000000000000000007e
:102a5800000000000000000000000000000000006e
:102a6800000000000000000000000000000000005e
:102a7800000000000000000000000000000000004e
:102a8800000000000000000000000000000000003e
:102a9800000000000000000000000000000000002e
:102aa800000000000000000000000000000000001e
:102ab800000000000000000000000000000000000e
:102ac80000000000000000000000000000000000fe
:102ad80000000000000000000000000000000000ee
:102ae80000000000000000000000000000000000de
:102af80000000000000000000000000000000000ce
:102b080000000000000000000000000000000000bd
:102b180000000000000000000000000000000000ad
:102b2800000000000000000000000000000000009d
:102b3800000000000000000000000000000000008d
:102b4800000000000000000000000000000000007d
:102b5800000000000000000000000000000000006d
:102b6800000000000000000000000000000000005d
:102b7800000000000000000000000000000000004d
:102b8800000000000000000000000000000000003d
:102b9800000000000000000000000000000000002d
:102ba800000000000000000000000000000000001d
:102bb800000000000000000000000000000000000d
:102bc80000000000000000000000000000000000fd
:102bd80000000000000000000000000000000000ed
:102be80000000000000000000000000000000000dd
:102bf80000000000000000000000000000000000cd
:102c080000000000000000000000000000000000bc
:102c180000000000000000000000000000000000ac
:102c2800000000000000000000000000000000009c
:102c3800000000000000000000000000000000008c
:102c4800000000000000000000000000000000007c
:102c5800000000000000000000000000000000006c
:102c6800000000000000000000000000000000005c
:102c7800000000000000000000000000000000004c
:102c8800000000000000000000000000000000003c
:102c9800000000000000000000000000000000002c
:102ca800000000000000000000000000000000001c
:102cb800000000000000000000000000000000000c
:102cc80000000000000000000000000000000000fc
:102cd80000000000000000000000000000000000ec
:102ce80000000000000000000000000000000000dc
:102cf80000000000000000000000000000000000cc
:102d080000000000000000000000000000000000bb
:102d180000000000000000000000000000000000ab
:102d2800000000000000000000000000000000009b
:102d3800000000000000000000000000000000008b
:102d4800000000000000000000000000000000007b
:102d5800000000000000000000000000000000006b
:102d6800000000000000000000000000000000005b
:102d7800000000000000000000000000000000004b
:102d8800000000000000000000000000000000003b
:102d9800000000000000000000000000000000002b
:102da800000000000000000000000000000000001b
:102db800000000000000000000000000000000000b
:102dc80000000000000000000000000000000000fb
:102dd80000000000000000000000000000000000eb
:102de80000000000000000000000000000000000db
:102df80000000000000000000000000000000000cb
:102e080000000000000000000000000000000000ba
:102e180000000000000000000000000000000000aa
:102e2800000000000000000000000000000000009a
:102e3800000000000000000000000000000000008a
:102e4800000000000000000000000000000000007a
:102e5800000000000000000000000000000000006a
:102e6800000000000000000000000000000000005a
:102e7800000000000000000000000000000000004a
:102e8800000000000000000000000000000000003a
:102e9800000000000000000000000000000000002a
:102ea800000000000000000000000000000000001a
:102eb800000000000000000000000000000000000a
:102ec80000000000000000000000000000000000fa
:102ed80000000000000000000000000000000000ea
:102ee80000000000000000000000000000000000da
:102ef80000000000000000000000000000000000ca
:102f080000000000000000000000000000000000b9
:102f180000000000000000000000000000000000a9
:102f28000000000000000000000000000000000099
:102f38000000000000000000000000000000000089
:102f48000000000000000000000000000000000079
:102f58000000000000000000000000000000000069
:102f68000000000000000000000000000000000059
:102f78000000000000000000000000000000000049
:102f88000000000000000000000000000000000039
:102f98000000000000000000000000000000000029
:102fa8000000000000000000000000000000000019
:102fb8000000000000000000000000000000000009
:102fc80000000000000000000000000000000000f9
:102fd80000000000000000000000000000000000e9
:102fe80000000000000000000000000000000000d9
:102ff80000000000000000000000000000000000c9
:1030080000000000000000000000000000000000b8
:1030180000000000000000000000000000000000a8
:103028000000000000000000000000000000000098
:103038000000000000000000000000000000000088
:103048000000000000000000000000000000000078
:103058000000000000000000000000000000000068
:103068000000000000000000000000000000000058
:103078000000000000000000000000000000000048
:103088000000000000000000000000000000000038
:103098000000000000000000000000000000000028
:1030a8000000000000000000000000000000000018
:1030b8000000000000000000000000000000000008
:1030c80000000000000000000000000000000000f8
:1030d80000000000000000000000000000000000e8
:1030e80000000000000000000000000000000000d8
:1030f80000000000000000000000000000000000c8
:1031080000000000000000000000000000000000b7
:1031180000000000000000000000000000000000a7
:103128000000000000000000000000000000000097
:103138000000000000000000000000000000000087
:103148000000000000000000000000000000000077
:103158000000000000000000000000000000000067
:103168000000000000000000000000000000000057
:103178000000000000000000000000000000000047
:103188000000000000000000000000000000000037
:103198000000000000000000000000000000000027
:1031a8000000000000000000000000000000000017
:1031b8000000000000000000000000000000000007
:1031c80000000000000000000000000000000000f7
:1031d80000000000000000000000000000000000e7
:1031e80000000000000000000000000000000000d7
:1031f80000000000000000000000000000000000c7
:1032080000000000000000000000000000000000b6
:1032180000000000000000000000000000000000a6
:103228000000000000000000000000000000000096
:103238000000000000000000000000000000000086
:103248000000000000000000000000000000000076
:103258000000000000000000000000000000000066
:103268000000000000000000000000000000000056
:103278000000000000000000000000000000000046
:103288000000000000000000000000000000000036
:103298000000000000000000000000000000000026
:1032a8000000000000000000000000000000000016
:1032b8000000000000000000000000000000000006
:1032c80000000000000000000000000000000000f6
:1032d80000000000000000000000000000000000e6
:1032e80000000000000000000000000000000000d6
:1032f80000000000000000000000000000000000c6
:1033080000000000000000000000000000000000b5
:1033180000000000000000000000000000000000a5
:103328000000000000000000000000000000000095
:103338000000000000000000000000000000000085
:103348000000000000000000000000000000000075
:103358000000000000000000000000000000000065
:103368000000000000000000000000000000000055
:103378000000000000000000000000000000000045
:103388000000000000000000000000000000000035
:103398000000000000000000000000000000000025
:1033a8000000000000000000000000000000000015
:1033b8000000000000000000000000000000000005
:1033c80000000000000000000000000000000000f5
:1033d80000000000000000000000000000000000e5
:1033e80000000000000000000000000000000000d5
:1033f80000000000000000000000000000000000c5
:1034080000000000000000000000000000000000b4
:1034180000000000000000000000000000000000a4
:103428000000000000000000000000000000000094
:103438000000000000000000000000000000000084
:103448000000000000000000000000000000000074
:103458000000000000000000000000000000000064
:103468000000000000000000000000000000000054
:103478000000000000000000000000000000000044
:103488000000000000000000000000000000000034
:103498000000000000000000000000000000000024
:1034a8000000000000000000000000000000000014
:1034b8000000000000000000000000000000000004
:1034c80000000000000000000000000000000000f4
:1034d80000000000000000000000000000000000e4
:1034e80000000000000000000000000000000000d4
:1034f80000000000000000000000000000000000c4
:1035080000000000000000000000000000000000b3
:1035180000000000000000000000000000000000a3
:103528000000000000000000000000000000000093
:103538000000000000000000000000000000000083
:103548000000000000000000000000000000000073
:103558000000000000000000000000000000000063
:103568000000000000000000000000000000000053
:103578000000000000000000000000000000000043
:103588000000000000000000000000000000000033
:103598000000000000000000000000000000000023
:1035a8000000000000000000000000000000000013
:1035b8000000000000000000000000000000000003
:1035c80000000000000000000000000000000000f3
:1035d80000000000000000000000000000000000e3
:1035e80000000000000000000000000000000000d3
:1035f80000000000000000000000000000000000c3
:1036080000000000000000000000000000000000b2
:1036180000000000000000000000000000000000a2
:103628000000000000000000000000000000000092
:103638000000000000000000000000000000000082
:103648000000000000000000000000000000000072
:103658000000000000000000000000000000000062
:103668000000000000000000000000000000000052
:103678000000000000000000000000000000000042
:103688000000000000000000000000000000000032
:103698000000000000000000000000000000000022
:1036a8000000000000000000000000000000000012
:1036b8000000000000000000000000000000000002
:1036c80000000000000000000000000000000000f2
:1036d80000000000000000000000000000000000e2
:1036e80000000000000000000000000000000000d2
:1036f80000000000000000000000000000000000c2
:1037080000000000000000000000000000000000b1
:1037180000000000000000000000000000000000a1
:103728000000000000000000000000000000000091
:103738000000000000000000000000000000000081
:103748000000000000000000000000000000000071
:103758000000000000000000000000000000000061
:103768000000000000000000000000000000000051
:103778000000000000000000000000000000000041
:103788000000000000000000000000000000000031
:103798000000000000000000000000000000000021
:1037a8000000000000000000000000000000000011
:1037b8000000000000000000000000000000000001
:1037c80000000000000000000000000000000000f1
:1037d80000000000000000000000000000000000e1
:1037e80000000000000000000000000000000000d1
:1037f80000000000000000000000000000000000c1
:1038080000000000000000000000000000000000b0
:1038180000000000000000000000000000000000a0
:103828000000000000000000000000000000000090
:103838000000000000000000000000000000000080
:103848000000000000000000000000000000000070
:103858000000000000000000000000000000000060
:103868000000000000000000000000000000000050
:103878000000000000000000000000000000000040
:103888000000000000000000000000000000000030
:103898000000000000000000000000000000000020
:1038a8000000000000000000000000000000000010
:1038b8000000000000000000000000000000000000
:1038c80000000000000000000000000000000000f0
:1038d80000000000000000000000000000000000e0
:1038e80000000000000000000000000000000000d0
:1038f80000000000000000000000000000000000c0
:1039080000000000000000000000000000000000af
:10391800000000000000000000000000000000009f
:10392800000000000000000000000000000000008f
:10393800000000000000000000000000000000007f
:10394800000000000000000000000000000000006f
:10395800000000000000000000000000000000005f
:10396800000000000000000000000000000000004f
:10397800000000000000000000000000000000003f
:10398800000000000000000000000000000000002f
:10399800000000000000000000000000000000001f
:1039a800000000000000000000000000000000000f
:1039b80000000000000000000000000000000000ff
:1039c80000000000000000000000000000000000ef
:1039d80000000000000000000000000000000000df
:1039e80000000000000000000000000000000000cf
:1039f80000000000000000000000000000000000bf
:103a080000000000000000000000000000000000ae
:103a1800000000000000000000000000000000009e
:103a2800000000000000000000000000000000008e
:103a3800000000000000000000000000000000007e
:103a4800000000000000000000000000000000006e
:103a5800000000000000000000000000000000005e
:103a6800000000000000000000000000000000004e
:103a7800000000000000000000000000000000003e
:103a8800000000000000000000000000000000002e
:103a9800000000000000000000000000000000001e
:103aa800000000000000000000000000000000000e
:103ab80000000000000000000000000000000000fe
:103ac80000000000000000000000000000000000ee
:103ad80000000000000000000000000000000000de
:103ae80000000000000000000000000000000000ce
:103af80000000000000000000000000000000000be
:103b080000000000000000000000000000000000ad
:103b1800000000000000000000000000000000009d
:103b2800000000000000000000000000000000008d
:103b3800000000000000000000000000000000007d
:103b4800000000000000000000000000000000006d
:103b5800000000000000000000000000000000005d
:103b6800000000000000000000000000000000004d
:103b7800000000000000000000000000000000003d
:103b8800000000000000000000000000000000002d
:103b9800000000000000000000000000000000001d
:103ba800000000000000000000000000000000000d
:103bb80000000000000000000000000000000000fd
:103bc80000000000000000000000000000000000ed
:103bd80000000000000000000000000000000000dd
:103be80000000000000000000000000000000000cd
:103bf80000000000000000000000000000000000bd
:103c080000000000000000000000000000000000ac
:103c1800000000000000000000000000000000009c
:103c2800000000000000000000000000000000008c
:103c3800000000000000000000000000000000007c
:103c4800000000000000000000000000000000006c
:103c5800000000000000000000000000000000005c
:103c6800000000000000000000000000000000004c
:103c7800000000000000000000000000000000003c
:103c8800000000000000000000000000000000002c
:103c9800000000000000000000000000000000001c
:103ca800000000000000000000000000000000000c
:103cb80000000000000000000000000000000000fc
:103cc80000000000000000000000000000000000ec
:103cd80000000000000000000000000000000000dc
:103ce80000000000000000000000000000000000cc
:103cf80000000000000000000000000000000000bc
:103d080000000000000000000000000000000000ab
:103d1800000000000000000000000000000000009b
:103d2800000000000000000000000000000000008b
:103d3800000000000000000000000000000000007b
:103d4800000000000000000000000000000000006b
:103d5800000000000000000000000000000000005b
:103d6800000000000000000000000000000000004b
:103d7800000000000000000000000000000000003b
:103d8800000000000000000000000000000000002b
:103d9800000000000000000000000000000000001b
:103da800000000000000000000000000000000000b
:103db80000000000000000000000000000000000fb
:103dc80000000000000000000000000000000000eb
:103dd80000000000000000000000000000000000db
:103de80000000000000000000000000000000000cb
:103df80000000000000000000000000000000000bb
:103e080000000000000000000000000000000000aa
:103e1800000000000000000000000000000000009a
:103e2800000000000000000000000000000000008a
:103e3800000000000000000000000000000000007a
:103e4800000000000000000000000000000000006a
:103e5800000000000000000000000000000000005a
:103e6800000000000000000000000000000000004a
:103e7800000000000000000000000000000000003a
:103e8800000000000000000000000000000000002a
:103e9800000000000000000000000000000000001a
:103ea800000000000000000000000000000000000a
:103eb80000000000000000000000000000000000fa
:103ec80000000000000000000000000000000000ea
:103ed80000000000000000000000000000000000da
:103ee80000000000000000000000000000000000ca
:103ef80000000000000000000000000000000000ba
:103f080000000000000000000000000000000000a9
:103f18000000000000000000000000000000000099
:103f28000000000000000000000000000000000089
:103f38000000000000000000000000000000000079
:103f48000000000000000000000000000000000069
:103f58000000000000000000000000000000000059
:103f68000000000000000000000000000000000049
:103f78000000000000000000000000000000000039
:103f88000000000000000000000000000000000029
:103f98000000000000000000000000000000000019
:103fa8000000000000000000000000000000000009
:103fb80000000000000000000000000000000000f9
:103fc80000000000000000000000000000000000e9
:103fd80000000000000000000000000000000000d9
:103fe80000000000000000000000000000000000c9
:103ff8000000000000000000ff0000000f000000ab
:10400800ffff0000ffff0000ffff0000ffff0000b0
:10401800ffff0000ffff0000ffff0000ffff0000a0
:10402800ffff0000ffff0000ffff0000ffff000090
:10403800ffff0000ffff000000000000000000007c
:10404800000000000000000009000000010000005e
:104058000000000000000000000000000000000058
:104068000000000000000000000000000000000048
:104078000000000000000000000000000000000038
:10408800000000000000000009000000010000001e
:104098000000000000000000000000000000000018
:1040a8000000000000000000000000000000000008
:1040b80000000000000000000000000000000000f8
:1040c80000000000000000000900000001000000de
:1040d80000000000000000000000000000000000d8
:1040e80000000000000000000000000000000000c8
:1040f8000000000000000000cdab00000000000040
:10410800000000000000000009000000010000009d
:104118000000000000000000000000000000000097
:104128000000000000000000000000000000000087
:104138000000000000000000000000000000000077
:104148000000000000000000000000000000000067
:104158000000000000000000000000000000000057
:104168000000000000000000000000000000000047
:104178000000000000000000000000000000000037
:104188000000000000000000000000000000000027
:104198000000000000000000000000000000000017
:1041a8000000000000000000000000000000000007
:1041b80000000000000000000000000000000000f7
:1041c80000000000000000000000000000000000e7
:1041d80000000000000000000000000000000000d7
:1041e80000000000000000000000000000000000c7
:1041f80000000000000000000000000000000000b7
:1042080000000000000000000000000000000000a6
:104218000000000000000000000000000000000096
:104228000000000000000000000000000000000086
:104238000000000000000000000000000000000076
:104248000000000000000000000000000000000066
:104258000000000000000000000000000000000056
:104268000000000000000000000000000000000046
:104278000000000000000000000000000000000036
:104288000000000000000000000000000000000026
:104298000000000000000000000000000000000016
:1042a8000000000000000000000000000000000006
:1042b80000000000000000000000000000000000f6
:1042c80000000000000000000000000000000000e6
:1042d80000000000000000000000000000000000d6
:1042e80000000000000000000000000000000000c6
:1042f80000000000000000000000000000000000b6
:1043080000000000000000000000000000000000a5
:104318000000000000000000000000000000000095
:104328000000000000000000000000000000000085
:104338000000000000000000000000000000000075
:104348000000000000000000000000000000000065
:104358000000000000000000000000000000000055
:104368000000000000000000000000000000000045
:104378000000000000000000000000000000000035
:104388000000000000000000000000000000000025
:104398000000000000000000000000000000000015
:1043a8000000000000000000000000000000000005
:1043b80000000000000000000000000000000000f5
:1043c80000000000000000000000000000000000e5
:1043d80000000000000000000000000000000000d5
:1043e80000000000000000000000000000000000c5
:1043f80000000000000000000000000000000000b5
:1044080000000000000000000000000000000000a4
:104418000000000000000000000000000000000094
:104428000000000000000000000000000000000084
:104438000000000000000000000000000000000074
:104448000000000000000000000000000000000064
:104458000000000000000000000000000000000054
:104468000000000000000000000000000000000044
:104478000000000000000000000000000000000034
:104488000000000000000000000000000000000024
:104498000000000000000000000000000000000014
:1044a8000000000000000000000000000000000004
:1044b80000000000000000000000000000000000f4
:1044c80000000000000000000000000000000000e4
:1044d80000000000000000000000000000000000d4
:1044e80000000000000000000000000000000000c4
:1044f80000000000000000000000000000000000b4
:1045080000000000000000000000000000000000a3
:104518000000000000000000000000000000000093
:104528000000000000000000000000000000000083
:104538000000000000000000000000000000000073
:104548000000000000000000000000000000000063
:104558000000000000000000000000000000000053
:104568000000000000000000000000000000000043
:104578000000000000000000000000000000000033
:104588000000000000000000000000000000000023
:104598000000000000000000000000000000000013
:1045a8000000000000000000000000000000000003
:1045b80000000000000000000000000000000000f3
:1045c80000000000000000000000000000000000e3
:1045d80000000000000000000000000000000000d3
:1045e80000000000000000000000000000000000c3
:1045f80000000000000000000000000000000000b3
:1046080000000000000000000000000000000000a2
:104618000000000000000000000000000000000092
:104628000000000000000000000000000000000082
:104638000000000000000000000000000000000072
:104648000000000000000000000000000000000062
:104658000000000000000000000000000000000052
:104668000000000000000000000000000000000042
:104678000000000000000000000000000000000032
:104688000000000000000000000000000000000022
:104698000000000000000000000000000000000012
:1046a8000000000000000000000000000000000002
:1046b80000000000000000000000000000000000f2
:1046c80000000000000000000000000000000000e2
:1046d80000000000000000000000000000000000d2
:1046e80000000000000000000000000000000000c2
:1046f80000000000000000000000000000000000b2
:1047080000000000000000000000000000000000a1
:104718000000000000000000000000000000000091
:104728000000000000000000000000000000000081
:104738000000000000000000000000000000000071
:104748000000000000000000000000000000000061
:104758000000000000000000000000000000000051
:104768000000000000000000000000000000000041
:104778000000000000000000000000000000000031
:104788000000000000000000000000000000000021
:104798000000000000000000000000000000000011
:1047a8000000000000000000000000000000000001
:1047b80000000000000000000000000000000000f1
:1047c80000000000000000000000000000000000e1
:1047d80000000000000000000000000000000000d1
:1047e80000000000000000000000000000000000c1
:1047f80000000000000000000000000000000000b1
:1048080000000000000000000000000000000000a0
:104818000000000000000000000000000000000090
:104828000000000000000000000000000000000080
:104838000000000000000000000000000000000070
:104848000000000000000000000000000000000060
:104858000000000000000000000000000000000050
:104868000000000000000000000000000000000040
:104878000000000000000000000000000000000030
:104888000000000000000000000000000000000020
:104898000000000000000000000000000000000010
:1048a8000000000000000000000000000000000000
:1048b80000000000000000000000000000000000f0
:1048c80000000000000000000000000000000000e0
:1048d80000000000000000000000000000000000d0
:1048e80000000000000000000000000000000000c0
:1048f80000000000000000000000000000000000b0
:10490800000000000000000000000000000000009f
:10491800000000000000000000000000000000008f
:10492800000000000000000000000000000000007f
:10493800000000000000000000000000000000006f
:10494800000000000000000000000000000000005f
:10495800000000000000000000000000000000004f
:10496800000000000000000000000000000000003f
:10497800000000000000000000000000000000002f
:10498800000000000000000000000000000000001f
:10499800000000000000000000000000000000000f
:1049a80000000000000000000000000000000000ff
:1049b80000000000000000000000000000000000ef
:1049c80000000000000000000000000000000000df
:1049d80000000000000000000000000000000000cf
:1049e80000000000000000000000000000000000bf
:1049f80000000000000000000000000000000000af
:104a0800000000000000000000000000000000009e
:104a1800000000000000000000000000000000008e
:104a2800000000000000000000000000000000007e
:104a3800000000000000000000000000000000006e
:104a4800000000000000000000000000000000005e
:104a5800000000000000000000000000000000004e
:104a6800000000000000000000000000000000003e
:104a7800000000000000000000000000000000002e
:104a8800000000000000000000000000000000001e
:104a9800000000000000000000000000000000000e
:104aa80000000000000000000000000000000000fe
:104ab80000000000000000000000000000000000ee
:104ac80000000000000000000000000000000000de
:104ad80000000000000000000000000000000000ce
:104ae80000000000000000000000000000000000be
:104af80000000000000000000000000000000000ae
:104b0800000000000000000000000000000000009d
:104b1800000000000000000000000000000000008d
:104b2800000000000000000000000000000000007d
:104b3800000000000000000000000000000000006d
:104b4800000000000000000000000000000000005d
:104b5800000000000000000000000000000000004d
:104b6800000000000000000000000000000000003d
:104b7800000000000000000000000000000000002d
:104b8800000000000000000000000000000000001d
:104b9800000000000000000000000000000000000d
:104ba80000000000000000000000000000000000fd
:104bb80000000000000000000000000000000000ed
:104bc80000000000000000000000000000000000dd
:104bd80000000000000000000000000000000000cd
:104be80000000000000000000000000000000000bd
:104bf80000000000000000000000000000000000ad
:104c0800000000000000000000000000000000009c
:104c1800000000000000000000000000000000008c
:104c2800000000000000000000000000000000007c
:104c3800000000000000000000000000000000006c
:104c4800000000000000000000000000000000005c
:104c5800000000000000000000000000000000004c
:104c6800000000000000000000000000000000003c
:104c7800000000000000000000000000000000002c
:104c8800000000000000000000000000000000001c
:104c9800000000000000000000000000000000000c
:104ca80000000000000000000000000000000000fc
:104cb80000000000000000000000000000000000ec
:104cc80000000000000000000000000000000000dc
:104cd80000000000000000000000000000000000cc
:104ce80000000000000000000000000000000000bc
:104cf80000000000000000000000000000000000ac
:104d0800000000000000000000000000000000009b
:104d1800000000000000000000000000000000008b
:104d2800000000000000000000000000000000007b
:104d3800000000000000000000000000000000006b
:104d4800000000000000000000000000000000005b
:104d5800000000000000000000000000000000004b
:104d6800000000000000000000000000000000003b
:104d7800000000000000000000000000000000002b
:104d8800000000000000000000000000000000001b
:104d9800000000000000000000000000000000000b
:104da80000000000000000000000000000000000fb
:104db80000000000000000000000000000000000eb
:104dc80000000000000000000000000000000000db
:104dd80000000000000000000000000000000000cb
:104de80000000000000000000000000000000000bb
:104df80000000000000000000000000000000000ab
:104e0800000000000000000000000000000000009a
:104e1800000000000000000000000000000000008a
:104e2800000000000000000000000000000000007a
:104e3800000000000000000000000000000000006a
:104e4800000000000000000000000000000000005a
:104e5800000000000000000000000000000000004a
:104e6800000000000000000000000000000000003a
:104e7800000000000000000000000000000000002a
:104e8800000000000000000000000000000000001a
:104e9800000000000000000000000000000000000a
:104ea80000000000000000000000000000000000fa
:104eb80000000000000000000000000000000000ea
:104ec80000000000000000000000000000000000da
:104ed80000000000000000000000000000000000ca
:104ee80000000000000000000000000000000000ba
:104ef80000000000000000000000000000000000aa
:104f08000000000000000000000000000000000099
:104f18000000000000000000000000000000000089
:104f28000000000000000000000000000000000079
:104f38000000000000000000000000000000000069
:104f48000000000000000000000000000000000059
:104f58000000000000000000000000000000000049
:104f68000000000000000000000000000000000039
:104f78000000000000000000000000000000000029
:104f88000000000000000000000000000000000019
:104f98000000000000000000000000000000000009
:104fa80000000000000000000000000000000000f9
:104fb80000000000000000000000000000000000e9
:104fc80000000000000000000000000000000000d9
:104fd80000000000000000000000000000000000c9
:104fe80000000000000000000000000000000000b9
:084ff8000000000000000000b1
:020000040000fa
:020000040001f9
:1050000000100000220600008000000000000000e8
:00000001FF
