:020000040000fa
:080000000402040000000000ee
:020000040000fa
:080400000040da000000fe00dc
:020000040000fa
:1000080000020000000200000002000000020000e0
:1000180000020000000200000002000000020000d0
:10002800000200000002000000020000da1f0000c9
:1000380000020000000200000002000000020000b0
:10004800000200000002000000020000541e000030
:10005800061f00000002000000020000000200006d
:10006800000200000002000000020000ba020000c6
:100078000002000000020000000200000002000070
:10008800000200000002000000020000ca1f000079
:100098000002000000020000f61e00003a1f0000e7
:1000a8000002000000020000000200000002000040
:1000b8000002000000020000000200000002000030
:1000c8000002000000020000000200000002000020
:1000d8000002000000020000000200000002000010
:1000e8000002000000020000000200000002000000
:1000f80000020000000200000002000000020000f0
:1001080000020000000200000002000000020000df
:1001180000020000000200000002000000020000cf
:1001280000020000000200000002000000020000bf
:1001380000020000000200000002000000020000af
:10014800000200000002000000020000000200009f
:10015800000200000002000000020000000200008f
:10016800000200000002000000020000000200007f
:10017800000200000002000000020000000200006f
:10018800000200000002000000020000000200005f
:10019800000200000002000000020000000200004f
:1001a800000200000002000000020000000200003f
:1001b800000200000002000000020000000200002f
:1001c800000200000002000000020000000200001f
:1001d800000200000002000000020000000200000f
:1001e80000020000000200000002000000020000ff
:1001f80000020000000200000002000000020000ef
:1002080000020000000200000002000000020000de
:1002180000020000000200000002000000020000ce
:1002280000020000000200000002000000020000be
:1002380000020000000200000002000000020000ae
:10024800000200000002000000020000000200009e
:10025800000200000002000000020000000200008e
:10026800000200000002000000020000000200007e
:0c02780000020000000200000002000074
:020000040000fa
:100408002a020400000000000000eb00000778004a
:100418000c000900002f78000007eb000000060020
:10042800010821008018eb00806b21000008e10022
:10043800fcff3a00000006000060fe0018b1a900a9
:10044800154ea900114ea900fbff37000ff021003f
:10045800e0ff2100000188000802020000000000ff
:1004680014020200000000000e2eef001e2eef0006
:100478006e0f02000000000041012000401f200014
:100488004a1f0200000000008100e900fbff3a005b
:1004980008020200000000006e0f020000000000c9
:1004a800e8030200000000005c0f020000000000ea
:1004b800600e0200000000001c0f02000000000097
:1004c800007122004a1f020000000000022f2100d4
:1004d800a8280200000000004817020000000000e1
:1004e8000e1b0200000000000000000000000000d9
:1004f80000000000000000000000000000000000f4
:100508000000000000000000000000004c0e020087
:10051800000000005a0e020000000000540e020005
:10052800000000008a0e020000000000ea30ef0020
:1005380008030200000000009416020000000000fa
:100548004220ae004e040400000000003c040200fb
:1005580000000000740404000000000040a7a80088
:100568000000060040a7a800000006000268a900d5
:100578002268a900004006001411e20001003200c0
:10058800e431ef00120eae00e431ef00132eae009e
:10059800e431ef00401f2000e411e30001003100c6
:1005a80000000600b602020000000000c3e8a9002f
:1005b800180ea800192ea8000268a9002268a80031
:1005c8000140fe00000000000000000000000000e4
:1005d800000000000268a9002268a900132eae00de
:1005e800feff3700000000000000000000000000cf
:1005f800c3e8a800b202020000000000e431ef00e6
:10060800000000000000060060002100004888008b
:10061800b0002000104888005087800030488800cb
:100628005087800000712200100888000000060032
:100638006000210000488800b000200010488800b1
:10064800708880000000e800008488000080200096
:100658008010bc000284880000848000f232ec0024
:100668004400de00f212bc00f232ed00324888008d
:1006780000712200100888000000060018b1af00c1
:1006880007003700ea10e20001003a000000060007
:10069800ea30ef0008030200000000000000060036
:1006a8000e31ec00008020000e11bc000e31ed0070
:1006b80002007800f232ec004400de00f212bc00c6
:1006c800f232ed0002007800ea10e30001003a007f
:1006d80000000600508788000803020000000000a0
:1006e80000000600042eaa00042eaa00042eaa0068
:1006f800042eaa00042eaa00042eaa00042eaa0082
:10070800042eaa000060fe00f6ff37000060fe001d
:100718000701ae00042ea9000701af00042ea800af
:10072800faff3700154ea800200420002011880089
:10073800a0002000541f020000000000f9ff37004d
:10074800154eae00000006001ed1ae0000000600e7
:100758002302ae00000006001ed1a900154ea90014
:10076800000006000060fe00154eae0006003700cf
:100778001ed1ae00fbff37002302ae00f9ff3700a1
:100788001ed1a900154ea900f0ff2f004a1f020034
:1007980000000000301220008095880040222000d0
:1007a8009095880050322000a09588006042200073
:1007b800b095880070522000c0958800e21c0200a5
:1007c80000000000e7ff37000e2eef001e2eef009e
:1007d800000006008113210002002000f000200024
:1007e800008009008218780001142100d0e0200060
:1007f80080187800f0002100801878008030ef0021
:1008080000042100d08d880000002000e08d8800c1
:10081800008480004500dd00ba31b400761902007a
:100828000000000001c02200110078007000b20032
:10083800090032008010af000080fd008113210004
:1008480002848000810041000100a10011017800ac
:1008580002004000800878008030ec007000200022
:100868008010e300e6ff39000000060000000600e3
:10087800ba31ef00bc31ef0001a0220002202000b5
:10088800d619020000000000f62502000000000052
:1008980000000600d0270200000000005c2b0200c8
:1008a80000000000d82702000000000018b1a800ce
:1008b800f0ff2f00f08b880000002000008b8800dc
:1008c80000002000108b8800e11721001ab1a90050
:1008d800962a0200000000001f91a80012003700ad
:1008e800000000000000000000000000d027020007
:1008f800000000005c2b020000000000d827020066
:100908000000000018b1a90018d1a900148ea80091
:100918007a270200000000003a04020000000000ec
:100928001f91a80096b0ef000060fe003607020095
:10093800000000004203020000000000a4030200bf
:10094800000000001805020000000000ca040200b0
:1009580000000000b40b020000000000620c02005e
:1009680000000000d80c020000000000760c020015
:1009780000000000fe90af00ec0b02000000000039
:10098800b60f020000000000e7ff37008010e20009
:1009980005003a008210e20004003a008410e200e8
:1009a80006003a0000000600000006001b71aa00bd
:1009b800c830ef0096b0ef00000006001a51a800fa
:1009c8001631ef001bb1a80096b0ef0018b1a800cf
:1009d80000002000a08b8800d8270200000000003b
:1009e800f000200090978800400020007088880060
:1009f80040012000008b880080022000108b8800b6
:100a08001ad1a800f0ff2000f08b880001732000a5
:100a1800962a0200000000001ad1a9000010210047
:100a280030898800000006008030ef008230ef0037
:100a38008430ef008630ef00f750ae00000006006b
:100a48000000eb00120eae000000a0000000e00065
:100a580010003a009e31ec00300020009e11e300a7
:100a68004200ae00000006001a31a800c08c8000c9
:100a78001a51ae00108488001a51a9001a11a90051
:100a88001af1a9009831ef009c31ef00a031ef0076
:100a9800000006009e31ef009c31ec00801f7800ba
:100aa800200020009c11e3004f0078004200ae00b7
:100ab800000006001a31a9009c31ed009811e300ee
:100ac800060032001a11af0000000600c08c880032
:100ad80000848800a031ef0000000600a031ec007f
:100ae800801f780060092000a011e3004f00780003
:100af8004220ae00030037001af1ae0020848800bf
:100b080000000600801f7800a00f2000a011e3005d
:100b18004f0078004220ae00000006001af1ae0037
:100b28003084880000000600813721000001eb00b6
:100b3800000020008018780080187800b00a200093
:100b480080187800d00c2000801878000201e80096
:100b5800c00520000010e100f5ff39000000060084
:100b68000100a7000600370031007800d08d88000a
:100b780031007800f00fb200e08d88000a003700dd
:100b88000100a100310078004800de00d08d880007
:100b9800110078004800dd00ba31b4001100780077
:100ba8004800de00e08d88004200a900bab1d600f6
:100bb800bcb1d6004200a900bab1d600bcb1d6007b
:100bc8000000060000000000000000000000000017
:100bd80001c02200821902000000000003c02200a8
:100be800330078000080e800f01fb20040968800cb
:100bf800000024008095880003c022000084800043
:100c080080097800461c0200000000000000060071
:100c180000f42100a088880018b1a8000000200076
:100c2800a08b8800d827020000000000f0002000f8
:100c38009097880040002000708888001931a8002b
:100c4800f07f2000f08b880000002000008b8800d7
:100c580000002000108b8800411921001ab1a9005a
:100c6800962a020000000000908880000000e8003a
:100c7800d22a020000000000000220001c2b020003
:100c88000000000010848000162b02000000000005
:100c980000848000162b02000000000000000600ff
:100ca800d0958000f00fb200708888001931a80034
:100cb800000006000e31ec00500020000e11e30089
:100cc800010039000e31ef001931a80000000600bc
:100cd8000e31ed00500020000e11e3000200390033
:100ce80040002000708888001931a8000000060024
:100cf80018b1a80000002000a08b8800d8270200a7
:100d080000000000f0ff2f00f08b8800000020009a
:100d1800008b880000002000108b8800e11921005a
:100d28001ab1a900962a02000000000090978000de
:100d38000000e800d22a02000000000000022000a3
:100d48001c2b02000000000010848000162b0200fb
:100d58000000000000848000162b02000000000044
:100d6800e0002000008b880040012000108b8800e4
:100d7800e0012000608b880040022000708b880012
:100d880000802f00a08b88001028020000000000bf
:100d9800c0022000008b880040012000108b8800d2
:100da80080022000608b880040022000708b880041
:100db800f0ff2f00a08b8800102802000000000020
:100dc80040052000008b880040012000108b88001f
:100dd800e0012000608b880040022000708b8800b2
:100de800007e2000a08b8800102802000000000070
:100df80000002000a08b880000000600424100008f
:100e0800543a000000000000435000005500000064
:100e18004e4500005400000034320000320000004b
:100e28002d2d00002d0000004f4b00002000000079
:100e380045520000520000005253000054000000c8
:100e4800534c00004f540000205300005441000050
:100e580055530000000000005245000053450000b3
:100e6800540000001bb1af00000006001b71af006a
:100e78000a0037008030ef001b31af008030a80037
:100e8800008480009610e30020003a0070878000fc
:100e98009810e3001d003a00000006008030ef00c3
:100ea8008010a800008480009610e3002a003a0011
:100eb80029003a00408580009810e30026003a0097
:100ec800508580009a10e30023003a006085800076
:100ed8009c10e30020003a00708580009e10e3001b
:100ee8001d003a0080858000a010e3001a003a0037
:100ef80090858000a210e30017003a00a0858000ca
:100f0800a410e30014003a000000060018b1a8007d
:100f180000002000a08b8800d827020000000000f5
:100f2800f00020009097880040002000708888001a
:100f380088080200000000002a08020000000000e3
:100f48009630ef001b31af009630a800ee10f80085
:100f58009810f9000000060018b1a8000000200051
:100f6800a08b8800d827020000000000f0002000b5
:100f78009097880040002000708888008001200039
:100f8800008b880000002000108b8800f0ff2000f4
:100f9800f08b880041722000962a020000000000b1
:100fa8008030ef008230ef00810a21000084800049
:100fb80081004000810040001100780060878800af
:100fc8007000b2000c0032006031ef000001200018
:100fd8008210bc000201b000128b88008010f8005b
:100fe8008210f800d6080200000000008210f90004
:100ff8008010f9008230ec008030ec007000200096
:101008008010e300e8ff390010002000b084880059
:10101800a810f8009810f900aa10f8009a10f90022
:10102800ac10f8009c10f900ae10f8009e10f90002
:10103800b010f800a010f900b210f800a210f900e2
:10104800b410f800a410f900000006001ad1a80096
:1010580000002000a08b8800f0ff2f00f08b880094
:1010680040002000008b880000002000108b8800c2
:10107800217020001ab1a900962a02000000000081
:101088001b31af000b003700d00220001c2b0200e0
:1010980000000000d00220001c2b0200000000000d
:1010a800d00220001c2b0200000000001ad1a90069
:1010b80000000600007e2000f08b880080012000e0
:1010c800ee10e30002003100f0012000f08b8800f0
:1010d80070878000d22a020000000000108480007f
:1010e800162b020000000000e00220001c2b02006a
:1010f8000000000000848000162b020000000000a1
:101108001ad1a900000006001b51a8001b31ae002f
:1011180012003700f0e02700f08b88000000200064
:10112800008b8800a0002000108b8800600420003d
:101138001c2b02000000000000042000008b880027
:10114800a0002000108b8800600420001c2b0200e7
:10115800000000001b51a90000000600f0ff2f004e
:10116800f08b880000002000008b8800a000200081
:10117800108b8800000320001c2b020000000000d8
:1011880000042000008b8800a0002000108b88003d
:10119800000320001c2b0200000000001b51a900c6
:1011a800000006001b51a9001b11a9001ad1a900b3
:1011b80000002000a08b8800f0ff2f00f08b880033
:1011c800608780000080fd007000b2000000e80029
:1011d800162b020000000000a00320001c2b0200b8
:1011e800000000006087800000c0fd003000b200f1
:1011f8000006010003003700060037000900370029
:101208000c00370041712000962a020000000000ff
:101218000c00370081702000962a020000000000b0
:1012280008003700c1702000962a02000000000064
:101238000400370001712000962a02000000000017
:1012480000003700000220001c2b020000000000f4
:10125800608780003000b2000006010003003700fc
:10126800080037000d00370012003700f0ff2f008c
:10127800f08b880041712000962a020000000000cf
:1012880012003700007e2000f08b8800817120005a
:10129800962a0200000000000c003700f001200030
:1012a800f08b8800c1712000962a0200000000001f
:1012b80006003700f07f2000f08b880001722000c4
:1012c800962a020000000000000037000000060017
:1012d80018b1a80000002000a08b8800d8270200c1
:1012e80000000000f00020009097880040002000d7
:1012f800708888001931a800f0ff2f00f08b880053
:1013080000012000008b880000012000108b88005d
:10131800e11821001ab1a900962a02000000000075
:10132800c0052000f012e300010039000e0037006c
:10133800809780000000e800d22a02000000000028
:10134800000220001c2b0200000000001084800016
:10135800162b02000000000000848000162b0200fb
:101368000000000000000600d00220001c2b020034
:1013780000000000d00220001c2b0200000000002a
:10138800d00220001c2b0200000000000000060014
:10139800f232ec0000012000f212e30001003900f3
:1013a800f232ef00212f2100f62802000000000091
:1013b800f0ff2f00f08b880000002000a08b880031
:1013c80000002000008b880000002000108b88009f
:1013d800e11921001ab1a900962a020000000000b4
:1013e800909780000000e800d22a02000000000068
:1013f800000220001c2b0200000000001084800066
:10140800162b02000000000000848000162b02004a
:10141800000000001931a80000000600f232ed00bb
:1014280000012000f212e30002003900f000200061
:1014380090978800212f2100f62802000000000064
:10144800f0ff2f00f08b880000002000a08b8800a0
:1014580000002000008b880000002000108b88000e
:10146800e11921001ab1a900962a02000000000023
:10147800909780000000e800d22a020000000000d7
:10148800000220001c2b02000000000010848000d5
:10149800162b02000000000000848000162b0200ba
:1014a800000000001931a800000006000000060036
:1014b8000000060000000600008480000000e9002b
:1014c800509688005e0a0200000000000000060036
:1014d80000000600000006003222af003222a900f8
:1014e8002222af002222a900000006008631ef0068
:1014f800408c80008a11b7008c11b7008e11b7009c
:101508009011b7009211b7009411b7009611b70067
:10151800f2ff2000020060000000e00001003a0035
:10152800000006000001eb00811821008100410045
:1015380081004100110078000000e00004003a003a
:101548000201e8006810e100f7ff3900000006001a
:10155800800078000002eb00100020000400dd008d
:101568000100600005003a000402e800c000200005
:101578000020e100f8ff390000000600c00020004c
:101588000201b800040041000000e800d80a020087
:1015980000000000308c88000000000000000000ff
:1015a8000000000000000600000601000000050021
:1015b800d0010500d0020500d0030500d0040500c5
:1015c800e0010500e0020500e0030500e004050075
:1015d800f0010500f0020500f0030500f004050025
:1015e80000020500000305000004050000050500d1
:1015f8001002050010030500100405001005050081
:101608002002050020030500200405002005050030
:1016180030020500300305003004050030050500e0
:101628004002050040030500400405004005050090
:101638005002050050030500500405005005050040
:1016480060020500600305006004050060050500f0
:1016580070020500700305007004050070050500a0
:101668008002050080030500800405008005050050
:101678009002050090030500900405009005050000
:10168800a0020500a0030500a0040500a0050500b0
:10169800b0020500b0030500b00405000000050015
:1016a800b0050500c0020500c0030500c004050020
:1016b800c0050500100005002000050030000500e9
:1016c800400005005000050060000500000005000e
:1016d800700005008000050090000500a0000500ce
:1016e800b0000500c0000500d0000500e0000500be
:1016f800f0000500000105001001050000000500cc
:1017080020010500300105004001050050010500d9
:1017180060010500700105008001050090010500c9
:10172800a0010500b0010500c0010500000000008f
:101738000000000000000600f630ef0030088000ce
:10174800f490b6004220af0000000600b087880081
:10175800f830b700f4b0b6000060fe0000000600e4
:10176800fe30ef00f630ef0030088000f490b6004d
:101778004220af0000000600b0878800f830b700ac
:10178800f4b0b6000060fe00f7f0af00fa30ec00ed
:10179800fa30af001b91a800fa30ae001b91a900e7
:1017a800f710ae0000000600fc30ec00000120003d
:1017b800fc10e30001003900fc30ef00e0878000f6
:1017c800041e020000000000f087880000000600e8
:1017d800e631ec0080002000e611e3000100310052
:1017e80000000600e631ef001811a900f0ff2f00f5
:1017f800c08a880000002100809588000010200021
:101808009095880030898000a09588002631ef00e7
:10181800b632ef00b832ef0000042000409688008e
:10182800a31e2100461c020000000000200c02003c
:1018380000000000000006008030ef0000848000f7
:10184800320c0200000000008030ec009000200004
:101858008010e300f9ff390000000600000178005d
:10186800a12221004100dd00810040009108e8002c
:10187800110078006400e10001003100000006005a
:101888008008eb00a11e2100020078004300dd0063
:10189800810040008018eb008018eb008018eb00f6
:1018a8008018eb0000000600a12221004100dd00a5
:1018b800810040008008eb00000006000231ef00c4
:1018c800500880000091b6004220af0000000600da
:1018d800108888000431b70000b1b6000060fe002f
:1018e800000006000311ae000000060040888000da
:1018f8000006010001003700010037000000060063
:101908000611e200020032000631ed000000060078
:101918000831ef00781a02000000000000002000e3
:101928002011ae001000200090958800f81b0200de
:101938000000000000000600e431ec0001003a005d
:10194800e431ed000a11e200040032000a31ed0032
:101958000a11e20001003a0018b1a8001411e200cf
:1019680010003200120eaf00090037001211f80003
:10197800f012f900012f2100f628020000000000f3
:101988001431ef006c090200000000000500370068
:101998001431ed0003003a006c0902000000000059
:1019a8000000370000000600f710af00a00c02008e
:1019b80000000000f790ae0000000600080d0200cd
:1019c800000000002e0d0200000000001631ec009f
:1019d800200320001611e300010039001bb1a90003
:1019e800000006004089800000060100040037005e
:1019f800040037004b00370074003700260037001a
:101a080000000600000006008030ef00810b210076
:101a18000084800081004000810040009108e800b7
:101a2800400620001100e10005003100810a210074
:101a38000084800081004000810040008008eb00a5
:101a48008030ec00800020008010e300efff3900b8
:101a5800000006008030ef001b31a900810a210038
:101a6800008480008100400081004000110078005f
:101a780000c0fd007000b2006100e10001003a0002
:101a88001b31a8008030ec00800020008010e300ab
:101a9800f2ff3900000006002c11e20002003200bb
:101aa8002c31ed000000060040002000608988000d
:101ab800781a0200000000002011ae000d00370067
:101ac800f0ff2f00f08b880000072000008b8800b3
:101ad800108c800000c0fd00162b020000000000e2
:101ae800108c8000162b0200000000008231ec00f0
:101af80000000600007e2000f08b88000007200010
:101b0800008b8800f00420001c2b0200000000005d
:101b1800b00420001c2b0200000000002831ef0058
:101b2800000006005089800000060100020037000e
:101b380012003700210037001e11af000000060018
:101b4800b232ef00b4b2ef00781a020000000000d1
:101b58002011ae0003003700161c02000000000030
:101b680000000600101c020000000000ac1b020070
:101b7800000000002a31ec0000000600b232ec0040
:101b8800d0ac2000a0958800781a02000000000060
:101b98002011ae0003003700161c020000000000f0
:101ba800000006000000000000000000221c0200e7
:101bb800000000002a31ec000000060010002000a0
:101bc800408988002a31ef00000006001e11af008e
:101bd800000006005089800000060100030037005d
:101be8000b0037001e00370023003700bc31ef0020
:101bf800bc11f800b212f90000012000a09588007d
:101c0800101c0200000000002a31ec000000060051
:101c1800fc180200000000001911ae000200370095
:101c28002a31ec0000000600bc11f800b212f900dd
:101c380000012000a0958800161c0200000000008a
:101c4800bc31ec0000012000bc11e30001003100b0
:101c5800000006002a31ec002a31ec0000000600e2
:101c68001c1c0200000000001000200040898800b1
:101c78002a31ef0000000600221c020000000000cc
:101c880010002000408988002a31ef00000006007b
:101c98000021ef000001280020088800000006004d
:101ca80000032a00900888000000060000032a00ac
:101cb80080088800000006002174200062042000cb
:101cc80073052000824878008348780042c7a9003d
:101cd80000f02f00c426b60090022000c426b700ea
:101ce80000f02f008626b600100020008626b700d8
:101cf80021742000620420007305200082487800c7
:101d08008348780042c7a80000000600b0062000fb
:101d1800e0082000300220004011880080002800e0
:101d28000011880000402000101188004648a900d2
:101d38004628a8004608a8000188a9002188a8000c
:101d48003011800030118000301180003011800087
:101d58000168a90045c8a90045a8a8004588a800a9
:101d68000168a9002168a80000000600b00620004c
:101d7800e008200010042000f0022000c0118800b4
:101d8800e0002800801188000040200090118800a1
:101d98004fc8a9004fa8a8004f88a80003e8a900c9
:101da80023e8a800b0118000b0118000b0118000b5
:101db800b011800003c8a9004f48a9004f28a80007
:101dc8004f08a80003c8a90023c8a80000000600ff
:101dd80010002000040037007000200002003700c7
:101de80070002000000037003174200082072000b6
:101df800a30920000300fc0082487800834878008b
:101e080043e7b70021742000620420007305200016
:101e18000300fc0082487800834878004207a80045
:101e28000060fe004207af00fdff3700000006001b
:101e38004427ef000003200050042000303a8800b7
:101e4800000020004427b700000020004427b70006
:101e5800000020004427b700000000000000000038
:101e680000000000007122004a1f0200000000006c
:101e7800000000000000000000000000100020002a
:101e8800f80e02000000000000002000403a880020
:101e9800000006000060fe00b00a20002011880043
:101ea800007122004a1f020000000000f9ff3700fd
:101eb8004000200070888800f0002000909788007b
:101ec800f001200060968800f000200070968800dd
:101ed80000000600100ea8001a0ea800142ea90073
:101ee800102ea900046ea900006ea900148ea90086
:101ef800108ea900048ea900008ea90014aea900b6
:101f080010aea90014cea90010cea90014eea900a5
:101f180010eea900150ea800110ea900112ea80098
:101f2800154ea900114ea900156ea900116ea90041
:101f3800158ea900118ea90015aea90011aea90031
:101f480015cea90011cea90015eea90011eea90021
:101f5800040ea800000ea900042ea900002ea90056
:101f6800000006001f11af00030037001f51af002b
:101f780006003700000006001f11a900e09380004a
:101f88000094880001002200050037001f51a900b5
:101f9800f093800000948800012822000000370098
:101fa8004195880031007800029028000200e10085
:101fb80004003200f2ff2f000200e10001003200ad
:101fc8000000060031007800408f88008000200063
:101fd800e811e30001003900000006003100780034
:101fe80050958800310078006095880031007800ad
:101ff8007095880031007800d0958800310078000d
:10200800e095880031007800f0958800310078006c
:102018000096880000002100ae12e30001003200a3
:1020280000000600810b2100408f800081004000e5
:10203800810040008008eb00810a2100408f800069
:102048008100400081004000d0958000f000b2007f
:10205800008488008010e20001003a008030ec0023
:10206800d09580000080fd00f000b20000c0fd00a7
:102078008030b700408f80000080fd008010b700de
:1020880080087800d09580000080fd00f000b20044
:102098006100e1000100320000000600e0958000c8
:1020a8007087880000000600709580000080fd00a1
:1020b800f00fb2006000e10002003a00981004003e
:1020c800000000007000e10002003a008a120400db
:1020d80000000000e000e10002003a002c110400ba
:1020e80000000000f000e10002003a008010040047
:1020f8000000000000000600709580003000b2006b
:102108000006010007003700060037000500370009
:10211800040037000000000000000000000000007c
:10212800000006000000060070958000f000b20074
:1021380000060100110037001100370011003700b8
:102148001100370011003700110037001100370067
:102158000800370007003700060037000500370081
:1021680004003700030037000d0037000200370075
:10217800000037000000060000000600000006000e
:10218800000006000000060000000600000006002f
:1021980000000600100020004089880000000600aa
:1021a800ac32ed00ac32ed008001eb00310278007a
:1021b80003006a00f00fb2000c003a008301e80047
:1021c8000480fd0003006a00f00fb20007003a0027
:1021d8008301e800609580000018e100f3ff3900f2
:1021e800101c020000000000000006003a1c02005b
:1021f80000000000000006000100a70004003700ee
:1022080011007800f00fb2008100e800000006001d
:102218000100a100110078000080fd00f00fb2005d
:102228008180e80000000600821f7800001102008b
:10223800000000000001780000110200000000000a
:102248000080fd00020070004f01780000000600c9
:1022580070958000f00fb2007400e10001003900b1
:102268000000060000060100170037003d00370097
:102278004100370056003700590037006c0037001e
:10228800800037008300370085003700870037005b
:10229800890037008b0037008d0037008f0037002a
:1022a8009100370095003700000006000000060086
:1022b80000000600000006000000060000000600fe
:1022c800000006000000060018b1a800ba12f800c5
:1022d8007411f900d827020000000000b031ef00a7
:1022e800b231ef00000006005445000053540000ce
:1022f80000000000464c0000415300004820000048
:1023080045520000524f00005220000021210000d9
:1023180021000000494400003a20000000000000ad
:10232800534100005645000020490000443a00008f
:1023380020000000544600005420000044490000da
:102348004d20000053450000543a000020000000d2
:102358004e4f0000204900004420000021210000c9
:102368002100000018b1a80000002000a08b880000
:10237800d82702000000000018b1a800419580008d
:102388002101b0001811020000000000d2bc2a0090
:102398000200e10001003200000006000011020006
:1023a80000000000008b88000011020000000000ff
:1023b800108b88001811020000000000f08b8800c4
:1023c8001ab1a800962a020000000000edff3700ad
:1023d80018b1a80010270200000000000000060045
:1023e800c0052000f012e3000100390000000600db
:1023f800ba12f800b211f900bc12f800b011f900d5
:102408006a260200000000001911af000200370020
:1024180018b1a8000000060018b1a90000002000ab
:10242800a08b8800d82702000000000000000600ea
:10243800c0052000f012e30001003900000006008a
:10244800d0958000f00fb200708888004195800018
:102458002101b000809780008100400078150200bb
:1024680000000000801f78007000b200908d880086
:102478004f00780000c0fd007000b200808d880019
:10248800dfff3700ba12f8000a11f90018b1a900e5
:10249800000006005e0602000000000000000600c2
:1024a8006c0602000000000000000600540602004e
:1024b8000000000000000600cc0902000000000037
:1024c80000000600120a02000000000000000600da
:1024d8006c09020000000000000006007c060200f3
:1024e8000000000000000600d09580009088880059
:1024f8000c06020000000000000006002a0204008a
:10250800000000000000fe0000000600709580003a
:10251800f000b20000060100270037002d00370048
:10252800160137002c0137000b0037001400370064
:102538002f00370082003700690037005f0037003e
:10254800000006000000060000000600000006006b
:102558000000060000000600ac1b0200000000009e
:1025680040002000408988002a31ef002c31ef001c
:102578008231ef003c040200000000000000060069
:102588000a21ef000a21ef00500880000088880027
:102598001000200040888800d0958000f012bc0010
:1025a800d09580000000410030888800ae12f80005
:1025b800a612f900000006001811a900101c02005c
:1025c8000000000020002000408988002a31ef0028
:1025d800000006001811a900101c020000000000ed
:1025e80030002000408988002a31ef0000000600f2
:1025f80041958000a100b00031007800d08d88009e
:1026080031007800e08d880031007800f09588006e
:102618003100780000968800ba11f8008010f9009f
:10262800bc11f8008210f900218488008630ef0080
:102638008010f800ba11f9008210f800bc11f900f6
:102648002184800086180200000000008010f80035
:10265800ba11f9008210f800bc11f9002184800039
:102668001e180200000000001911ae000b00370010
:102678008630ec00400020008610e300ecff3900b3
:10268800ae12f800a612f90000002000909588000c
:10269800f81b02000000000000000600ae12f8005f
:1026a800a612f90010002000909588001811a900c2
:1026b800f81b02000000000000000600ae12f8003f
:1026c800a612f900000e200000062000409688009f
:1026d80083652100401c0200000000000000060085
:1026e800007e2000f08b880000072000008b880007
:1026f800f00420001c2b020000000000b0042000a1
:102708001c2b020000000000ba31ef00bc31ef00c2
:1027180001a02200781402000000000000712200cd
:102728004a1f02000000000001b0220078140200d5
:10273800000000003c040200000000000000060049
:1027480041958000a100b00031007800801f78001a
:102758007000b200908d88004f0078000080fd0066
:102768007000b200808d880031007800a08d88004c
:1027780031007800b08d880031007800a08d80008d
:10278800b011b700b211b7000000e00008003a002d
:1027980000002100f08d8800c031ef00b831ef0053
:1027a80001a022000000eb00ff000900801878005b
:1027b800b411e20023003a00b011e2000800320030
:1027c800000000000000000000000000b811e20056
:1027d80003003200000000000000000000000000bc
:1027e80000102000b811bc0002007800be31b4000f
:1027f80003007800c0b1b400b831ef000004200035
:10280800b011bc000202780080002000b211bc00a8
:102818000200780004024100f41fb20001a0220067
:1028280081004200b0da2c008018780000002000f7
:1028380080187800f08d800080187800008e800065
:102848008018780000102000b411bc000200780045
:10285800be11b400d08d880003007800c091b40088
:10286800e08d8800b831ec00419580002101b0006e
:1028780078140200000000001911ae0008003700ab
:10288800ae12f800a612f90000002000000078003f
:1028980090958800f81b0200000000000000060068
:1028a800ae12f800a612f90010002000000078000f
:1028b800909588001811a900f81b0200000000007c
:1028c80000072000008b8800a08d800000c0fd005c
:1028d800162b020000000000a08d8000162b0200bd
:1028e80000000000000006008010f8008210f800c8
:1028f8008410f8008610f8001911a900ba11f80020
:102908008010f900bc11f8008210f90021848800b9
:102918008630ef008010f800ba11f9008210f80034
:10292800bc11f90021848000861802000000000014
:102938008010f800ba11f9008210f800bc11f900f3
:10294800218480001e180200000000001911ae004a
:10295800050037008630ec00300020008610e300c8
:10296800ecff39001911a8008610f9008410f9004d
:102978008210f9008010f900000006001811a90063
:10298800101c02000000000041958000a100b0006a
:1029980031007800d095880031007800e0958800f3
:1029a800d0958000bc12bc00d28d8800e38d8800d1
:1029b8004200a900bcb1d700bab1d70086180200fe
:1029c80000000000000000000000000000000000ff
:1029d80000000000000006001811a90041958000c1
:1029e800a100b00031007800d0958800310078004f
:1029f800e0958800d0958000bc12bc00d28d88007c
:102a0800e38d88004200a900bcb1d700bab1d70055
:102a1800ca170200000000001911ae0003003700b9
:102a28001c1c02000000000000000600101c020030
:102a380000000000000006007f00e10001003600f1
:102a480000000600000601001f0037001f003700c5
:102a58001e0037001d0037001c0037001b00370020
:102a68001a0037001900370019003700180037001e
:102a7800170037001600370015003700140037001c
:102a88001300370012003700120037001200370019
:102a9800120037001200370012003700110037000b
:102aa800100037000f0037000e0037000d00370008
:102ab8000c0037000b0037000a0037000900370008
:102ac8000800370007003700000006000000060075
:102ad80000000600000006000000060000000600d6
:102ae80000000600000006000100a70004003700ef
:102af80011007800f00fb2008100e8000000060025
:102b08000100a100110078000080fd00f00fb20064
:102b18008180e8000000060078150200000000002f
:102b2800801f780078150200000000000080fd007a
:102b38004f017800020070000000060005002f0019
:102b4800156ea80000027800156ea9000080fd002f
:102b5800148eb6000080620014aeb60000000000bb
:102b680000000000156ea800000000000000000032
:102b7800156ea9000400780000c0fd000080fd006b
:102b8800148eb6000080620014aeb600000000008b
:102b980000000000156ea800000006001891af00a4
:102ba800e6ff3700156ea800008988000000eb00da
:102bb800156ea90020f1ae00158ea90020f1af0016
:102bc800158ea80000000000156ea80020b1d600e0
:102bd8000000e8006800e100f5ff39000000060089
:102be80000002f00102eb70000000000156ea9008d
:102bf800000000000000000000000000907080004d
:102c08000080fd00156ea800000fb20000017800da
:102c1800156ea90000000000000000000000000080
:102c280000000000907080000080fd0000c0fd00e2
:102c3800f000b2000200700000898800156ea8003c
:102c4800000006001891af00e5ff37000060fe00a5
:102c5800156ea8002031ef00156ea90020b1d6002e
:102c68002011a90013aeaf002011a800156ea8000e
:102c7800156ea90020b1d6002011a90013aeaf002f
:102c88002011a800156ea800156ea90020b1d60065
:102c98002011a90013aeaf002011a800156ea800de
:102ca800156ea90020b1d6002011a90013aeaf00ff
:102cb8002011a800156ea800156ea90020b1d60035
:102cc8002011a90013aeaf002011a800156ea800ae
:102cd800156ea90020b1d6002011a90013aeaf00cf
:102ce8002011a800156ea800156ea90020b1d60005
:102cf8002011a90013aeaf002011a800156ea8007e
:102d0800156ea90020b1d6002011a90013aeaf009e
:102d18002011a800156ea800008980000000060098
:102d28009a1902000000000000092000d2150200d4
:102d38000000000000848800261602000000000041
:102d480010848800261602000000000020848800f5
:102d580026160200000000003084880026160200b3
:102d680000000000408488001289800023898000c8
:102d7800261602000000000050848800b8190200de
:102d880000000000f00e20008810e3004220af0091
:102d980000000600200c20008810e3004220af004d
:102da80000000600000006001871a900481702007c
:102db80000000000e8180200000000008030ef006a
:102dc8008010a9001911af008010a80000000000b1
:102dd80000000000000000001911af0058170200a1
:102de80000000000000000000000000000000000db
:102df800000000008417020000000000000000002e
:102e080000000000000000000000000000000000ba
:102e1800000000000000000000000000e2ff370092
:102e28000e1b0200000000001891a9001871a900eb
:102e3800641a020000000000a21a0200000000004c
:102e4800641a020000000000a21a0200000000003c
:102e5800fa1a020000000000000006000060fe00f0
:102e68001417020000000000941602000000000081
:102e780000000000000000000e1b0200000000001f
:102e8800f6ff37000000060094160200000000005c
:102e98004220ae00fcff37000000000000000000e8
:102ea80000000000000006006e1b02000000000089
:102eb8008c1a020000000000781a020000000000ce
:102ec8000000a700fcff37006e1b02000000000096
:102ed800ba1b0200000000000060fe00781a020021
:102ee800000000000000a700fbff37000000000002
:102ef80000000000000000000000000000000600c4
:102f080001602200021020008001eb008218780086
:102f180010102000020140008301e8000008200092
:102f28000018e100f9ff39001871a900ba31ef0063
:102f3800bc31ef0001602200ba11f800bc11f800a2
:102f48008618020000000000bc11f900ba11f9004f
:102f5800016022001e180200000000001911ae00d6
:102f6800000000001911af00000000000000000080
:102f78000000000000102000ba31b400803e20009c
:102f8800541f020000000000eaff37001911a800d2
:102f9800641a0200000000009a19020000000000f4
:102fa800b0002000d215020000000000e08d800073
:102fb800d215020000000000d08d80000080fd00c6
:102fc800d215020000000000d08d8000d21502004a
:102fd800000000002616020000000000261602006d
:102fe80000000000310078002011e3000b003a00d7
:102ff800ba31ec004220af00bc31ec00bad1bf00be
:10300800f6ff3a00b8190200000000001911a900e3
:1030180000000000000000000000060000000000a2
:103028000000000000000000b819020000000000c5
:103038000000060002c022001911a800641a02004c
:10304800000000009a190200000000003000200073
:10305800d215020000000000e08d8000d2150200a9
:1030680000000000d08d80000080fd00d215020015
:1030780000000000d08d8000d21502000000000082
:103088002616020000000000ba11af000400370045
:1030980000898000000978001100780006003700d8
:1030a800008980000080fd00120940000281e800cc
:1030b800310078000080fd002051e3000b003a0049
:1030c800ba31ec004220af00bc31ec00bad1bf00ed
:1030d800ebff3a00b8190200000000001911a9001e
:1030e80000000000000000000000060000000000d2
:1030f8000000000000000000b819020000000000f5
:1031080000000600221b0200000000006e1b0200e7
:10311800000000009a1902000000000020002000b2
:10312800d215020000000000e08d8000d2150200d8
:1031380000000000d08d80000080fd00d215020044
:1031480000000000d08d8000d215020000000000b1
:103158001891af0011003700ba11af000200370014
:103168001100780003003700310078000080fd006e
:1031780000003700d215020000000000ba31ec0050
:103188004220af00bc31ec00bad1bf00f2ff3a00d8
:10319800b8190200000000000000060031007800a5
:1031a800d215020000000000ba31ec004220af0046
:1031b800bc31ec00bad1bf00f8ff3a00b8190200e0
:1031c8000000000000000600bc31ef00fc180200ff
:1031d800000000001911af0000000600bc31ec002f
:1031e80000012000bc11e300f8ff390000000600d0
:1031f8001911a800641a0200000000009a190200c0
:1032080000000000b0002000d215020000000000fd
:10321800e08d8000d21502000000000000002000b0
:10322800d21502000000000000002000d2150200a4
:10323800000000002616020000000000ba31ef006e
:103248001891af000f00370026160200000000009a
:10325800f00f20002051e30019003a00ba31ec00c9
:10326800ba11e200f8ff3a001911a900b8190200d2
:103278000000000000000000000000000000000046
:10328800000006002616020000000000f0ff2f00d4
:103298002011e3000a003a00ba31ec00ba11e2004a
:1032a800f8ff3a001911a900b8190200000000003f
:1032b8000000000000000000000000000000060000
:1032c800b819020000000000000000000000000023
:1032d800000000000000060001c02200820020005b
:1032e8003000370001c02200020120002d00370005
:1032f80001c02200020220002a00370001c022007b
:10330800021020002700370001c022000220200000
:1033180024003700411c2100220020002100370032
:10332800411c2100420020001e0037001891af0008
:103338000700370011aea80015cea80011cea900cd
:1033480015eea80011eea900040ea9000000060061
:10335800801f7800f0ff2000102eb600040ea90090
:103368004f007800000006001891af0006003700f3
:10337800040ea800118ea90011aea90011cea90053
:1033880011eea90000000600040ea800801f7800b6
:10339800f0ff2000102eb600040ea9004f007800a0
:1033a800000006008e10f80072848800641a02007b
:1033b800000000009a19020000000000b000200080
:1033c800d215020000000000e08d8000d215020036
:1033d80000000000d08d80000080fd00d2150200a2
:1033e80000000000d08d8000d2150200000000000f
:1033f8002616020000000000261602000000000049
:10340800ba11af00020037008008780003003700c7
:103418000080fd00910840008180e800ba31ec008e
:103428004220af00bc31ec008e30ed00f2ff3a00d4
:10343800b8190200000000008e10f9000000060014
:1034480070848000ba31b40000002000bcb1b40020
:103458004200a900bab1d600bcb1d60026160200b7
:1034680000000000801878008e30ed00fbff3a0065
:10347800b8190200000000008e10f90000000600d4
:103488001891af0003003700781a0200000000000e
:1034980000000600781a0200000000002211af00a8
:1034a800040037002211af00020037002031ef007e
:1034b80000000600100020000089880000000600b7
:1034c8000060fe00441a0200000000002011af0056
:1034d800fbff3700441a0200000000002011af0073
:1034e800f7ff3700000006009a19020000000000ec
:1034f80050002000d215020000000000261602002d
:1035080000000000b81902000000000000000600da
:103518009a1902000000000010002000d2150200d5
:103528000000000000002000d2150200000000008a
:10353800b819020000000000000006009a190200f5
:103548000000000050032000d21502000000000017
:103558002616020000000000b81902000000000052
:103568000010a000801f78009a19020000000000d7
:1035780010032000d2150200000000004f00780060
:10358800d215020000000000b81902000000000077
:10359800000006009a1902000000000050032000f5
:1035a800d2150200000000002616020000000000ec
:1035b800b8190200000000000010a100801f780068
:1035c8009a1902000000000010032000d215020022
:1035d800000000004f007800d21502000000000033
:1035e800b819020000000000000006001871a900c8
:1035f8009a1902000000000080032000d215020082
:1036080000000000b8190200000000001891a8008e
:10361800000006001891a8009a1902000000000096
:10362800f00f2000d215020000000000b8190200b7
:10363800000000001891a90000000600781a020096
:10364800000000001891af000b0037002011af00f8
:10365800faff370000898000c001b2004220af00a5
:10366800000006006e1b0200000000008c1a020019
:1036780000000000f1ff37002211af00efff370014
:103688002411af00edff370010898000c001b2009f
:103698004220af00050037006e1b0200000000004a
:1036a8008c1a020000000000e4ff37002089800027
:1036b800c001b2004220af00050037006e1b0200b7
:1036c800000000008c1a020000000000dbff370039
:1036d800000006009a1902000000000060002000a7
:1036e800d215020000000000b81902000000000016
:1036f800000006009a1902000000000040002000a7
:10370800d215020000000000b819020000000000f5
:10371800000006009a1902000000000010002000b6
:10372800d21502000000000001007800d215020046
:1037380000000000010078000080fd00d2150200a2
:1037480000000000b8190200000000000000060098
:10375800221b0200000000006e1b02000000000097
:10376800ba1b020000000000000006009a190200bf
:1037780000000000700c2000d215020000000000bc
:10378800b81902000000000000000600801f780041
:103798009a19020000000000800d2000d2150200d6
:1037a800000000004f007800d21502000000000061
:1037b80000002000d21502000000000000002000d8
:1037c800d215020000000000b81902000000000035
:1037d800000006002e1c020000000000ac1b0200c6
:1037e80000000000000006003095800000f0a000f6
:1037f800809588007100370070958000aff2a800ae
:1038080080958800b232ef00b432ef00b632ef0094
:10381800b832ef006900370000002000809588006a
:10382800660037001000200080958800630037008c
:1038380020002000809588006000370030002000bc
:10384800809588005d003700400020008095880042
:103858005a00370050002000809588005700370034
:103868006000200080958800540037007000200018
:1038780080958800510037003095800000f0a00046
:1038880080958800661d0200000000000090280056
:10389800801d020000000000009028000080fd004c
:1038a800801d020000000000c08a8000801d020008
:1038b80000000000c08a80000080fd00801d02001a
:1038c8000000000000002000801d02000000000031
:1038d800b00a2000801d0200000000004096800011
:1038e800a000b000801d020000000000409680008b
:1038f800a000b0000080fd00801d02000000000054
:1039080080958000801d02000000000080958000e6
:103918000080fd00801d02000000000090958000de
:10392800801d020000000000909580000080fd00ce
:10393800801d020000000000a0958000801d02008c
:1039480000000000a09580000080fd00801d02009e
:1039580000000000b0958000801d020000000000fb
:10396800b09580000080fd00801d0200000000006e
:10397800c0958000801d020000000000c0958000f6
:103988000080fd00801d0200000000001300780088
:10399800801d020000000000330078000080fd0058
:1039a800801d020000000000c832ed00f7ff3a0059
:1039b8008a1d02000000000000000600661d0200cb
:1039c8000000000000902800801d02000000000098
:1039d800009028000080fd00801d0200000000000b
:1039e80080978000801d0200000000008097800002
:1039f8000080fd00801d0200000000000000200083
:103a0800801d02000000000000002000801d020050
:103a180000000000a0002000801d0200000000003f
:103a280000002000801d020000000000809580003a
:103a3800801d020000000000809580000080fd00cd
:103a4800801d02000000000090958000801d02008b
:103a580000000000909580000080fd00801d02009d
:103a680000000000a0958000801d020000000000fa
:103a7800a09580000080fd00801d0200000000006d
:103a8800b0958000801d020000000000b095800005
:103a98000080fd00801d020000000000c09580002d
:103aa800801d020000000000c09580000080fd001d
:103ab800801d0200000000008a1d020000000000b6
:103ac800000006001811ae001e11a9001811af0061
:103ad8001e31a900c632ef00b00a200010968800f7
:103ae800c432ef0001502200a00e2000be1d0200cb
:103af8000000000000000600c2b2b600c432b400e4
:103b0800d41d02000000000000000600109680008e
:103b1800d41d02000000000020968000d41d020081
:103b280000000000b00e2000be1d020000000000d2
:103b3800154ea8001811af0007003700c612f8008c
:103b48008412f9008232ef001e11a8001ed1a900cc
:103b58000188a80000000600c612f8009a12f900b1
:103b68009832ef001e31a8001ef1a90003e8a80052
:103b780000000600f00fb200c612af0003003700c5
:103b880080087800c632ec00000006000080fd00c6
:103b9800910840008180e800c632ec000000060071
:103ba800821f7800f00fb200a20e20000200e10090
:103bb80008003200b20e20000200e10005003200c9
:103bc800c20e20000200e100020032004f0178001e
:103bd800e8ff3700801f7800c00e2000be1d0200dd
:103be80000000000b20a20004f00780000006900c1
:103bf800be1d0200000000004f0178000000060012
:103c08000030a7000a0037007000b200000601006b
:103c18001000050020000500400005008000050098
:103c28000001050000020500000405000008050069
:103c3800081e0200000000000080fd0000000600d1
:103c48000030a700faff37007000b200000601003c
:103c58000008050000040500000205000001050039
:103c68008000050040000500200005001000050048
:103c7800281e0200000000000080fd000000060071
:103c88004200f800801f78000288a9004f007800e1
:103c98004200f900004006000288a9000040060022
:103ca8004200f800801f7800811f78000168a90091
:103cb800e431ef0031118000f10fb2001f91ae0026
:103cc80044003700a00e20000100e100220032006d
:103cd800b00e20000100e10025003200c00e2000d7
:103ce8000100e10038003200b00a20001e91af0048
:103cf800810068001e91a900002820007a12e300c4
:103d080033003100000022001e51af0000282200bd
:103d18007a12b4000000a1007a12af000200370046
:103d280001087800030037000180fd00108840007a
:103d38000180fd00509480006094880001007800a4
:103d480050948800010078008832b40086b2b6002a
:103d58007a32ec001f0037001e91a9007a32ef007a
:103d68008832ef008632ef0019b1a8001900370039
:103d78001e91a900b00a20008692b6008a92b60069
:103d880014003a00509480008a12b4008c12b400d7
:103d98008892b600f00fb2000e003a00d09380006f
:103da8001e51ae00e09388001e51af00f0938800ca
:103db8001e51ae001f11a8001e51af001f51a800d0
:103dc8001e51aa00030037001e91a8000100370009
:103dd80000000000cf0078004f0078004200f90092
:103de800004006004200f800801f7800811f78001c
:103df80003c8a900cf0078004f0078004200f900fe
:103e0800004006004200f800801f7800811f7800fb
:103e18000188a900e431ef001e11ae000f00370041
:103e28000150220010948000810040000100a10090
:103e3800110078008212af000080fd00f00fb20080
:103e4800201188008232ec00209480008212e30066
:103e5800020039001e11a9001ed1a800cf00780069
:103e68004f0078004200f900004006004200f800c8
:103e7800801f7800811f780003e8a900cf00780030
:103e88004f0078004200f900004006000060fe0084
:103e98000000e900fdff3a000000060010002000c5
:103ea8008010f8008210f800108488003008800024
:103eb80000848800300c2000101020008030b400ee
:103ec8000060fe00008480000601b50000f0a70035
:103ed800fbff37008230ed00f4ff3a008210f90052
:103ee8008010f900000006000e0009000000000024
:103ef8000000e900fcff3a00000006005a31ec001f
:103f0800300020005a11e300010039005a31ef0057
:103f1800d08a800000060100020037000500370043
:103f280006003700f0002000401988002023a80070
:103f3800000006002023a900000006002003ae00b0
:103f48000000060000188000e08a88002003a9000d
:103f58005cb1d7005cb1d700e08a8000f00fb200f6
:103f68000080fd00420d2000110009000280d800e9
:103f7800f08a88000080fd00f00fb20002003200d5
:103f8800f00f2000f08a8800000006004200f800c8
:103f9800801f7800811f78000368a900cf0078008f
:103fa8004f0078004200f9000040060000a0fe0023
:103fb8000068a9001031ec00900020001011e30007
:103fc800060039001031ef000c31ec0050002000e1
:103fd8000c11e300010039000c31ef0070888000fb
:103fe8000c11e30007003e0018b1ae0005003700d1
:103ff800909780001011e30002003e00148ea80084
:1040080001003700148ea9000080fe000040060061
:1040180014aea800046ea900a00220000c21020022
:104028000000000000002000e42102000000000061
:10403800008b80002000b000e42102000000000096
:1040480000002000e421020000000000808b8000b6
:104058006011b4000000e9002000b000e421020073
:1040680000000000046ea8000000060014aea800be
:10407800046ea900b00220000c210200000000001c
:1040880000002000e421020000000000108b8000e6
:104098003000b000e4210200000000000000200011
:1040a800e421020000000000908b80006211b4003f
:1040b8000000e9004000b000e42102000000000018
:1040c800046ea8000000060014aea800046ea90043
:1040d800a00220000c2102000000000000002000c7
:1040e800e421020000000000208b80006011e30042
:1040f80001003500008b8000801f78002000b00090
:10410800e42102000000000000002000e421020079
:10411800000000004f0078007011b4000000e900b2
:104128006611e30001003c00308b80002000b000e5
:10413800e421020000000000046ea80014aea800ec
:10414800046ea900b00220000c210200000000004b
:1041580000002000e421020000000000408b8000e5
:104168006211e30001003500108b8000801f780089
:104178003000b000e4210200000000000000200030
:10418800e4210200000000004f0078007211b40022
:104198000000e9006a11e30001003c00508b800038
:1041a8003000b000e421020000000000046ea80006
:1041b80014aea800046ea900600320000c210200c0
:1041c80000000000400c2000e42102000000000074
:1041d800046ea800000006000c2002000000000089
:1041e8003a2002000000000014aea800046ea900e6
:1041f800600320000c21020000000000000c2000d9
:10420800e421020000000000046ea800000006007f
:1042180014cea9000000000014eea8000070a6004b
:1042280014eea9000000000014aea9000000000070
:1042380014aea8000000000014eea8000060a6005c
:1042480014eea9000000000014aea9000000000050
:1042580014aea8000000000014eea8000050a6004c
:1042680014eea9000000000014aea9000000000030
:1042780014aea8000000000014eea8000040a6003c
:1042880014eea9000000000014aea9000000000010
:1042980014aea8000000000014eea8000030a6002c
:1042a80014eea9000000000014aea90000000000f0
:1042b80014aea8000000000014eea8000020a6001c
:1042c80014eea9000000000014aea90000000000d0
:1042d80014aea8000000000014eea8000010a6000c
:1042e80014eea9000000000014aea90000000000b0
:1042f80014aea8000000000014eea8000000a600fc
:1043080014eea9000000000014aea900000000008f
:1043180014aea800000000000000060014cea8009b
:1043280014eea80000f0a60014eea90014aea9002f
:1043380014aea80014eea80000e0a60014eea90030
:1043480014aea90014aea80014eea80000d0a60070
:1043580014eea90014aea90014aea80014eea8002b
:1043680000c0a60014eea90014aea90014aea8005f
:1043780014eea80000b0a60014eea90014aea9001f
:1043880014aea80014eea80000a0a60014eea90020
:1043980014aea90014aea80014eea8000090a60060
:1043a80014eea90014aea90014aea80014eea800db
:1043b8000080a60014eea90014aea90014aea8004f
:1043c80014cea80014eea8000070a60014eea900f0
:1043d80014aea90014aea80014eea8000060a60050
:1043e80014eea90014aea90014aea80014eea8009b
:1043f8000050a60014eea90014aea90014aea8003f
:1044080014eea8000040a60014eea90014aea900fe
:1044180014aea80014eea8000030a60014eea900ff
:1044280014aea90014aea80014eea8000020a6003f
:1044380014eea90014aea90014aea80014eea8004a
:104448000010a60014eea90014aea90014aea8002e
:1044580014eea8000000a60014eea90014aea900ee
:1044680014aea8000000060014cea80014eea800a0
:1044780000f0a60014eea9000000000014aea90088
:104488000000000014aea8000000000014eea80010
:1044980000e0a60014eea9000000000014aea90078
:1044a8000000000014aea8000000000014eea800f0
:1044b80000d0a60014eea9000000000014aea90068
:1044c8000000000014aea8000000000014eea800d0
:1044d80000c0a60014eea9000000000014aea90058
:1044e8000000000014aea8000000000014eea800b0
:1044f80000b0a60014eea9000000000014aea90048
:104508000000000014aea8000000000014eea8008f
:1045180000a0a60014eea9000000000014aea90037
:104528000000000014aea8000000000014eea8006f
:104538000090a60014eea9000000000014aea90027
:104548000000000014aea8000000000014eea8004f
:104558000080a60014eea9000000000014aea90017
:104568000000000014aea8000000000014cea8004f
:1045780014eea8000070a60014eea90000000000c8
:1045880014aea9000000000014aea800000000004e
:1045980014eea8000060a60014eea90000000000b8
:1045a80014aea9000000000014aea800000000002e
:1045b80014eea8000050a60014eea90000000000a8
:1045c80014aea9000000000014aea800000000000e
:1045d80014eea8000040a60014eea9000000000098
:1045e80014aea9000000000014aea80000000000ee
:1045f80014eea8000030a60014eea9000000000088
:1046080014aea9000000000014aea80000000000cd
:1046180014eea8000020a60014eea9000000000077
:1046280014aea9000000000014aea80000000000ad
:1046380014eea8000010a60014eea9000000000067
:1046480014aea9000000000014aea800000000008d
:1046580014eea8000000a60014eea9000000000057
:1046680014aea9000000000014aea800000000006d
:1046780000000600821f780014cea8000202200065
:104688000b003700821f780014cea800820120009a
:1046980007003700821f780014cea800020120000e
:1046a80003003700821f780014cea8008200200083
:1046b80010eea80014aea9004200a80012eeae0049
:1046c8004200a90014aea8000080d2008180d20068
:1046d8000201e900f7ff3a00046ea8004f017800d4
:1046e80010eea9000000060014aea8007028020011
:1046f8000000000014aea800046ea90010012000fc
:104708000c2102000000000080072000541f020056
:104718000000000014aea800046ea900100b2000d1
:104728000c2102000000000050002000e4210200db
:1047380000000000c0032000e42102000000000087
:10474800c0032000e421020000000000046ea8005d
:1047580014aea800046ea900200b20000c21020052
:104768000000000050002000e421020000000000ca
:10477800c0032000e421020000000000c003200064
:10478800e421020000000000046ea80014aea80096
:10479800046ea900300b20000c210200000000006c
:1047a80050002000e421020000000000c0032000a7
:1047b800e421020000000000c0032000e421020000
:1047c8000000000050002000e4210200000000006a
:1047d800c0032000e421020000000000c003200004
:1047e800e421020000000000046ea80014aea80036
:1047f800046ea900400b20000c21020000000000fc
:1048080070002000e421020000000000046ea800ef
:1048180014aea800046ea900600b20000c21020051
:1048280000000000400b2000e4210200000000000e
:10483800000f2000e421020000000000046ea80020
:1048480014aea800046ea900000c20000c21020080
:1048580000000000e00a2000e4210200000000003f
:10486800e0002000e42102000000000040002000d9
:10487800e421020000000000046ea80014aea800a5
:10488800046ea900100c20000c210200000000009a
:10489800000c2000e421020000000000046ea800c3
:1048a80014aea800046ea900200c20000c21020000
:1048b80000000000a0002000e42102000000000029
:1048c80000002000e421020000000000046ea8009f
:1048d80014aea800046ea900300c20000c210200c0
:1048e80000000000a0082000e421020000000000f1
:1048f80060022000e421020000000000046ea8000d
:1049080014aea800046ea900400c20000c2102007f
:1049180000000000a0082000e421020000000000c0
:10492800e00e2000e421020000000000046ea80050
:1049380014aea800046ea900500c20000c2102003f
:104948000000000010002000e42102000000000028
:10495800046ea80014aea800046ea900000e200082
:104968000c2102000000000030002000e4210200b9
:1049780000000000d0012000e42102000000000037
:1049880080002000e421020000000000d000200088
:10499800e42102000000000060032000e42102007e
:1049a8000000000030032000e421020000000000a5
:1049b800c0022000e421020000000000f0022000f4
:1049c800e421020000000000c0022000e4210200ef
:1049d80000000000a0022000e42102000000000006
:1049e80020032000e421020000000000c003200092
:1049f800e42102000000000000002000e421020081
:104a08000000000010002000e42102000000000067
:104a180030002000e421020000000000f000200027
:104a2800e421020000000000046ea80014aea800f3
:104a3800046ea900100e20000c21020000000000e6
:104a480030002000e421020000000000d001200016
:104a5800e42102000000000080002000e4210200a0
:104a680000000000d0002000e42102000000000047
:104a7800f0022000e421020000000000c002200033
:104a8800e42102000000000080022000e42102006e
:104a980000000000d0022000e42102000000000015
:104aa800c0022000e421020000000000a002200053
:104ab800e42102000000000020032000e42102009d
:104ac80000000000d0032000e421020000000000e4
:104ad80000002000e4210200000000001000200077
:104ae800e42102000000000010002000e421020080
:104af80000000000f0002000e42102000000000097
:104b0800046ea80014aea800046ea900600320007b
:104b18000c2102000000000040002000e4210200f7
:104b280000000000046ea80014aea800046ea900de
:104b3800a00320000c21020000000000500020000b
:104b4800e421020000000000046ea80014aea800d2
:104b5800046ea900000220000c21020000000000e1
:104b6800046ea80014aea800046ea90090022000ec
:104b78000c21020000000000046ea80000000600de
:104b880001a0220002202000d61902000000000027
:104b9800000006001911a80001a02200000420004e
:104ba800b011bc008100410080002000b211bc009f
:104bb80081004100b2da2c00310078000200e100e7
:104bc8000100320000000600310078003100780052
:104bd800d08d880031007800e08d88001911a90077
:104be800000006008010f800b031ef00b231ef008d
:104bf80081652100b0fa2f006f0009008018780045
:104c08008030ef00ce250200000000001911af002f
:104c18000f003700a10c210002012000d619020064
:104c280000000000b0da2c00ca10e30008003a00c7
:104c380081652100008480004200dd008100400081
:104c4800b086800080187800c086800080187800c0
:104c58008030ec00b231ec0080002000b211e3009b
:104c6800e8ff3900b231ef00b031ec0070002000ed
:104c7800b011e300e3ff3900b031ef008010f90014
:104c880000000600ce250200000000001911af0048
:104c980000000600a10c210002012000d619020024
:104ca80000000000b0da2c00ca10e3000100320056
:104cb8001911a8000000060000002000a08b880041
:104cc800d827020000000000000006004626020067
:104cd800000000001911af00f7ff37009086800030
:104ce80080878800a0868000908788008e10f80052
:104cf8008c10f80018d1a80000002000008b880054
:104d080000002000108b880000082000808b88009d
:104d180000082000908b8800f020020000000000ae
:104d280014aea800046ea900c00220000c210200e5
:104d380000000000030820008219020000000000a3
:104d48000408200001c022000060fe003100780045
:104d58000000e00004003a001971af00007e200056
:104d68001951af00f001b3009221020000000000c9
:104d78000402e900f4ff3a008301e900eeff3a007b
:104d8800046ea8008c10f9008e10f90000000600cf
:104d980000002000008b880000002000108b880095
:104da80000082000808b880000042000908b880079
:104db800f02002000000000014aea800046ea90054
:104dc800c00220000c2102000000000000000600c4
:104dd800922102000000000000000600046ea800f6
:104de80000000600b231ec0080002000b211e300a0
:104df8000100310000000600b231ef00b031ec00d4
:104e080070002000b011e30001003100000006002e
:104e1800b031ef00000006008e30ef00f6260200e9
:104e2800000000000000000000000000000000007a
:104e380000000000000000004626020000000000fc
:104e48001911af00030037006a26020000000000b5
:104e5800000006008e30ec00000420008e10e300f5
:104e6800eeff39000000060018b1a900d0270200a3
:104e78000000000018b1a800b031ef00b231ef0017
:104e8800ba31ef00bc31ef0001a02200022020005f
:104e9800d619020000000000000000000000000019
:104ea800000000006a260200000000001911af008f
:104eb80003003700803e2000541f0200000000005d
:104ec800b231ec0080002000b211e300f5ff390098
:104ed800b231ef00b031ec0070002000b011e300f7
:104ee800f0ff3900b031ef00eeff390018b1a9002a
:104ef800d02702000000000018b1a80042030200f9
:104f080000000000f0ff2f00a08b8800d8270200c7
:104f180000000000c0122000541f02000000000022
:104f2800f0012000a08b8800d827020000000000b4
:104f3800c0122000541f020000000000007e200064
:104f4800a08b8800d827020000000000c0122000b3
:104f5800541f02000000000000802f00a08b880072
:104f6800d827020000000000c0122000541f0200d1
:104f78000000000000002000a08b8800d827020055
:104f880000000000c0122000541f020000000000b2
:104f980000000600d5ff370078230200000000005b
:104fa800000006007431ef0018d1a80000002000ae
:104fb800008b880000002000108b8800000820006b
:104fc800808b880000082000908b8800f020020069
:104fd8000000000014aea800046ea900c002200062
:104fe8000c21020000000000030820000408200033
:104ff8000060fe00a08b80009221020000000000eb
:105008000402e900faff3a008301e900f7ff3a00d9
:10501800046ea800000006008010f8008210f80056
:105028006011f8006211f800608b8000808b8800a6
:10503800708b8000908b88006820020000000000c0
:1050480014aea800046ea900c00220000c210200c2
:1050580000000000708b800010848800608b800046
:1050680000848800208b80006011e3000c0035006c
:10507800308b80006011e30009003c00408b800009
:105088006211e30006003500508b80006211e300d6
:1050980003003c00a08b8000922102000000000069
:1050a8006031ec008030ed00eeff3a00608b80004c
:1050b8006031b5006231ec008230ed00e7ff3a0064
:1050c800046ea8006211f9006011f9008210f9005d
:1050d8008010f90000000600046ea800048ea800e5
:1050e80010002000541f020000000000048ea900d8
:1050f800a0002000541f020000000000048ea80039
:1051080080072000541f0200000000000000060075
:105118000060fe0029e7af00fdff37000000060031
:10512800a00f2000a002880001002000b208bb00e8
:10513800b298bb00b208bb00b298bb005420ef0085
:105148000000060002c022005420ef0001002a00df
:10515800230020003100ba00001978008301e9001b
:10516800fcff3a0000000600518488008830ef00f8
:105178005420ef00816c2300408480004300dd0050
:10518800810040003100ba00008488003100ba0074
:10519800108488003100ba00208488003100ba00e9
:1051a800308488008010e20001003a000000060008
:1051b800008480008a10e300020032008830ec008e
:1051c800ebff370001c022004084800081004000ce
:1051d8008100400052848000120078008008780026
:1051e80000000600811f7800a628020000000000c9
:1051f800cf007800b828020000000000142902003f
:105208000000000001003a00000006002a29020000
:1052180000000000682902000000000000000600ed
:105228005420ef0001002a002300200002c02200c1
:105238003100ba00320068000100320000000600a8
:105248008301e900faff3a0000000600c3e8a9005c
:1052580000002000f80e0200000000008c28020068
:1052680000000000000020006039880000002a00cb
:105278005039880030002400403988000a00fc00ba
:105288005005200070398800a00a20007039880075
:1052980029e7a8000000000000000000000000004e
:1052a80000000000000000008c2802000000000040
:1052b80000002000403988001c0f02000000000098
:1052c800c3e8a80000000600c3e8a9000000200009
:1052d800f80e0200000000008c2802000000000008
:1052e8008001eb00000020006039880000002a00df
:1052f800030040000300400003004000030040009a
:105308005039880002c02200028141000281410018
:105318000281410002814100a00f2000a002880004
:1053280001002000b208bb008398bb00b208bb0094
:105338008398bb005420ef001000240040398800f7
:105348000a00fc005005200070398800a00a2000df
:105358007039880029e7a80000000000000000005c
:105368000000000000000000000000008c2802007f
:10537800000000008301e800200020000000e80091
:105388004180de000018e100d6ff3900000020004f
:10539800403988001c0f020000000000c3e8a80084
:1053a80000000600000601000004050010040500c6
:1053b80020040500300405004004050050040500e1
:1053c80060040500700405008004050090040500d1
:1053d800a0040500b0040500c0040500d0040500c1
:1053e800e0040500f00405000005050010050500af
:1053f800200505003005050040050500500505009d
:10540800600505007005050080050500900505008c
:10541800a0050500b00505000000050040000500d6
:1054280080000500c00005000001050040010500de
:10543800c0010500b001050000020500400205009a
:1054480080020500c00205000003050040030500b6
:1054580080030500c003050010000500500005008a
:1054680090000500d000050010010500500105005e
:1054780080010500f001050010020500500205003a
:1054880090020500d0020500100305005003050036
:1054980090030500d003050020000500600005000a
:1054a800a0000500e00005002001050060010500de
:1054b80090010500d00105002002050060020500ea
:1054c800a0020500e00205002003050060030500b6
:1054d800a0030500e003050030000500700005008a
:1054e800b0000500f000050030010500700105005e
:1054f800a0010500e001050030020500700205006a
:10550800b0020500f0020500300305007003050035
:10551800b0030500f00305001a91a8007c31ef00e4
:10552800010037001a91a9001ab1ae000500370032
:10553800811f78000100a10011007800cf007800d9
:10554800010037001100ba000100a7000080fd002b
:10555800f00fb200040032001c2b02000000000013
:105568008100e800f0ff37008100e8001a91a900e7
:105578000000060002712200110009000280d80014
:105588004084880001007800823e20001100090054
:105598000280d8003084880001007800420620008c
:1055a800110009000280d8002084880001007800da
:1055b800a2002000110009000280d8001084880091
:1055c80001848800000006000040a600060037009d
:1055d8000000a60002003700d002200000000600ec
:1055e8000002200000000600604fb0004200af003b
:1055f8007040b000a043b000000006008100200009
:10560800c18b880001012000d18b88002100200077
:10561800018c88007000b80081ed220081004000f4
:1056280000000600f000b200e82a020000000000b6
:1056380018d1a800811f7800022b0200000000008a
:105648001a91af00160037001ad1af0008003700d2
:105658001b11af000a0037001b51af000c003700c8
:105668006a2b020000000000cf007800000006004e
:10567800c22b020000000000cf00780000000600e6
:105688003a2c020000000000cf007800000006005d
:10569800d62c020000000000cf00780000000600b1
:1056a800c08b80007c31b400cf0078000000060079
:1056b8006431ef00f0072000308b88006831ef007c
:1056c800f0072000508b880000000600c08b800087
:1056d800808b8800d08b8000908b88006820020027
:1056e8000000000014aea800046ea900c00220004b
:1056f8000c21020000000000d58b8000408b800048
:105708006211e3000f003500508b80006211e30046
:105718000c003c0001017800b201ba000100a700aa
:105728000380fd003202ba000100a7000480fd00da
:10573800c28b8000ba2d020000000000c08b8000e0
:105748006031b500c28b80000201e9004311de0020
:105758000201e800810041006231ec008502e900a5
:10576800e6ff3a00c08b80006031b400d08b800027
:105778006231b500046ea80000000600c08b8000ee
:10578800808b88007031b400d08b8000908b8800ab
:105798007231b400682002000000000014aea800b6
:1057a800046ea900c00220000c21020000000000c5
:1057b800d58b8000408b80006211e3001c0035000f
:1057c800508b80006211e30019003c000101780051
:1057d800b201ba000100a7000380fd003202ba003e
:1057e8000100a7000480fd00831f7800841f780053
:1057f800c28b8000e82d020000000000c08b8000f2
:105808006031b5006031b5006231ec004f027800bc
:10581800cf017800c28b8000e82d02000000000054
:10582800c08b80006031b5006031b5006231ec009a
:10583800c28b80000201e9004311de000201e8008a
:10584800810041008502e900daff3a00c08b800040
:105858006031b4006031b400d08b80006231b50093
:105868006231b500046ea80000000600c08b8000fd
:105878004200dd00808b8800d08b80004200dd0074
:10588800908b8800682002000000000014aea80079
:10589800046ea900c00220000c21020000000000d4
:1058a800d58b8000408b80006211e3002e0035000c
:1058b800508b80006211e3002b003c00010178004e
:1058c800b201ba000100a7000380fd003202ba004d
:1058d8000100a7000480fd006384880074848800a8
:1058e800c28b8000202e020000000000c08b8000c8
:1058f8004200dd006031b5006231ec006384800055
:1059080074848000c28b8000202e020000000000fa
:10591800c08b80004200dd006031b5006231ec00d0
:105928006384800074848000c28b8000202e020073
:1059380000000000c08b80004200dd006031b5002f
:105948006231ec006384800074848000c28b800024
:10595800202e020000000000c08b80004200dd0005
:105968006031b5006231ec00c28b80000201e900b1
:105978004311de000201e800810041008502e900d0
:10598800c8ff3a00c08b80004200dd006031b400df
:10599800d08b80004200dd006231b500046ea800a3
:1059a80000000600c08b80004300dd00808b88006b
:1059b800d08b80004300dd00908b880068200200b7
:1059c8000000000014aea800046ea900c002200068
:1059d8000c21020000000000d58b8000408b800065
:1059e8006211e30052003500508b80006211e30021
:1059f8004f003c0001017800b201ba000100a70085
:105a08000380fd003202ba000100a7000480fd00f7
:105a18006384880074848800c28b80006c2e020026
:105a280000000000c08b80004300dd006031b5003d
:105a38006231ec006384800074848000c28b800033
:105a48006c2e020000000000c08b80004300dd00c7
:105a58006031b5006231ec0063848000748480009a
:105a6800c28b80006c2e020000000000c08b8000fa
:105a78004300dd006031b5006231ec0063848000d2
:105a880074848000c28b80006c2e0200000000002d
:105a9800c08b80004300dd006031b5006231ec004e
:105aa8006384800074848000c28b80006c2e0200a6
:105ab80000000000c08b80004300dd006031b500ad
:105ac8006231ec006384800074848000c28b8000a3
:105ad8006c2e020000000000c08b80004300dd0037
:105ae8006031b5006231ec0063848000748480000a
:105af800c28b80006c2e020000000000c08b80006a
:105b08004300dd006031b5006231ec006384800041
:105b180074848000c28b80006c2e0200000000009c
:105b2800c08b80004300dd006031b5006231ec00bd
:105b3800c28b80000201e9004311de000201e80087
:105b4800810041008502e900a4ff3a00c08b800073
:105b58004300dd006031b400d08b80004300dd00dd
:105b68006231b500046ea80000000600208b80009a
:105b78006011e30003003d000482d3008381d30059
:105b88000d003700308b80006011e3000300340003
:105b98000482d3008381d300070037000482d30036
:105ba8008381d300f08b80004200ae00a08b800080
:105bb80092210200000000006031ec000201e900bf
:105bc800eaff3a0000000600208b80006011e30025
:105bd80003003d000482d3008381d3001100370005
:105be800308b80006011e300030034000482d3008e
:105bf8008381d3000b0037000482d3008381d30054
:105c0800f08b80004200ae00a08b8000801f7800df
:105c180092210200000000004f007800922102004b
:105c2800000000006031ec006031ec000201e90086
:105c3800e5ff3a0000000600208b80006011e300b9
:105c480003003d000482d3008381d3001b0037008a
:105c5800308b80006011e300030034000482d3001d
:105c68008381d300150037000482d3008381d300d9
:105c7800f08b80004200ae00a08b8000801f78006f
:105c880092210200000000004f007800801f780079
:105c980092210200000000004f007800801f780069
:105ca80092210200000000004f007800801f780059
:105cb80092210200000000004f0078004000200000
:105cc8006031b4000201e900dbff3a000000060081
:105cd800208b80006011e30003003d000482d300a4
:105ce8008381d3002b003700308b80006011e300e4
:105cf800030034000482d3008381d30025003700d9
:105d08000482d3008381d300f08b80004200ae0070
:105d1800a08b8000801f7800922102000000000004
:105d28004f007800801f78009221020000000000d8
:105d38004f007800801f78009221020000000000c8
:105d48004f007800801f78009221020000000000b8
:105d58004f007800801f78009221020000000000a8
:105d68004f007800801f7800922102000000000098
:105d78004f007800801f7800922102000000000088
:105d88004f007800801f7800922102000000000078
:105d98004f007800800020006031b4000201e90063
:105da800cbff3a00000006000000000000000000e1
:105db80000000000000000000000000000000000db
:105dc80000000000000000000000000000000000cb
:105dd80078cc0000cccc0000780000000000000067
:105de80000000000000000000000000000000000ab
:105df800070f00001f3f00007f3f00001f0f00003b
:105e08000700000000000000000000000000000083
:105e1800e0f00000f8fc0000fefc0000f8f00000d4
:105e2800e00000000000000000000000000000008a
:105e380000100000387c0000fe7c000038100000d4
:105e4800000000000000000000000000000000004a
:105e5800183c00003ce70000e7e7000018180000c5
:105e68003c000000000000000000000000000000ee
:105e7800183c00007eff0000ff7e0000181800009c
:105e88003c000000000000000000000000000000ce
:105e980000000000001800003c3c00001800000052
:105ea80000000000000000000000000000000000ea
:105eb80078cc0000cccc0000780000000000000086
:105ec80000000000000000000000000000000000ca
:105ed800000000003c66000042420000663c0000f2
:105ee800000000000000000000ff0000ffff0000ad
:105ef800ffff0000c3990000bdbd000099c300006a
:105f0800ffff0000ffff000000000000000000008d
:105f1800f0e00000b09800003c66000066660000f3
:105f28003c0000000000000000000000000000002d
:105f38003c660000666600003c1800007e18000001
:105f48001800000000000000000000000000000031
:105f5800fccc0000fc0c00000c0c00000e0f000034
:105f68000700000000000000000000000000000022
:105f7800fec60000fec60000c6c60000e6e7000038
:105f8800670300000000000000000000000000009f
:105f980018180000db3c0000e73c0000db1800009c
:105fa80018000000000000000000000000000000d1
:105fb800020600000e3e0000fe3e00000e06000035
:105fc80002000000000000000000000000000000c7
:105fd80080c00000e0f80000fef80000e0c000000b
:105fe8008000000000000000000000000000000029
:105ff800183c00007e180000181800007e3c0000c5
:106008001800000000000000000000000000000070
:10601800cccc0000cccc0000cccc000000cc0000e4
:10602800cc0000000000000000000000000000009c
:10603800fedb0000dbdb0000ded80000d8d8000063
:10604800d80000000000000000000000007c0000f4
:10605800c60c0000386c0000c6c600006c38000092
:1060680060c600007c000000000000000000000086
:10607800000000000000000000000000fefe00001c
:10608800fe0000000000000000000000000000000a
:10609800183c00007e180000181800007e3c000024
:1060a800187e000000000000000000000000000052
:1060b800183c00007e18000018180000181800008e
:1060c80018000000000000000000000000000000b0
:1060d8001818000018180000181800007e3c00006e
:1060e8001800000000000000000000000000000090
:1060f8000000000030600000fe600000300000007a
:106108000000000000000000000000000000000087
:1061180000000000180c0000fe0c00001800000031
:106128000000000000000000000000000000000067
:10613800000000000006000006060000fe00000047
:106148000000000000000000000000000000000047
:106158000000000024660000ff6600002400000024
:106168000000000000000000000000000000000027
:1061780000100000383800007c7c0000fefe0000a3
:106188000000000000000000000000000000000007
:1061980000fe0000fe7c00007c3800003810000083
:1061a80000000000000000000000000000000000e7
:1061b80000000000000000000000000000000000d7
:1061c80000000000000000000000000000000000c7
:1061d800183c00003c3c00001818000000180000a3
:1061e80018000000000000000000000000c60000c9
:1061f800c6c60000440000000000000000000000c7
:106208000000000000000000000000000000000086
:106218006c6c0000fe6c00006c6c0000fe6c0000f2
:106228006c0000000000000000000000303000009a
:106238007cc60000860600007cc00000c2c60000c4
:106248007c3000003000000000000000000000006a
:106258000000000086c600006030000018cc000076
:10626800c600000000000000000000000000000060
:10627800386c00006c380000dc76000066660000b0
:10628800dc0000000000000000000000000c00001e
:106298000c0c0000060000000000000000000000d8
:1062a80000000000000000000000000000000000e6
:1062b800301800000c0c00000c0c00000c1800003a
:1062c8003000000000000000000000000000000096
:1062d800183000006060000060600000603000005e
:1062e800180000000000000000000000000000008e
:1062f80000000000663c0000ff3c00006600000053
:106308000000000000000000000000000000000085
:106318000018000018180000ff18000018180000e6
:106328000000000000000000000000000000000065
:106338000000000000000000000000001818000025
:10634800180c000000000000000000000000000021
:1063580000000000000000007f00000000000000b6
:106368000000000000000000000000000000000025
:1063780000000000000000000000000000180000fd
:1063880018000000000000000000000000000000ed
:1063980080c0000060300000180c000006020000f9
:1063a80000000000000000000000000000000000e5
:1063b8007cc60000e6f60000dece0000c6c600007f
:1063c8007c00000000000000000000000000000049
:1063d800303800003c300000303000003030000021
:1063e800fc000000000000000000000000000000a9
:1063f8007cc60000c0600000301800000cc6000019
:10640800fe00000000000000000000000000000086
:106418007cc60000c0c0000078c00000c0c60000f4
:106428007c000000000000000000000000000000e8
:1064380060700000786c000066fe0000606000007c
:10644800f000000000000000000000000000000054
:10645800fe060000060600007ec00000c0c6000060
:106468007c000000000000000000000000000000a8
:10647800380c0000060600007ec60000c6c60000f4
:106488007c00000000000000000000000000000088
:10649800fec60000c0600000301800001818000098
:1064a80018000000000000000000000000000000cc
:1064b8007cc60000c6c600007cc60000c6c6000038
:1064c8007c00000000000000000000000000000048
:1064d8007cc60000c6c60000fcc00000c06000000a
:1064e8003c00000000000000000000000000000068
:1064f8000018000018000000000000001818000034
:106508000000000000000000000000000000000083
:106518000018000018000000000000001818000013
:106528000c00000000000000000000000000000057
:1065380060300000180c0000060c00001830000045
:1065480060000000000000000000000000000000e3
:1065580000000000007e0000000000007e00000037
:106568000000000000000000000000000000000023
:10657800060c00001830000060300000180c000005
:1065880006000000000000000000000000000000fd
:106598007cc60000c66000003030000000300000fb
:1065a80030000000000000000000000000000000b3
:1065b8007cc60000c6f60000f6f60000760600006d
:1065c8007c00000000000000000000000000000047
:1065d800103800006cc60000c6fe0000c6c60000e9
:1065e800c6000000000000000000000000000000dd
:1065f8007ecc0000cccc00007ccc0000cccc0000d1
:106608007e00000000000000000000000000000004
:1066180078cc0000860600000606000086cc000044
:1066280078000000000000000000000000000000ea
:106638003e6c0000cccc0000cccc0000cc6c000040
:106648003e00000000000000000000000000000004
:10665800fecc00008c2c00003c2c00008ccc0000f0
:10666800fe00000000000000000000000000000024
:10667800fecc00008c2c00003c2c00000c0c000010
:106688001e000000000000000000000000000000e4
:1066980078cc00008606000006f60000c6cc000094
:1066a800b80000000000000000000000000000002a
:1066b800c6c60000c6c60000fec60000c6c600006a
:1066c800c6000000000000000000000000000000fc
:1066d8003c180000181800001818000018180000ce
:1066e8003c00000000000000000000000000000066
:1066f800f0600000606000006060000066660000f6
:106708003c00000000000000000000000000000045
:10671800cecc00006c6c00003c6c00006ccc00001f
:10672800ce00000000000000000000000000000093
:106738001e0c00000c0c00000c0c00008ccc00009f
:10674800fe00000000000000000000000000000043
:10675800c6ee0000fed60000c6c60000c6c6000091
:10676800c60000000000000000000000000000005b
:10677800c6ce0000defe0000f6e60000c6c6000039
:10678800c60000000000000000000000000000003b
:10679800386c0000c6c60000c6c60000c66c000003
:1067a80038000000000000000000000000000000a9
:1067b8007ecc0000cccc00007c0c00000c0c00004f
:1067c8001e000000000000000000000000000000a3
:1067d8007cc60000c6c60000c6d60000f67c0000d5
:1067e80060e0000000000000000000000000000061
:1067f8007ecc0000cccc00007c6c0000cccc00002f
:10680800ce000000000000000000000000000000b2
:106818007cc60000c60c000038600000c6c6000038
:106828007c000000000000000000000000000000e4
:10683800ff99000018180000181800001818000028
:106848003c00000000000000000000000000000004
:10685800c6c60000c6c60000c6c60000c6c6000000
:106868007c000000000000000000000000000000a4
:10687800c6c60000c6c60000c6c600006c380000c8
:1068880010000000000000000000000000000000f0
:10689800c6c60000c6c60000c6d60000feee000050
:1068a800c60000000000000000000000000000001a
:1068b800c6c60000c66c0000386c0000c6c60000e2
:1068c800c6000000000000000000000000000000fa
:1068d800c6c60000c66c0000383800003838000012
:1068e8007c00000000000000000000000000000024
:1068f800fec6000062300000180c000086c60000ca
:10690800fe00000000000000000000000000000081
:106918003c0c00000c0c00000c0c00000c0c0000df
:106928003c00000000000000000000000000000023
:10693800020600000e1c000038700000e0c00000d5
:1069480080000000000000000000000000000000bf
:106958003c300000303000003030000030300000a3
:106968003c0000000000000000000000103800009b
:106978006cc60000000000000000000000000000dd
:1069880000000000000000000000000000000000ff
:1069980000000000000000000000000000000000ef
:1069a80000000000ff0000000000000018180000b0
:1069b800300000000000000000000000000000009f
:1069c80000000000000000000000000000000000bf
:1069d80000000000003c0000607c000066660000cb
:1069e800dc000000000000000000000000000000c3
:1069f8000e0c00000c3c00006ccc0000cccc00005d
:106a08007600000000000000000000000000000008
:106a180000000000007c0000c606000006c600005a
:106a28007c000000000000000000000000000000e2
:106a380070600000607800006c6600006666000008
:106a4800dc00000000000000000000000000000062
:106a580000000000007c0000c6fe000006c6000022
:106a68007c000000000000000000000000000000a2
:106a7800386c00004c0c00003e0c00000c0c0000b0
:106a88001e000000000000000000000000000000e0
:106a98000000000000dc000066660000667c000064
:106aa800606600003c0000000000000000000000dc
:106ab8000e0c00000c6c0000dccc0000cccc0000fc
:106ac800ce000000000000000000000000000000f0
:106ad8003030000000380000303000003030000056
:106ae8007800000000000000000000000000000026
:106af80060600000007000006060000060600000de
:106b0800666600003c000000000000000000000075
:106b18000e0c00000ccc00006c3c00006ccc00009b
:106b2800ce0000000000000000000000000000008f
:106b380038300000303000003030000030300000c5
:106b480078000000000000000000000000000000c5
:106b58000000000000440000fed60000d6d6000069
:106b6800d600000000000000000000000000000047
:106b78000000000000760000cccc0000cccc000067
:106b8800cc00000000000000000000000000000031
:106b980000000000007c0000c6c60000c6c6000059
:106ba8007c00000000000000000000000000000061
:106bb8000000000000760000cccc0000cc7c000077
:106bc8000c0c00001e000000000000000000000087
:106bd8000000000000dc000066660000667c000023
:106be80060600000f00000000000000000000000ed
:106bf8000000000000760000dccc00000c0c000057
:106c08001e0000000000000000000000000000005e
:106c180000000000007c0000c61c000070c60000d8
:106c28007c000000000000000000000000000000e0
:106c380010180000187e00001818000018d800006e
:106c480070000000000000000000000000000000cc
:106c5800000000000066000066660000666600002e
:106c6800dc00000000000000000000000000000040
:106c78000000000000c60000c6c600006c38000016
:106c880010000000000000000000000000000000ec
:106c98000000000000c60000c6c60000d6fe0000c6
:106ca8006c00000000000000000000000000000070
:106cb8000000000000c600006c380000386c0000be
:106cc800c6000000000000000000000000000000f6
:106cd8000000000000c60000c6c60000c6fc000098
:106ce800c06000003c000000000000000000000040
:106cf8000000000000fe00006630000018cc000014
:106d0800fe0000000000000000000000000000007d
:106d180070180000181800000e180000181800005d
:106d280070000000000000000000000000000000eb
:106d380018180000181800000018000018180000a3
:106d48001800000000000000000000000000000023
:106d58000e1800001818000070180000181800001d
:106d68000e0000000000000000000000000000000d
:106d7800dc760000000000000000000000000000b9
:106d88000000000000000000f0120000ffff0000fb
:106d980000000000ff000000f21200000f000000d9
:106da8000000000064000000000000000000000077
:106db80000000000000000000000000000000000cb
:106dc80000000000000000000000000000000000bb
:106dd80000000000000000000000000000000000ab
:106de800000000000000000000000000000000009b
:106df800000000000000000000000000000000008b
:106e0800000000000000000000000000000000007a
:106e1800000000000000000000000000000000006a
:106e2800000000000000000000000000000000005a
:106e3800000000000000000000000000000000004a
:106e4800000000000000000000000000000000003a
:106e5800000000000000000000000000000000002a
:106e6800000000000000000000000000000000001a
:106e7800000000000000000000000000000000000a
:106e880000000000000000000000000000000000fa
:106e980000000000000000000000000000000000ea
:106ea80000000000000000000000000000000000da
:106eb80000000000000000000000000000000000ca
:106ec80000000000000000000000000000000000ba
:106ed80000000000000000000000000000000000aa
:106ee800000000000000000000000000000000009a
:106ef800000000000000000000000000000000008a
:106f08000000000000000000000000000000000079
:106f18000000000000000000000000000000000069
:106f28000000000000000000000000000000000059
:106f38000000000000000000000000000000000049
:106f48000000000000000000000000000000000039
:106f58000000000000000000000000000000000029
:106f68000000000000000000000000000000000019
:106f78000000000000000000000000000000000009
:106f880000000000000000000000000000000000f9
:106f980000000000000000000000000000000000e9
:106fa80000000000000000000000000000000000d9
:106fb80000000000000000000000000000000000c9
:106fc80000000000000000000000000000000000b9
:106fd80000000000000000000000000000000000a9
:106fe8000000000000000000000000000000000099
:106ff8000000000000000000000000000000000089
:107008000000000000000000000000000000000078
:107018000000000000000000000000000000000068
:107028000000000000000000000000000000000058
:107038000000000000000000000000000000000048
:107048000000000000000000000000000000000038
:107058000000000000000000000000000000000028
:107068000000000000000000000000000000000018
:107078000000000000000000000000000000000008
:1070880000000000000000000000000000000000f8
:1070980000000000000000000000000000000000e8
:1070a80000000000000000000000000000000000d8
:1070b80000000000000000000000000000000000c8
:1070c80000000000000000000000000000000000b8
:1070d80000000000000000000000000000000000a8
:1070e8000000000000000000000000000000000098
:1070f8000000000000000000000000000000000088
:107108000000000000000000000000000000000077
:107118000000000000000000000000000000000067
:107128000000000000000000000000000000000057
:107138000000000000000000000000000000000047
:107148000000000000000000000000000000000037
:107158000000000000000000000000000000000027
:107168000000000000000000000000000000000017
:107178000000000000000000000000000000000007
:1071880000000000000000000000000000000000f7
:1071980000000000000000000000000000000000e7
:1071a80000000000000000000000000000000000d7
:1071b80000000000000000000000000000000000c7
:1071c80000000000000000000000000000000000b7
:1071d80000000000000000000000000000000000a7
:1071e8000000000000000000000000000000000097
:1071f8000000000000000000000000000000000087
:107208000000000000000000000000000000000076
:107218000000000000000000000000000000000066
:107228000000000000000000000000000000000056
:107238000000000000000000000000000000000046
:107248000000000000000000000000000000000036
:107258000000000000000000000000000000000026
:107268000000000000000000000000000000000016
:107278000000000000000000000000000000000006
:1072880000000000000000000000000000000000f6
:1072980000000000000000000000000000000000e6
:1072a80000000000000000000000000000000000d6
:1072b80000000000000000000000000000000000c6
:1072c80000000000000000000000000000000000b6
:1072d80000000000000000000000000000000000a6
:1072e8000000000000000000000000000000000096
:1072f8000000000000000000000000000000000086
:107308000000000000000000000000000000000075
:107318000000000000000000000000000000000065
:107328000000000000000000000000000000000055
:107338000000000000000000000000000000000045
:107348000000000000000000000000000000000035
:107358000000000000000000000000000000000025
:107368000000000000000000000000000000000015
:107378000000000000000000000000000000000005
:1073880000000000000000000000000000000000f5
:1073980000000000000000000000000000000000e5
:1073a80000000000000000000000000000000000d5
:1073b80000000000000000000000000000000000c5
:1073c80000000000000000000000000000000000b5
:1073d80000000000000000000000000000000000a5
:1073e8000000000000000000000000000000000095
:1073f8000000000000000000000000000000000085
:107408000000000000000000000000000000000074
:107418000000000000000000000000000000000064
:107428000000000000000000000000000000000054
:107438000000000000000000000000000000000044
:107448000000000000000000000000000000000034
:107458000000000000000000000000000000000024
:107468000000000000000000000000000000000014
:107478000000000000000000000000000000000004
:1074880000000000000000000000000000000000f4
:1074980000000000000000000000000000000000e4
:1074a80000000000000000000000000000000000d4
:1074b80000000000000000000000000000000000c4
:1074c80000000000000000000000000000000000b4
:1074d80000000000000000000000000000000000a4
:1074e8000000000000000000000000000000000094
:1074f8000000000000000000000000000000000084
:107508000000000000000000000000000000000073
:107518000000000000000000000000000000000063
:107528000000000000000000000000000000000053
:107538000000000000000000000000000000000043
:107548000000000000000000000000000000000033
:107558000000000000000000000000000000000023
:107568000000000000000000000000000000000013
:107578000000000000000000000000000000000003
:1075880000000000000000000000000000000000f3
:1075980000000000000000000000000000000000e3
:1075a80000000000000000000000000000000000d3
:1075b80000000000000000000000000000000000c3
:1075c80000000000000000000000000000000000b3
:1075d80000000000000000000000000000000000a3
:1075e8000000000000000000000000000000000093
:1075f8000000000000000000000000000000000083
:107608000000000000000000000000000000000072
:107618000000000000000000000000000000000062
:107628000000000000000000000000000000000052
:107638000000000000000000000000000000000042
:107648000000000000000000000000000000000032
:107658000000000000000000000000000000000022
:107668000000000000000000000000000000000012
:107678000000000000000000000000000000000002
:1076880000000000000000000000000000000000f2
:1076980000000000000000000000000000000000e2
:1076a80000000000000000000000000000000000d2
:1076b80000000000000000000000000000000000c2
:1076c80000000000000000000000000000000000b2
:1076d80000000000000000000000000000000000a2
:1076e8000000000000000000000000000000000092
:1076f8000000000000000000000000000000000082
:107708000000000000000000000000000000000071
:107718000000000000000000000000000000000061
:107728000000000000000000000000000000000051
:107738000000000000000000000000000000000041
:107748000000000000000000000000000000000031
:107758000000000000000000000000000000000021
:107768000000000000000000000000000000000011
:107778000000000000000000000000000000000001
:1077880000000000000000000000000000000000f1
:1077980000000000000000000000000000000000e1
:1077a80000000000000000000000000000000000d1
:1077b80000000000000000000000000000000000c1
:1077c80000000000000000000000000000000000b1
:1077d80000000000000000000000000000000000a1
:1077e8000000000000000000000000000000000091
:1077f8000000000000000000000000000000000081
:107808000000000000000000000000000000000070
:107818000000000000000000000000000000000060
:107828000000000000000000000000000000000050
:107838000000000000000000000000000000000040
:107848000000000000000000000000000000000030
:107858000000000000000000000000000000000020
:107868000000000000000000000000000000000010
:107878000000000000000000000000000000000000
:1078880000000000000000000000000000000000f0
:1078980000000000000000000000000000000000e0
:1078a80000000000000000000000000000000000d0
:1078b80000000000000000000000000000000000c0
:1078c80000000000000000000000000000000000b0
:1078d80000000000000000000000000000000000a0
:1078e8000000000000000000000000000000000090
:1078f8000000000000000000000000000000000080
:10790800000000000000000000000000000000006f
:10791800000000000000000000000000000000005f
:10792800000000000000000000000000000000004f
:10793800000000000000000000000000000000003f
:10794800000000000000000000000000000000002f
:10795800000000000000000000000000000000001f
:10796800000000000000000000000000000000000f
:1079780000000000000000000000000000000000ff
:1079880000000000000000000000000000000000ef
:1079980000000000000000000000000000000000df
:1079a80000000000000000000000000000000000cf
:1079b80000000000000000000000000000000000bf
:1079c80000000000000000000000000000000000af
:1079d800000000000000000000000000000000009f
:1079e800000000000000000000000000000000008f
:1079f800000000000000000000000000000000007f
:107a0800000000000000000000000000000000006e
:107a1800000000000000000000000000000000005e
:107a2800000000000000000000000000000000004e
:107a3800000000000000000000000000000000003e
:107a4800000000000000000000000000000000002e
:107a5800000000000000000000000000000000001e
:107a6800000000000000000000000000000000000e
:107a780000000000000000000000000000000000fe
:107a880000000000000000000000000000000000ee
:107a980000000000000000000000000000000000de
:107aa80000000000000000000000000000000000ce
:107ab80000000000000000000000000000000000be
:107ac80000000000000000000000000000000000ae
:107ad800000000000000000000000000000000009e
:107ae800000000000000000000000000000000008e
:107af800000000000000000000000000000000007e
:107b0800000000000000000000000000000000006d
:107b1800000000000000000000000000000000005d
:107b2800000000000000000000000000000000004d
:107b3800000000000000000000000000000000003d
:107b4800000000000000000000000000000000002d
:107b5800000000000000000000000000000000001d
:107b6800000000000000000000000000000000000d
:107b780000000000000000000000000000000000fd
:107b880000000000000000000000000000000000ed
:107b980000000000000000000000000000000000dd
:107ba80000000000000000000000000000000000cd
:107bb80000000000000000000000000000000000bd
:107bc80000000000000000000000000000000000ad
:107bd800000000000000000000000000000000009d
:107be800000000000000000000000000000000008d
:107bf800000000000000000000000000000000007d
:107c0800000000000000000000000000000000006c
:107c1800000000000000000000000000000000005c
:107c2800000000000000000000000000000000004c
:107c3800000000000000000000000000000000003c
:107c4800000000000000000000000000000000002c
:107c5800000000000000000000000000000000001c
:107c6800000000000000000000000000000000000c
:107c780000000000000000000000000000000000fc
:107c880000000000000000000000000000000000ec
:107c980000000000000000000000000000000000dc
:107ca80000000000000000000000000000000000cc
:107cb80000000000000000000000000000000000bc
:107cc80000000000000000000000000000000000ac
:107cd800000000000000000000000000000000009c
:107ce800000000000000000000000000000000008c
:107cf800000000000000000000000000000000007c
:107d0800000000000000000000000000000000006b
:107d1800000000000000000000000000000000005b
:107d2800000000000000000000000000000000004b
:107d3800000000000000000000000000000000003b
:107d4800000000000000000000000000000000002b
:107d5800000000000000000000000000000000001b
:107d6800000000000000000000000000000000000b
:107d780000000000000000000000000000000000fb
:107d880000000000000000000000000000000000eb
:107d980000000000000000000000000000000000db
:107da80000000000000000000000000000000000cb
:107db80000000000000000000000000000000000bb
:107dc80000000000000000000000000000000000ab
:107dd800000000000000000000000000000000009b
:107de800000000000000000000000000000000008b
:107df800000000000000000000000000000000007b
:107e0800000000000000000000000000000000006a
:107e1800000000000000000000000000000000005a
:107e2800000000000000000000000000000000004a
:107e3800000000000000000000000000000000003a
:107e4800000000000000000000000000000000002a
:107e5800000000000000000000000000000000001a
:107e6800000000000000000000000000000000000a
:107e780000000000000000000000000000000000fa
:107e880000000000000000000000000000000000ea
:107e980000000000000000000000000000000000da
:107ea80000000000000000000000000000000000ca
:107eb80000000000000000000000000000000000ba
:107ec80000000000000000000000000000000000aa
:107ed800000000000000000000000000000000009a
:107ee800000000000000000000000000000000008a
:107ef800000000000000000000000000000000007a
:107f08000000000000000000000000000000000069
:107f18000000000000000000000000000000000059
:107f28000000000000000000000000000000000049
:107f38000000000000000000000000000000000039
:107f48000000000000000000000000000000000029
:107f58000000000000000000000000000000000019
:107f68000000000000000000000000000000000009
:107f780000000000000000000000000000000000f9
:107f880000000000000000000000000000000000e9
:107f980000000000000000000000000000000000d9
:107fa80000000000000000000000000000000000c9
:107fb80000000000000000000000000000000000b9
:107fc80000000000000000000000000000000000a9
:107fd8000000000000000000000000000000000099
:107fe8000000000000000000000000000000000089
:107ff8000000000000000000000000000000000079
:108008000000000000000000000000000000000068
:108018000000000000000000000000000000000058
:108028000000000000000000000000000000000048
:108038000000000000000000000000000000000038
:108048000000000000000000000000000000000028
:108058000000000000000000000000000000000018
:108068000000000000000000000000000000000008
:1080780000000000000000000000000000000000f8
:1080880000000000000000000000000000000000e8
:1080980000000000000000000000000000000000d8
:1080a80000000000000000000000000000000000c8
:1080b80000000000000000000000000000000000b8
:1080c80000000000000000000000000000000000a8
:1080d8000000000000000000000000000000000098
:1080e8000000000000000000000000000000000088
:1080f8000000000000000000000000000000000078
:108108000000000000000000000000000000000067
:108118000000000000000000000000000000000057
:108128000000000000000000000000000000000047
:108138000000000000000000000000000000000037
:108148000000000000000000000000000000000027
:108158000000000000000000000000000000000017
:108168000000000000000000000000000000000007
:1081780000000000000000000000000000000000f7
:1081880000000000000000000000000000000000e7
:1081980000000000000000000000000000000000d7
:1081a80000000000000000000000000000000000c7
:1081b80000000000000000000000000000000000b7
:1081c80000000000000000000000000000000000a7
:1081d8000000000000000000000000000000000097
:1081e8000000000000000000000000000000000087
:1081f8000000000000000000000000000000000077
:108208000000000000000000000000000000000066
:108218000000000000000000000000000000000056
:108228000000000000000000000000000000000046
:108238000000000000000000000000000000000036
:108248000000000000000000000000000000000026
:108258000000000000000000000000000000000016
:108268000000000000000000000000000000000006
:1082780000000000000000000000000000000000f6
:1082880000000000000000000000000000000000e6
:1082980000000000000000000000000000000000d6
:1082a80000000000000000000000000000000000c6
:1082b80000000000000000000000000000000000b6
:1082c80000000000000000000000000000000000a6
:1082d8000000000000000000000000000000000096
:1082e8000000000000000000000000000000000086
:1082f8000000000000000000000000000000000076
:108308000000000000000000000000000000000065
:108318000000000000000000000000000000000055
:108328000000000000000000000000000000000045
:108338000000000000000000000000000000000035
:108348000000000000000000000000000000000025
:108358000000000000000000000000000000000015
:108368000000000000000000000000000000000005
:1083780000000000000000000000000000000000f5
:1083880000000000000000000000000000000000e5
:1083980000000000000000000000000000000000d5
:1083a80000000000000000000000000000000000c5
:1083b80000000000000000000000000000000000b5
:1083c80000000000000000000000000000000000a5
:1083d8000000000000000000000000000000000095
:1083e8000000000000000000000000000000000085
:1083f8000000000000000000000000000000000075
:108408000000000000000000000000000000000064
:108418000000000000000000000000000000000054
:108428000000000000000000000000000000000044
:108438000000000000000000000000000000000034
:108448000000000000000000000000000000000024
:108458000000000000000000000000000000000014
:108468000000000000000000000000000000000004
:1084780000000000000000000000000000000000f4
:1084880000000000000000000000000000000000e4
:1084980000000000000000000000000000000000d4
:1084a80000000000000000000000000000000000c4
:1084b80000000000000000000000000000000000b4
:1084c80000000000000000000000000000000000a4
:1084d8000000000000000000000000000000000094
:1084e8000000000000000000000000000000000084
:1084f8000000000000000000000000000000000074
:108508000000000000000000000000000000000063
:108518000000000000000000000000000000000053
:108528000000000000000000000000000000000043
:108538000000000000000000000000000000000033
:108548000000000000000000000000000000000023
:108558000000000000000000000000000000000013
:108568000000000000000000000000000000000003
:1085780000000000000000000000000000000000f3
:1085880000000000000000000000000000000000e3
:1085980000000000000000000000000000000000d3
:1085a80000000000000000000000000000000000c3
:1085b80000000000000000000000000000000000b3
:1085c80000000000000000000000000000000000a3
:1085d8000000000000000000000000000000000093
:1085e8000000000000000000000000000000000083
:1085f8000000000000000000000000000000000073
:108608000000000000000000000000000000000062
:108618000000000000000000000000000000000052
:108628000000000000000000000000000000000042
:108638000000000000000000000000000000000032
:108648000000000000000000000000000000000022
:108658000000000000000000000000000000000012
:108668000000000000000000000000000000000002
:1086780000000000000000000000000000000000f2
:1086880000000000000000000000000000000000e2
:1086980000000000000000000000000000000000d2
:1086a80000000000000000000000000000000000c2
:1086b80000000000000000000000000000000000b2
:1086c80000000000000000000000000000000000a2
:1086d8000000000000000000000000000000000092
:1086e8000000000000000000000000000000000082
:1086f8000000000000000000000000000000000072
:108708000000000000000000000000000000000061
:108718000000000000000000000000000000000051
:108728000000000000000000000000000000000041
:108738000000000000000000000000000000000031
:108748000000000000000000000000000000000021
:108758000000000000000000000000000000000011
:108768000000000000000000000000000000000001
:1087780000000000000000000000000000000000f1
:1087880000000000000000000000000000000000e1
:1087980000000000000000000000000000000000d1
:1087a80000000000000000000000000000000000c1
:1087b80000000000000000000000000000000000b1
:1087c80000000000000000000000000000000000a1
:1087d8000000000000000000000000000000000091
:1087e8000000000000000000000000000000000081
:1087f8000000000000000000000000000000000071
:108808000000000000000000000000000000000060
:108818000000000000000000000000000000000050
:108828000000000000000000000000000000000040
:108838000000000000000000000000000000000030
:108848000000000000000000000000000000000020
:108858000000000000000000000000000000000010
:108868000000000000000000000000000000000000
:1088780000000000000000000000000000000000f0
:1088880000000000000000000000000000000000e0
:1088980000000000000000000000000000000000d0
:1088a80000000000000000000000000000000000c0
:1088b80000000000000000000000000000000000b0
:1088c80000000000000000000000000000000000a0
:1088d8000000000000000000000000000000000090
:1088e8000000000000000000000000000000000080
:1088f8000000000000000000000000000000000070
:10890800000000000000000000000000000000005f
:10891800000000000000000000000000000000004f
:10892800000000000000000000000000000000003f
:10893800000000000000000000000000000000002f
:10894800000000000000000000000000000000001f
:10895800000000000000000000000000000000000f
:1089680000000000000000000000000000000000ff
:1089780000000000000000000000000000000000ef
:1089880000000000000000000000000000000000df
:1089980000000000000000000000000000000000cf
:1089a80000000000000000000000000000000000bf
:1089b80000000000000000000000000000000000af
:1089c800000000000000000000000000000000009f
:1089d800000000000000000000000000000000008f
:1089e800000000000000000000000000000000007f
:1089f800000000000000000000000000000000006f
:108a0800000000000000000000000000000000005e
:108a1800000000000000000000000000000000004e
:108a2800000000000000000000000000000000003e
:108a3800000000000000000000000000000000002e
:108a4800000000000000000000000000000000001e
:108a5800000000000000000000000000000000000e
:108a680000000000000000000000000000000000fe
:108a780000000000000000000000000000000000ee
:108a880000000000000000000000000000000000de
:108a980000000000000000000000000000000000ce
:108aa80000000000000000000000000000000000be
:108ab80000000000000000000000000000000000ae
:108ac800000000000000000000000000000000009e
:108ad800000000000000000000000000000000008e
:108ae800000000000000000000000000000000007e
:108af800000000000000000000000000000000006e
:108b0800000000000000000000000000000000005d
:108b1800000000000000000000000000000000004d
:108b2800000000000000000000000000000000003d
:108b3800000000000000000000000000000000002d
:108b4800000000000000000000000000000000001d
:108b5800000000000000000000000000000000000d
:108b680000000000000000000000000000000000fd
:108b780000000000000000000000000000000000ed
:108b880000000000000000000000000000000000dd
:108b980000000000000000000000000000000000cd
:108ba80000000000000000000000000000000000bd
:108bb80000000000000000000000000000000000ad
:108bc800000000000000000000000000000000009d
:108bd800000000000000000000000000000000008d
:108be800000000000000000000000000000000007d
:108bf800000000000000000000000000000000006d
:108c0800000000000000000000000000000000005c
:108c1800000000000000000000000000000000004c
:108c2800000000000000000000000000000000003c
:108c3800000000000000000000000000000000002c
:108c4800000000000000000000000000000000001c
:108c5800000000000000000000000000000000000c
:108c680000000000000000000000000000000000fc
:108c780000000000000000000000000000000000ec
:108c880000000000000000000000000000000000dc
:108c980000000000000000000000000000000000cc
:108ca80000000000000000000000000000000000bc
:108cb80000000000000000000000000000000000ac
:108cc800000000000000000000000000000000009c
:108cd800000000000000000000000000000000008c
:108ce800000000000000000000000000000000007c
:108cf800000000000000000000000000000000006c
:108d0800000000000000000000000000000000005b
:108d1800000000000000000000000000000000004b
:108d2800000000000000000000000000000000003b
:108d3800000000000000000000000000000000002b
:108d4800000000000000000000000000000000001b
:108d5800000000000000000000000000000000000b
:108d680000000000000000000000000000000000fb
:108d780000000000000000000000000000000000eb
:108d880000000000000000000000000000000000db
:108d980000000000000000000000000000000000cb
:108da80000000000000000000000000000000000bb
:108db80000000000000000000000000000000000ab
:108dc800000000000000000000000000000000009b
:108dd800000000000000000000000000000000008b
:108de800000000000000000000000000000000007b
:108df800000000000000000000000000000000006b
:108e0800000000000000000000000000000000005a
:108e1800000000000000000000000000000000004a
:108e2800000000000000000000000000000000003a
:108e3800000000000000000000000000000000002a
:108e4800000000000000000000000000000000001a
:108e5800000000000000000000000000000000000a
:108e680000000000000000000000000000000000fa
:108e780000000000000000000000000000000000ea
:108e880000000000000000000000000000000000da
:108e980000000000000000000000000000000000ca
:108ea80000000000000000000000000000000000ba
:108eb80000000000000000000000000000000000aa
:108ec800000000000000000000000000000000009a
:108ed800000000000000000000000000000000008a
:108ee800000000000000000000000000000000007a
:108ef800000000000000000000000000000000006a
:108f08000000000000000000000000000000000059
:108f18000000000000000000000000000000000049
:108f28000000000000000000000000000000000039
:108f38000000000000000000000000000000000029
:108f48000000000000000000000000000000000019
:108f58000000000000000000000000000000000009
:108f680000000000000000000000000000000000f9
:108f780000000000000000000000000000000000e9
:108f880000000000000000000000000000000000d9
:108f980000000000000000000000000000000000c9
:108fa80000000000000000000000000000000000b9
:108fb80000000000000000000000000000000000a9
:108fc8000000000000000000000000000000000099
:108fd8000000000000000000000000000000000089
:108fe8000000000000000000000000000000000079
:108ff8000000000000000000000000000000000069
:109008000000000000000000000000000000000058
:109018000000000000000000000000000000000048
:109028000000000000000000000000000000000038
:109038000000000000000000000000000000000028
:109048000000000000000000000000000000000018
:109058000000000000000000000000000000000008
:1090680000000000000000000000000000000000f8
:1090780000000000000000000000000000000000e8
:1090880000000000000000000000000000000000d8
:1090980000000000000000000000000000000000c8
:1090a80000000000000000000000000000000000b8
:1090b80000000000000000000000000000000000a8
:1090c8000000000000000000000000000000000098
:1090d8000000000000000000000000000000000088
:1090e8000000000000000000000000000000000078
:1090f8000000000000000000000000000000000068
:109108000000000000000000000000000000000057
:109118000000000000000000000000000000000047
:109128000000000000000000000000000000000037
:109138000000000000000000000000000000000027
:109148000000000000000000000000000000000017
:109158000000000000000000000000000000000007
:1091680000000000000000000000000000000000f7
:1091780000000000000000000000000000000000e7
:1091880000000000000000000000000000000000d7
:1091980000000000000000000000000000000000c7
:1091a80000000000000000000000000000000000b7
:1091b80000000000000000000000000000000000a7
:1091c8000000000000000000000000000000000097
:1091d8000000000000000000000000000000000087
:1091e8000000000000000000000000000000000077
:1091f8000000000000000000000000000000000067
:109208000000000000000000000000000000000056
:109218000000000000000000000000000000000046
:109228000000000000000000000000000000000036
:109238000000000000000000000000000000000026
:109248000000000000000000000000000000000016
:109258000000000000000000000000000000000006
:1092680000000000000000000000000000000000f6
:1092780000000000000000000000000000000000e6
:1092880000000000000000000000000000000000d6
:1092980000000000000000000000000000000000c6
:1092a80000000000000000000000000000000000b6
:1092b80000000000000000000000000000000000a6
:1092c8000000000000000000000000000000000096
:1092d8000000000000000000000000000000000086
:1092e8000000000000000000000000000000000076
:1092f8000000000000000000000000000000000066
:109308000000000000000000000000000000000055
:109318000000000000000000000000000000000045
:109328000000000000000000000000000000000035
:109338000000000000000000000000000000000025
:109348000000000000000000000000000000000015
:109358000000000000000000000000000000000005
:1093680000000000000000000000000000000000f5
:1093780000000000000000000000000000000000e5
:1093880000000000000000000000000000000000d5
:1093980000000000000000000000000000000000c5
:1093a80000000000000000000000000000000000b5
:1093b80000000000000000000000000000000000a5
:1093c8000000000000000000000000000000000095
:1093d8000000000000000000000000000000000085
:1093e8000000000000000000000000000000000075
:1093f8000000000000000000000000000000000065
:109408000000000000000000000000000000000054
:109418000000000000000000000000000000000044
:109428000000000000000000000000000000000034
:109438000000000000000000000000000000000024
:109448000000000000000000000000000000000014
:109458000000000000000000000000000000000004
:1094680000000000000000000000000000000000f4
:1094780000000000000000000000000000000000e4
:1094880000000000000000000000000000000000d4
:1094980000000000000000000000000000000000c4
:1094a80000000000000000000000000000000000b4
:1094b80000000000000000000000000000000000a4
:1094c8000000000000000000000000000000000094
:1094d8000000000000000000000000000000000084
:1094e8000000000000000000000000000000000074
:1094f8000000000000000000000000000000000064
:109508000000000000000000000000000000000053
:109518000000000000000000000000000000000043
:109528000000000000000000000000000000000033
:109538000000000000000000000000000000000023
:109548000000000000000000000000000000000013
:109558000000000000000000000000000000000003
:1095680000000000000000000000000000000000f3
:1095780000000000000000000000000000000000e3
:1095880000000000000000000000000000000000d3
:1095980000000000000000000000000000000000c3
:1095a80000000000000000000000000000000000b3
:1095b80000000000000000000000000000000000a3
:1095c8000000000000000000000000000000000093
:1095d8000000000000000000000000000000000083
:1095e8000000000000000000000000000000000073
:1095f8000000000000000000000000000000000063
:109608000000000000000000000000000000000052
:109618000000000000000000000000000000000042
:109628000000000000000000000000000000000032
:109638000000000000000000000000000000000022
:109648000000000000000000000000000000000012
:109658000000000000000000000000000000000002
:1096680000000000000000000000000000000000f2
:1096780000000000000000000000000000000000e2
:1096880000000000000000000000000000000000d2
:1096980000000000000000000000000000000000c2
:1096a80000000000000000000000000000000000b2
:1096b80000000000000000000000000000000000a2
:1096c8000000000000000000000000000000000092
:1096d8000000000000000000000000000000000082
:1096e8000000000000000000000000000000000072
:1096f8000000000000000000000000000000000062
:109708000000000000000000000000000000000051
:109718000000000000000000000000000000000041
:109728000000000000000000000000000000000031
:109738000000000000000000000000000000000021
:109748000000000000000000000000000000000011
:109758000000000000000000000000000000000001
:1097680000000000000000000000000000000000f1
:1097780000000000000000000000000000000000e1
:1097880000000000000000000000000000000000d1
:1097980000000000000000000000000000000000c1
:1097a80000000000000000000000000000000000b1
:1097b80000000000000000000000000000000000a1
:1097c8000000000000000000000000000000000091
:1097d8000000000000000000000000000000000081
:1097e8000000000000000000000000000000000071
:1097f8000000000000000000000000000000000061
:109808000000000000000000000000000000000050
:109818000000000000000000000000000000000040
:109828000000000000000000000000000000000030
:109838000000000000000000000000000000000020
:109848000000000000000000000000000000000010
:109858000000000000000000000000000000000000
:1098680000000000000000000000000000000000f0
:1098780000000000000000000000000000000000e0
:1098880000000000000000000000000000000000d0
:1098980000000000000000000000000000000000c0
:1098a80000000000000000000000000000000000b0
:1098b80000000000000000000000000000000000a0
:1098c8000000000000000000000000000000000090
:1098d8000000000000000000000000000000000080
:1098e8000000000000000000000000000000000070
:1098f8000000000000000000000000000000000060
:10990800000000000000000000000000000000004f
:10991800000000000000000000000000000000003f
:10992800000000000000000000000000000000002f
:10993800000000000000000000000000000000001f
:10994800000000000000000000000000000000000f
:1099580000000000000000000000000000000000ff
:1099680000000000000000000000000000000000ef
:1099780000000000000000000000000000000000df
:1099880000000000000000000000000000000000cf
:1099980000000000000000000000000000000000bf
:1099a80000000000000000000000000000000000af
:1099b800000000000000000000000000000000009f
:1099c800000000000000000000000000000000008f
:1099d800000000000000000000000000000000007f
:1099e800000000000000000000000000000000006f
:1099f800000000000000000000000000000000005f
:109a0800000000000000000000000000000000004e
:109a1800000000000000000000000000000000003e
:109a2800000000000000000000000000000000002e
:109a3800000000000000000000000000000000001e
:109a4800000000000000000000000000000000000e
:109a580000000000000000000000000000000000fe
:109a680000000000000000000000000000000000ee
:109a780000000000000000000000000000000000de
:109a880000000000000000000000000000000000ce
:109a980000000000000000000000000000000000be
:109aa80000000000000000000000000000000000ae
:109ab800000000000000000000000000000000009e
:109ac800000000000000000000000000000000008e
:109ad800000000000000000000000000000000007e
:109ae800000000000000000000000000000000006e
:109af800000000000000000000000000000000005e
:109b0800000000000000000000000000000000004d
:109b1800000000000000000000000000000000003d
:109b2800000000000000000000000000000000002d
:109b3800000000000000000000000000000000001d
:109b4800000000000000000000000000000000000d
:109b580000000000000000000000000000000000fd
:109b680000000000000000000000000000000000ed
:109b780000000000000000000000000000000000dd
:109b880000000000000000000000000000000000cd
:109b980000000000000000000000000000000000bd
:109ba80000000000000000000000000000000000ad
:109bb800000000000000000000000000000000009d
:109bc800000000000000000000000000000000008d
:109bd800000000000000000000000000000000007d
:109be800000000000000000000000000000000006d
:109bf800000000000000000000000000000000005d
:109c0800000000000000000000000000000000004c
:109c1800000000000000000000000000000000003c
:109c2800000000000000000000000000000000002c
:109c3800000000000000000000000000000000001c
:109c4800000000000000000000000000000000000c
:109c580000000000000000000000000000000000fc
:109c680000000000000000000000000000000000ec
:109c780000000000000000000000000000000000dc
:109c880000000000000000000000000000000000cc
:109c980000000000000000000000000000000000bc
:109ca80000000000000000000000000000000000ac
:109cb800000000000000000000000000000000009c
:109cc800000000000000000000000000000000008c
:109cd800000000000000000000000000000000007c
:109ce800000000000000000000000000000000006c
:109cf800000000000000000000000000000000005c
:109d0800000000000000000000000000000000004b
:109d1800000000000000000000000000000000003b
:109d2800000000000000000000000000000000002b
:109d3800000000000000000000000000000000001b
:109d4800000000000000000000000000000000000b
:109d580000000000000000000000000000000000fb
:109d680000000000000000000000000000000000eb
:109d780000000000000000000000000000000000db
:109d880000000000000000000000000000000000cb
:109d980000000000000000000000000000000000bb
:109da80000000000000000000000000000000000ab
:109db800000000000000000000000000000000009b
:109dc800000000000000000000000000000000008b
:109dd800000000000000000000000000000000007b
:109de800000000000000000000000000000000006b
:109df800000000000000000000000000000000005b
:109e0800000000000000000000000000000000004a
:109e1800000000000000000000000000000000003a
:109e2800000000000000000000000000000000002a
:109e3800000000000000000000000000000000001a
:109e4800000000000000000000000000000000000a
:109e580000000000000000000000000000000000fa
:109e680000000000000000000000000000000000ea
:109e780000000000000000000000000000000000da
:109e880000000000000000000000000000000000ca
:109e980000000000000000000000000000000000ba
:109ea80000000000000000000000000000000000aa
:109eb800000000000000000000000000000000009a
:109ec800000000000000000000000000000000008a
:109ed800000000000000000000000000000000007a
:109ee800000000000000000000000000000000006a
:109ef800000000000000000000000000000000005a
:109f08000000000000000000000000000000000049
:109f18000000000000000000000000000000000039
:109f28000000000000000000000000000000000029
:109f38000000000000000000000000000000000019
:109f48000000000000000000000000000000000009
:109f580000000000000000000000000000000000f9
:109f680000000000000000000000000000000000e9
:109f780000000000000000000000000000000000d9
:109f880000000000000000000000000000000000c9
:109f980000000000000000000000000000000000b9
:109fa80000000000000000000000000000000000a9
:109fb8000000000000000000000000000000000099
:109fc8000000000000000000000000000000000089
:109fd8000000000000000000000000000000000079
:109fe8000000000000000000000000000000000069
:109ff8000000000000000000000000000000000059
:10a008000000000000000000000000000000000048
:10a018000000000000000000000000000000000038
:10a028000000000000000000000000000000000028
:10a038000000000000000000000000000000000018
:10a048000000000000000000000000000000000008
:10a0580000000000000000000000000000000000f8
:10a0680000000000000000000000000000000000e8
:10a0780000000000000000000000000000000000d8
:10a0880000000000000000000000000000000000c8
:10a0980000000000000000000000000000000000b8
:10a0a80000000000000000000000000000000000a8
:10a0b8000000000000000000000000000000000098
:10a0c8000000000000000000000000000000000088
:10a0d8000000000000000000000000000000000078
:10a0e8000000000000000000000000000000000068
:10a0f8000000000000000000000000000000000058
:10a108000000000000000000000000000000000047
:10a118000000000000000000000000000000000037
:10a128000000000000000000000000000000000027
:10a138000000000000000000000000000000000017
:10a148000000000000000000000000000000000007
:10a1580000000000000000000000000000000000f7
:10a1680000000000000000000000000000000000e7
:10a1780000000000000000000000000000000000d7
:10a1880000000000000000000000000000000000c7
:10a1980000000000000000000000000000000000b7
:10a1a80000000000000000000000000000000000a7
:10a1b8000000000000000000000000000000000097
:10a1c8000000000000000000000000000000000087
:10a1d8000000000000000000000000000000000077
:10a1e8000000000000000000000000000000000067
:10a1f8000000000000000000000000000000000057
:10a208000000000000000000000000000000000046
:10a218000000000000000000000000000000000036
:10a228000000000000000000000000000000000026
:10a238000000000000000000000000000000000016
:10a248000000000000000000000000000000000006
:10a2580000000000000000000000000000000000f6
:10a2680000000000000000000000000000000000e6
:10a2780000000000000000000000000000000000d6
:10a2880000000000000000000000000000000000c6
:10a2980000000000000000000000000000000000b6
:10a2a80000000000000000000000000000000000a6
:10a2b8000000000000000000000000000000000096
:10a2c8000000000000000000000000000000000086
:10a2d8000000000000000000000000000000000076
:10a2e8000000000000000000000000000000000066
:10a2f8000000000000000000000000000000000056
:10a308000000000000000000000000000000000045
:10a318000000000000000000000000000000000035
:10a328000000000000000000000000000000000025
:10a338000000000000000000000000000000000015
:10a348000000000000000000000000000000000005
:10a3580000000000000000000000000000000000f5
:10a3680000000000000000000000000000000000e5
:10a3780000000000000000000000000000000000d5
:10a3880000000000000000000000000000000000c5
:10a3980000000000000000000000000000000000b5
:10a3a80000000000000000000000000000000000a5
:10a3b8000000000000000000000000000000000095
:10a3c8000000000000000000000000000000000085
:10a3d8000000000000000000000000000000000075
:10a3e8000000000000000000000000000000000065
:10a3f8000000000000000000000000000000000055
:10a408000000000000000000000000000000000044
:10a418000000000000000000000000000000000034
:10a428000000000000000000000000000000000024
:10a438000000000000000000000000000000000014
:10a448000000000000000000000000000000000004
:10a4580000000000000000000000000000000000f4
:10a4680000000000000000000000000000000000e4
:10a4780000000000000000000000000000000000d4
:10a4880000000000000000000000000000000000c4
:10a4980000000000000000000000000000000000b4
:10a4a80000000000000000000000000000000000a4
:10a4b8000000000000000000000000000000000094
:10a4c8000000000000000000000000000000000084
:10a4d8000000000000000000000000000000000074
:10a4e8000000000000000000000000000000000064
:10a4f8000000000000000000000000000000000054
:10a508000000000000000000000000000000000043
:10a518000000000000000000000000000000000033
:10a528000000000000000000000000000000000023
:10a538000000000000000000000000000000000013
:10a548000000000000000000000000000000000003
:10a5580000000000000000000000000000000000f3
:10a5680000000000000000000000000000000000e3
:10a5780000000000000000000000000000000000d3
:10a5880000000000000000000000000000000000c3
:10a5980000000000000000000000000000000000b3
:10a5a80000000000000000000000000000000000a3
:10a5b8000000000000000000000000000000000093
:10a5c8000000000000000000000000000000000083
:10a5d8000000000000000000000000000000000073
:10a5e8000000000000000000000000000000000063
:10a5f8000000000000000000000000000000000053
:10a608000000000000000000000000000000000042
:10a618000000000000000000000000000000000032
:10a628000000000000000000000000000000000022
:10a638000000000000000000000000000000000012
:10a648000000000000000000000000000000000002
:10a6580000000000000000000000000000000000f2
:10a6680000000000000000000000000000000000e2
:10a6780000000000000000000000000000000000d2
:10a6880000000000000000000000000000000000c2
:10a6980000000000000000000000000000000000b2
:10a6a80000000000000000000000000000000000a2
:10a6b8000000000000000000000000000000000092
:10a6c8000000000000000000000000000000000082
:10a6d8000000000000000000000000000000000072
:10a6e8000000000000000000000000000000000062
:10a6f8000000000000000000000000000000000052
:10a708000000000000000000000000000000000041
:10a718000000000000000000000000000000000031
:10a728000000000000000000000000000000000021
:10a738000000000000000000000000000000000011
:10a748000000000000000000000000000000000001
:10a7580000000000000000000000000000000000f1
:10a7680000000000000000000000000000000000e1
:10a7780000000000000000000000000000000000d1
:10a7880000000000000000000000000000000000c1
:10a7980000000000000000000000000000000000b1
:10a7a80000000000000000000000000000000000a1
:10a7b8000000000000000000000000000000000091
:10a7c8000000000000000000000000000000000081
:10a7d8000000000000000000000000000000000071
:10a7e8000000000000000000000000000000000061
:10a7f8000000000000000000000000000000000051
:10a808000000000000000000000000000000000040
:10a818000000000000000000000000000000000030
:10a828000000000000000000000000000000000020
:10a838000000000000000000000000000000000010
:10a848000000000000000000000000000000000000
:10a8580000000000000000000000000000000000f0
:10a8680000000000000000000000000000000000e0
:10a8780000000000000000000000000000000000d0
:10a8880000000000000000000000000000000000c0
:10a8980000000000000000000000000000000000b0
:10a8a80000000000000000000000000000000000a0
:10a8b8000000000000000000000000000000000090
:10a8c8000000000000000000000000000000000080
:10a8d8000000000000000000000000000000000070
:10a8e8000000000000000000000000000000000060
:10a8f8000000000000000000000000000000000050
:10a90800000000000000000000000000000000003f
:10a91800000000000000000000000000000000002f
:10a92800000000000000000000000000000000001f
:10a93800000000000000000000000000000000000f
:10a9480000000000000000000000000000000000ff
:10a9580000000000000000000000000000000000ef
:10a9680000000000000000000000000000000000df
:10a9780000000000000000000000000000000000cf
:10a9880000000000000000000000000000000000bf
:10a9980000000000000000000000000000000000af
:10a9a800000000000000000000000000000000009f
:10a9b800000000000000000000000000000000008f
:10a9c800000000000000000000000000000000007f
:10a9d800000000000000000000000000000000006f
:10a9e800000000000000000000000000000000005f
:10a9f800000000000000000000000000000000004f
:10aa0800000000000000000000000000000000003e
:10aa1800000000000000000000000000000000002e
:10aa2800000000000000000000000000000000001e
:10aa3800000000000000000000000000000000000e
:10aa480000000000000000000000000000000000fe
:10aa580000000000000000000000000000000000ee
:10aa680000000000000000000000000000000000de
:10aa780000000000000000000000000000000000ce
:10aa880000000000000000000000000000000000be
:10aa980000000000000000000000000000000000ae
:10aaa800000000000000000000000000000000009e
:10aab800000000000000000000000000000000008e
:10aac800000000000000000000000000000000007e
:10aad800000000000000000000000000000000006e
:10aae800000000000000000000000000000000005e
:10aaf800000000000000000000000000000000004e
:10ab0800000000000000000000000000000000003d
:10ab1800000000000000000000000000000000002d
:10ab2800000000000000000000000000000000001d
:10ab3800000000000000000000000000000000000d
:10ab480000000000000000000000000000000000fd
:10ab580000000000000000000000000000000000ed
:10ab680000000000000000000000000000000000dd
:10ab780000000000000000000000000000000000cd
:10ab880000000000000000000000000000000000bd
:10ab980000000000000000000000000000000000ad
:10aba800000000000000000000000000000000009d
:10abb800000000000000000000000000000000008d
:10abc800000000000000000000000000000000007d
:10abd800000000000000000000000000000000006d
:10abe800000000000000000000000000000000005d
:10abf800000000000000000000000000000000004d
:10ac0800000000000000000000000000000000003c
:10ac1800000000000000000000000000000000002c
:10ac2800000000000000000000000000000000001c
:10ac3800000000000000000000000000000000000c
:10ac480000000000000000000000000000000000fc
:10ac580000000000000000000000000000000000ec
:10ac680000000000000000000000000000000000dc
:10ac780000000000000000000000000000000000cc
:10ac880000000000000000000000000000000000bc
:10ac980000000000000000000000000000000000ac
:10aca800000000000000000000000000000000009c
:10acb800000000000000000000000000000000008c
:10acc800000000000000000000000000000000007c
:10acd800000000000000000000000000000000006c
:10ace800000000000000000000000000000000005c
:10acf800000000000000000000000000000000004c
:10ad0800000000000000000000000000000000003b
:10ad1800000000000000000000000000000000002b
:10ad2800000000000000000000000000000000001b
:10ad3800000000000000000000000000000000000b
:10ad480000000000000000000000000000000000fb
:10ad580000000000000000000000000000000000eb
:10ad680000000000000000000000000000000000db
:10ad780000000000000000000000000000000000cb
:10ad880000000000000000000000000000000000bb
:10ad980000000000000000000000000000000000ab
:10ada800000000000000000000000000000000009b
:10adb800000000000000000000000000000000008b
:10adc800000000000000000000000000000000007b
:10add800000000000000000000000000000000006b
:10ade800000000000000000000000000000000005b
:10adf800000000000000000000000000000000004b
:10ae0800000000000000000000000000000000003a
:10ae1800000000000000000000000000000000002a
:10ae2800000000000000000000000000000000001a
:10ae3800000000000000000000000000000000000a
:10ae480000000000000000000000000000000000fa
:10ae580000000000000000000000000000000000ea
:10ae680000000000000000000000000000000000da
:10ae780000000000000000000000000000000000ca
:10ae880000000000000000000000000000000000ba
:10ae980000000000000000000000000000000000aa
:10aea800000000000000000000000000000000009a
:10aeb800000000000000000000000000000000008a
:10aec800000000000000000000000000000000007a
:10aed800000000000000000000000000000000006a
:10aee800000000000000000000000000000000005a
:10aef800000000000000000000000000000000004a
:10af08000000000000000000000000000000000039
:10af18000000000000000000000000000000000029
:10af28000000000000000000000000000000000019
:10af38000000000000000000000000000000000009
:10af480000000000000000000000000000000000f9
:10af580000000000000000000000000000000000e9
:10af680000000000000000000000000000000000d9
:10af780000000000000000000000000000000000c9
:10af880000000000000000000000000000000000b9
:10af980000000000000000000000000000000000a9
:10afa8000000000000000000000000000000000099
:10afb8000000000000000000000000000000000089
:10afc8000000000000000000000000000000000079
:10afd8000000000000000000000000000000000069
:10afe8000000000000000000000000000000000059
:10aff8000000000000000000000000000000000049
:10b008000000000000000000000000000000000038
:10b018000000000000000000000000000000000028
:10b028000000000000000000000000000000000018
:10b038000000000000000000000000000000000008
:10b0480000000000000000000000000000000000f8
:10b0580000000000000000000000000000000000e8
:10b0680000000000000000000000000000000000d8
:10b0780000000000000000000000000000000000c8
:10b0880000000000000000000000000000000000b8
:10b0980000000000000000000000000000000000a8
:10b0a8000000000000000000000000000000000098
:10b0b8000000000000000000000000000000000088
:10b0c8000000000000000000000000000000000078
:10b0d8000000000000000000000000000000000068
:10b0e8000000000000000000000000000000000058
:10b0f8000000000000000000000000000000000048
:10b108000000000000000000000000000000000037
:10b118000000000000000000000000000000000027
:10b128000000000000000000000000000000000017
:10b138000000000000000000000000000000000007
:10b1480000000000000000000000000000000000f7
:10b1580000000000000000000000000000000000e7
:10b1680000000000000000000000000000000000d7
:10b1780000000000000000000000000000000000c7
:10b1880000000000000000000000000000000000b7
:10b1980000000000000000000000000000000000a7
:10b1a8000000000000000000000000000000000097
:10b1b8000000000000000000000000000000000087
:10b1c8000000000000000000000000000000000077
:10b1d8000000000000000000000000000000000067
:10b1e8000000000000000000000000000000000057
:10b1f8000000000000000000000000000000000047
:10b208000000000000000000000000000000000036
:10b218000000000000000000000000000000000026
:10b228000000000000000000000000000000000016
:10b238000000000000000000000000000000000006
:10b2480000000000000000000000000000000000f6
:10b2580000000000000000000000000000000000e6
:10b2680000000000000000000000000000000000d6
:10b2780000000000000000000000000000000000c6
:10b2880000000000000000000000000000000000b6
:10b2980000000000000000000000000000000000a6
:10b2a8000000000000000000000000000000000096
:10b2b8000000000000000000000000000000000086
:10b2c8000000000000000000000000000000000076
:10b2d8000000000000000000000000000000000066
:10b2e8000000000000000000000000000000000056
:10b2f8000000000000000000000000000000000046
:10b308000000000000000000000000000000000035
:10b318000000000000000000000000000000000025
:10b328000000000000000000000000000000000015
:10b338000000000000000000000000000000000005
:10b3480000000000000000000000000000000000f5
:10b3580000000000000000000000000000000000e5
:10b3680000000000000000000000000000000000d5
:10b3780000000000000000000000000000000000c5
:10b3880000000000000000000000000000000000b5
:10b3980000000000000000000000000000000000a5
:10b3a8000000000000000000000000000000000095
:10b3b8000000000000000000000000000000000085
:10b3c8000000000000000000000000000000000075
:10b3d8000000000000000000000000000000000065
:10b3e8000000000000000000000000000000000055
:10b3f8000000000000000000000000000000000045
:10b408000000000000000000000000000000000034
:10b418000000000000000000000000000000000024
:10b428000000000000000000000000000000000014
:10b438000000000000000000000000000000000004
:10b4480000000000000000000000000000000000f4
:10b4580000000000000000000000000000000000e4
:10b4680000000000000000000000000000000000d4
:10b4780000000000000000000000000000000000c4
:10b4880000000000000000000000000000000000b4
:10b4980000000000000000000000000000000000a4
:10b4a8000000000000000000000000000000000094
:10b4b8000000000000000000000000000000000084
:10b4c8000000000000000000000000000000000074
:10b4d8000000000000000000000000000000000064
:10b4e8000000000000000000000000000000000054
:10b4f8000000000000000000000000000000000044
:10b508000000000000000000000000000000000033
:10b518000000000000000000000000000000000023
:10b528000000000000000000000000000000000013
:10b538000000000000000000000000000000000003
:10b5480000000000000000000000000000000000f3
:10b5580000000000000000000000000000000000e3
:10b5680000000000000000000000000000000000d3
:10b5780000000000000000000000000000000000c3
:10b5880000000000000000000000000000000000b3
:10b5980000000000000000000000000000000000a3
:10b5a8000000000000000000000000000000000093
:10b5b8000000000000000000000000000000000083
:10b5c8000000000000000000000000000000000073
:10b5d8000000000000000000000000000000000063
:10b5e8000000000000000000000000000000000053
:10b5f8000000000000000000000000000000000043
:10b608000000000000000000000000000000000032
:10b618000000000000000000000000000000000022
:10b628000000000000000000000000000000000012
:10b638000000000000000000000000000000000002
:10b6480000000000000000000000000000000000f2
:10b6580000000000000000000000000000000000e2
:10b6680000000000000000000000000000000000d2
:10b6780000000000000000000000000000000000c2
:10b6880000000000000000000000000000000000b2
:10b6980000000000000000000000000000000000a2
:10b6a8000000000000000000000000000000000092
:10b6b8000000000000000000000000000000000082
:10b6c8000000000000000000000000000000000072
:10b6d8000000000000000000000000000000000062
:10b6e8000000000000000000000000000000000052
:10b6f8000000000000000000000000000000000042
:10b708000000000000000000000000000000000031
:10b718000000000000000000000000000000000021
:10b728000000000000000000000000000000000011
:10b738000000000000000000000000000000000001
:10b7480000000000000000000000000000000000f1
:10b7580000000000000000000000000000000000e1
:10b7680000000000000000000000000000000000d1
:10b7780000000000000000000000000000000000c1
:10b7880000000000000000000000000000000000b1
:10b7980000000000000000000000000000000000a1
:10b7a8000000000000000000000000000000000091
:10b7b8000000000000000000000000000000000081
:10b7c8000000000000000000000000000000000071
:10b7d8000000000000000000000000000000000061
:10b7e8000000000000000000000000000000000051
:10b7f8000000000000000000000000000000000041
:10b808000000000000000000000000000000000030
:10b818000000000000000000000000000000000020
:10b828000000000000000000000000000000000010
:10b838000000000000000000000000000000000000
:10b8480000000000000000000000000000000000f0
:10b8580000000000000000000000000000000000e0
:10b8680000000000000000000000000000000000d0
:10b8780000000000000000000000000000000000c0
:10b8880000000000000000000000000000000000b0
:10b8980000000000000000000000000000000000a0
:10b8a8000000000000000000000000000000000090
:10b8b8000000000000000000000000000000000080
:10b8c8000000000000000000000000000000000070
:10b8d8000000000000000000000000000000000060
:10b8e8000000000000000000000000000000000050
:10b8f8000000000000000000000000000000000040
:10b90800000000000000000000000000000000002f
:10b91800000000000000000000000000000000001f
:10b92800000000000000000000000000000000000f
:10b9380000000000000000000000000000000000ff
:10b9480000000000000000000000000000000000ef
:10b9580000000000000000000000000000000000df
:10b9680000000000000000000000000000000000cf
:10b9780000000000000000000000000000000000bf
:10b9880000000000000000000000000000000000af
:10b99800000000000000000000000000000000009f
:10b9a800000000000000000000000000000000008f
:10b9b800000000000000000000000000000000007f
:10b9c800000000000000000000000000000000006f
:10b9d800000000000000000000000000000000005f
:10b9e800000000000000000000000000000000004f
:10b9f800000000000000000000000000000000003f
:10ba0800000000000000000000000000000000002e
:10ba1800000000000000000000000000000000001e
:10ba2800000000000000000000000000000000000e
:10ba380000000000000000000000000000000000fe
:10ba480000000000000000000000000000000000ee
:10ba580000000000000000000000000000000000de
:10ba680000000000000000000000000000000000ce
:10ba780000000000000000000000000000000000be
:10ba880000000000000000000000000000000000ae
:10ba9800000000000000000000000000000000009e
:10baa800000000000000000000000000000000008e
:10bab800000000000000000000000000000000007e
:10bac800000000000000000000000000000000006e
:10bad800000000000000000000000000000000005e
:10bae800000000000000000000000000000000004e
:10baf800000000000000000000000000000000003e
:10bb0800000000000000000000000000000000002d
:10bb1800000000000000000000000000000000001d
:10bb2800000000000000000000000000000000000d
:10bb380000000000000000000000000000000000fd
:10bb480000000000000000000000000000000000ed
:10bb580000000000000000000000000000000000dd
:10bb680000000000000000000000000000000000cd
:10bb780000000000000000000000000000000000bd
:10bb880000000000000000000000000000000000ad
:10bb9800000000000000000000000000000000009d
:10bba800000000000000000000000000000000008d
:10bbb800000000000000000000000000000000007d
:10bbc800000000000000000000000000000000006d
:10bbd800000000000000000000000000000000005d
:10bbe800000000000000000000000000000000004d
:10bbf800000000000000000000000000000000003d
:10bc0800000000000000000000000000000000002c
:10bc1800000000000000000000000000000000001c
:10bc2800000000000000000000000000000000000c
:10bc380000000000000000000000000000000000fc
:10bc480000000000000000000000000000000000ec
:10bc580000000000000000000000000000000000dc
:10bc680000000000000000000000000000000000cc
:10bc780000000000000000000000000000000000bc
:10bc880000000000000000000000000000000000ac
:10bc9800000000000000000000000000000000009c
:10bca800000000000000000000000000000000008c
:10bcb800000000000000000000000000000000007c
:10bcc800000000000000000000000000000000006c
:10bcd800000000000000000000000000000000005c
:10bce800000000000000000000000000000000004c
:10bcf800000000000000000000000000000000003c
:10bd0800000000000000000000000000000000002b
:10bd1800000000000000000000000000000000001b
:10bd2800000000000000000000000000000000000b
:10bd380000000000000000000000000000000000fb
:10bd480000000000000000000000000000000000eb
:10bd580000000000000000000000000000000000db
:10bd680000000000000000000000000000000000cb
:10bd780000000000000000000000000000000000bb
:10bd880000000000000000000000000000000000ab
:10bd9800000000000000000000000000000000009b
:10bda800000000000000000000000000000000008b
:10bdb800000000000000000000000000000000007b
:10bdc800000000000000000000000000000000006b
:10bdd800000000000000000000000000000000005b
:10bde800000000000000000000000000000000004b
:10bdf800000000000000000000000000000000003b
:10be0800000000000000000000000000000000002a
:10be1800000000000000000000000000000000001a
:10be2800000000000000000000000000000000000a
:10be380000000000000000000000000000000000fa
:10be480000000000000000000000000000000000ea
:10be580000000000000000000000000000000000da
:10be680000000000000000000000000000000000ca
:10be780000000000000000000000000000000000ba
:10be880000000000000000000000000000000000aa
:10be9800000000000000000000000000000000009a
:10bea800000000000000000000000000000000008a
:10beb800000000000000000000000000000000007a
:10bec800000000000000000000000000000000006a
:10bed800000000000000000000000000000000005a
:10bee800000000000000000000000000000000004a
:10bef800000000000000000000000000000000003a
:10bf08000000000000000000000000000000000029
:10bf18000000000000000000000000000000000019
:10bf28000000000000000000000000000000000009
:10bf380000000000000000000000000000000000f9
:10bf480000000000000000000000000000000000e9
:10bf580000000000000000000000000000000000d9
:10bf680000000000000000000000000000000000c9
:10bf780000000000000000000000000000000000b9
:10bf880000000000000000000000000000000000a9
:10bf98000000000000000000000000000000000099
:10bfa8000000000000000000000000000000000089
:10bfb8000000000000000000000000000000000079
:10bfc8000000000000000000000000000000000069
:10bfd8000000000000000000000000000000000059
:10bfe8000000000000000000000000000000000049
:10bff8000000000000000000000000000000000039
:10c008000000000000000000000000000000000028
:10c018000000000000000000000000000000000018
:10c028000000000000000000000000000000000008
:10c0380000000000000000000000000000000000f8
:10c0480000000000000000000000000000000000e8
:10c0580000000000000000000000000000000000d8
:10c0680000000000000000000000000000000000c8
:10c0780000000000000000000000000000000000b8
:10c0880000000000000000000000000000000000a8
:10c098000000000000000000000000000000000098
:10c0a8000000000000000000000000000000000088
:10c0b8000000000000000000000000000000000078
:10c0c8000000000000000000000000000000000068
:10c0d8000000000000000000000000000000000058
:10c0e8000000000000000000000000000000000048
:10c0f8000000000000000000000000000000000038
:10c108000000000000000000000000000000000027
:10c118000000000000000000000000000000000017
:10c128000000000000000000000000000000000007
:10c1380000000000000000000000000000000000f7
:10c1480000000000000000000000000000000000e7
:10c1580000000000000000000000000000000000d7
:10c1680000000000000000000000000000000000c7
:10c1780000000000000000000000000000000000b7
:10c1880000000000000000000000000000000000a7
:10c198000000000000000000000000000000000097
:10c1a8000000000000000000000000000000000087
:10c1b8000000000000000000000000000000000077
:10c1c8000000000000000000000000000000000067
:10c1d8000000000000000000000000000000000057
:10c1e8000000000000000000000000000000000047
:10c1f8000000000000000000000000000000000037
:10c208000000000000000000000000000000000026
:10c218000000000000000000000000000000000016
:10c228000000000000000000000000000000000006
:10c2380000000000000000000000000000000000f6
:10c2480000000000000000000000000000000000e6
:10c2580000000000000000000000000000000000d6
:10c2680000000000000000000000000000000000c6
:10c2780000000000000000000000000000000000b6
:10c2880000000000000000000000000000000000a6
:10c298000000000000000000000000000000000096
:10c2a8000000000000000000000000000000000086
:10c2b8000000000000000000000000000000000076
:10c2c8000000000000000000000000000000000066
:10c2d8000000000000000000000000000000000056
:10c2e8000000000000000000000000000000000046
:10c2f8000000000000000000000000000000000036
:10c308000000000000000000000000000000000025
:10c318000000000000000000000000000000000015
:10c328000000000000000000000000000000000005
:10c3380000000000000000000000000000000000f5
:10c3480000000000000000000000000000000000e5
:10c3580000000000000000000000000000000000d5
:10c3680000000000000000000000000000000000c5
:10c3780000000000000000000000000000000000b5
:10c3880000000000000000000000000000000000a5
:10c398000000000000000000000000000000000095
:10c3a8000000000000000000000000000000000085
:10c3b8000000000000000000000000000000000075
:10c3c8000000000000000000000000000000000065
:10c3d8000000000000000000000000000000000055
:10c3e8000000000000000000000000000000000045
:10c3f8000000000000000000000000000000000035
:10c408000000000000000000000000000000000024
:10c418000000000000000000000000000000000014
:10c428000000000000000000000000000000000004
:10c4380000000000000000000000000000000000f4
:10c4480000000000000000000000000000000000e4
:10c4580000000000000000000000000000000000d4
:10c4680000000000000000000000000000000000c4
:10c4780000000000000000000000000000000000b4
:10c4880000000000000000000000000000000000a4
:10c498000000000000000000000000000000000094
:10c4a8000000000000000000000000000000000084
:10c4b8000000000000000000000000000000000074
:10c4c8000000000000000000000000000000000064
:10c4d8000000000000000000000000000000000054
:10c4e8000000000000000000000000000000000044
:10c4f8000000000000000000000000000000000034
:10c508000000000000000000000000000000000023
:10c518000000000000000000000000000000000013
:10c528000000000000000000000000000000000003
:10c5380000000000000000000000000000000000f3
:10c5480000000000000000000000000000000000e3
:10c5580000000000000000000000000000000000d3
:10c5680000000000000000000000000000000000c3
:10c5780000000000000000000000000000000000b3
:10c5880000000000000000000000000000000000a3
:10c598000000000000000000000000000000000093
:10c5a8000000000000000000000000000000000083
:10c5b8000000000000000000000000000000000073
:10c5c8000000000000000000000000000000000063
:10c5d8000000000000000000000000000000000053
:10c5e8000000000000000000000000000000000043
:10c5f8000000000000000000000000000000000033
:10c608000000000000000000000000000000000022
:10c618000000000000000000000000000000000012
:10c628000000000000000000000000000000000002
:10c6380000000000000000000000000000000000f2
:10c6480000000000000000000000000000000000e2
:10c6580000000000000000000000000000000000d2
:10c6680000000000000000000000000000000000c2
:10c6780000000000000000000000000000000000b2
:10c6880000000000000000000000000000000000a2
:10c698000000000000000000000000000000000092
:10c6a8000000000000000000000000000000000082
:10c6b8000000000000000000000000000000000072
:10c6c8000000000000000000000000000000000062
:10c6d8000000000000000000000000000000000052
:10c6e8000000000000000000000000000000000042
:10c6f8000000000000000000000000000000000032
:10c708000000000000000000000000000000000021
:10c718000000000000000000000000000000000011
:10c728000000000000000000000000000000000001
:10c7380000000000000000000000000000000000f1
:10c7480000000000000000000000000000000000e1
:10c7580000000000000000000000000000000000d1
:10c7680000000000000000000000000000000000c1
:10c7780000000000000000000000000000000000b1
:10c7880000000000000000000000000000000000a1
:10c798000000000000000000000000000000000091
:10c7a8000000000000000000000000000000000081
:10c7b8000000000000000000000000000000000071
:10c7c8000000000000000000000000000000000061
:10c7d8000000000000000000000000000000000051
:10c7e8000000000000000000000000000000000041
:10c7f8000000000000000000000000000000000031
:10c808000000000000000000000000000000000020
:10c818000000000000000000000000000000000010
:10c828000000000000000000000000000000000000
:10c8380000000000000000000000000000000000f0
:10c8480000000000000000000000000000000000e0
:10c8580000000000000000000000000000000000d0
:10c8680000000000000000000000000000000000c0
:10c8780000000000000000000000000000000000b0
:10c8880000000000000000000000000000000000a0
:10c898000000000000000000000000000000000090
:10c8a8000000000000000000000000000000000080
:10c8b8000000000000000000000000000000000070
:10c8c8000000000000000000000000000000000060
:10c8d8000000000000000000000000000000000050
:10c8e8000000000000000000000000000000000040
:10c8f8000000000000000000000000000000000030
:10c90800000000000000000000000000000000001f
:10c91800000000000000000000000000000000000f
:10c9280000000000000000000000000000000000ff
:10c9380000000000000000000000000000000000ef
:10c9480000000000000000000000000000000000df
:10c9580000000000000000000000000000000000cf
:10c9680000000000000000000000000000000000bf
:10c9780000000000000000000000000000000000af
:10c98800000000000000000000000000000000009f
:10c99800000000000000000000000000000000008f
:10c9a800000000000000000000000000000000007f
:10c9b800000000000000000000000000000000006f
:10c9c800000000000000000000000000000000005f
:10c9d800000000000000000000000000000000004f
:10c9e800000000000000000000000000000000003f
:10c9f800000000000000000000000000000000002f
:10ca0800000000000000000000000000000000001e
:10ca1800000000000000000000000000000000000e
:10ca280000000000000000000000000000000000fe
:10ca380000000000000000000000000000000000ee
:10ca480000000000000000000000000000000000de
:10ca580000000000000000000000000000000000ce
:10ca680000000000000000000000000000000000be
:10ca780000000000000000000000000000000000ae
:10ca8800000000000000000000000000000000009e
:10ca9800000000000000000000000000000000008e
:10caa800000000000000000000000000000000007e
:10cab800000000000000000000000000000000006e
:10cac800000000000000000000000000000000005e
:10cad800000000000000000000000000000000004e
:10cae800000000000000000000000000000000003e
:10caf800000000000000000000000000000000002e
:10cb0800000000000000000000000000000000001d
:10cb1800000000000000000000000000000000000d
:10cb280000000000000000000000000000000000fd
:10cb380000000000000000000000000000000000ed
:10cb480000000000000000000000000000000000dd
:10cb580000000000000000000000000000000000cd
:10cb680000000000000000000000000000000000bd
:10cb780000000000000000000000000000000000ad
:10cb8800000000000000000000000000000000009d
:10cb9800000000000000000000000000000000008d
:10cba800000000000000000000000000000000007d
:10cbb800000000000000000000000000000000006d
:10cbc800000000000000000000000000000000005d
:10cbd800000000000000000000000000000000004d
:10cbe800000000000000000000000000000000003d
:10cbf800000000000000000000000000000000002d
:10cc0800000000000000000000000000000000001c
:10cc1800000000000000000000000000000000000c
:10cc280000000000000000000000000000000000fc
:10cc380000000000000000000000000000000000ec
:10cc480000000000000000000000000000000000dc
:10cc580000000000000000000000000000000000cc
:10cc680000000000000000000000000000000000bc
:10cc780000000000000000000000000000000000ac
:10cc8800000000000000000000000000000000009c
:10cc9800000000000000000000000000000000008c
:10cca800000000000000000000000000000000007c
:10ccb800000000000000000000000000000000006c
:10ccc800000000000000000000000000000000005c
:10ccd800000000000000000000000000000000004c
:10cce800000000000000000000000000000000003c
:10ccf800000000000000000000000000000000002c
:10cd0800000000000000000000000000000000001b
:10cd1800000000000000000000000000000000000b
:10cd280000000000000000000000000000000000fb
:10cd380000000000000000000000000000000000eb
:10cd480000000000000000000000000000000000db
:10cd580000000000000000000000000000000000cb
:10cd680000000000000000000000000000000000bb
:10cd780000000000000000000000000000000000ab
:10cd8800000000000000000000000000000000009b
:10cd9800000000000000000000000000000000008b
:10cda800000000000000000000000000000000007b
:10cdb800000000000000000000000000000000006b
:10cdc800000000000000000000000000000000005b
:10cdd800000000000000000000000000000000004b
:10cde800000000000000000000000000000000003b
:10cdf800000000000000000000000000000000002b
:10ce0800000000000000000000000000000000001a
:10ce1800000000000000000000000000000000000a
:10ce280000000000000000000000000000000000fa
:10ce380000000000000000000000000000000000ea
:10ce480000000000000000000000000000000000da
:10ce580000000000000000000000000000000000ca
:10ce680000000000000000000000000000000000ba
:10ce780000000000000000000000000000000000aa
:10ce8800000000000000000000000000000000009a
:10ce9800000000000000000000000000000000008a
:10cea800000000000000000000000000000000007a
:10ceb800000000000000000000000000000000006a
:10cec800000000000000000000000000000000005a
:10ced800000000000000000000000000000000004a
:10cee800000000000000000000000000000000003a
:10cef800000000000000000000000000000000002a
:10cf08000000000000000000000000000000000019
:10cf18000000000000000000000000000000000009
:10cf280000000000000000000000000000000000f9
:10cf380000000000000000000000000000000000e9
:10cf480000000000000000000000000000000000d9
:10cf580000000000000000000000000000000000c9
:10cf680000000000000000000000000000000000b9
:10cf780000000000000000000000000000000000a9
:10cf88000000000000000000000000000000000099
:10cf98000000000000000000000000000000000089
:10cfa8000000000000000000000000000000000079
:10cfb8000000000000000000000000000000000069
:10cfc8000000000000000000000000000000000059
:10cfd8000000000000000000000000000000000049
:10cfe8000000000000000000000000000000000039
:10cff8000000000000000000000000000000000029
:10d008000000000000000000000000000000000018
:10d018000000000000000000000000000000000008
:10d0280000000000000000000000000000000000f8
:10d0380000000000000000000000000000000000e8
:10d0480000000000000000000000000000000000d8
:10d0580000000000000000000000000000000000c8
:10d0680000000000000000000000000000000000b8
:10d0780000000000000000000000000000000000a8
:10d088000000000000000000000000000000000098
:10d098000000000000000000000000000000000088
:10d0a8000000000000000000000000000000000078
:10d0b8000000000000000000000000000000000068
:10d0c8000000000000000000000000000000000058
:10d0d8000000000000000000000000000000000048
:10d0e8000000000000000000000000000000000038
:10d0f8000000000000000000000000000000000028
:10d108000000000000000000000000000000000017
:10d118000000000000000000000000000000000007
:10d1280000000000000000000000000000000000f7
:10d1380000000000000000000000000000000000e7
:10d1480000000000000000000000000000000000d7
:10d1580000000000000000000000000000000000c7
:10d1680000000000000000000000000000000000b7
:10d1780000000000000000000000000000000000a7
:10d188000000000000000000000000000000000097
:10d198000000000000000000000000000000000087
:10d1a8000000000000000000000000000000000077
:10d1b8000000000000000000000000000000000067
:10d1c8000000000000000000000000000000000057
:10d1d8000000000000000000000000000000000047
:10d1e8000000000000000000000000000000000037
:10d1f8000000000000000000000000000000000027
:10d208000000000000000000000000000000000016
:10d218000000000000000000000000000000000006
:10d2280000000000000000000000000000000000f6
:10d2380000000000000000000000000000000000e6
:10d2480000000000000000000000000000000000d6
:10d2580000000000000000000000000000000000c6
:10d2680000000000000000000000000000000000b6
:10d2780000000000000000000000000000000000a6
:10d288000000000000000000000000000000000096
:10d298000000000000000000000000000000000086
:10d2a8000000000000000000000000000000000076
:10d2b8000000000000000000000000000000000066
:10d2c8000000000000000000000000000000000056
:10d2d8000000000000000000000000000000000046
:10d2e8000000000000000000000000000000000036
:10d2f8000000000000000000000000000000000026
:10d308000000000000000000000000000000000015
:10d318000000000000000000000000000000000005
:10d3280000000000000000000000000000000000f5
:10d3380000000000000000000000000000000000e5
:10d3480000000000000000000000000000000000d5
:10d3580000000000000000000000000000000000c5
:10d3680000000000000000000000000000000000b5
:10d3780000000000000000000000000000000000a5
:10d388000000000000000000000000000000000095
:10d398000000000000000000000000000000000085
:10d3a8000000000000000000000000000000000075
:10d3b8000000000000000000000000000000000065
:10d3c8000000000000000000000000000000000055
:10d3d8000000000000000000000000000000000045
:10d3e8000000000000000000000000000000000035
:10d3f8000000000000000000000000000000000025
:10d408000000000000000000000000000000000014
:10d418000000000000000000000000000000000004
:10d4280000000000000000000000000000000000f4
:10d4380000000000000000000000000000000000e4
:10d4480000000000000000000000000000000000d4
:10d4580000000000000000000000000000000000c4
:10d4680000000000000000000000000000000000b4
:10d4780000000000000000000000000000000000a4
:10d488000000000000000000000000000000000094
:10d498000000000000000000000000000000000084
:10d4a8000000000000000000000000000000000074
:10d4b8000000000000000000000000000000000064
:10d4c8000000000000000000000000000000000054
:10d4d8000000000000000000000000000000000044
:10d4e8000000000000000000000000000000000034
:10d4f8000000000000000000000000000000000024
:10d508000000000000000000000000000000000013
:10d518000000000000000000000000000000000003
:10d5280000000000000000000000000000000000f3
:10d5380000000000000000000000000000000000e3
:10d5480000000000000000000000000000000000d3
:10d5580000000000000000000000000000000000c3
:10d5680000000000000000000000000000000000b3
:10d5780000000000000000000000000000000000a3
:10d588000000000000000000000000000000000093
:10d598000000000000000000000000000000000083
:10d5a8000000000000000000000000000000000073
:10d5b8000000000000000000000000000000000063
:10d5c8000000000000000000000000000000000053
:10d5d8000000000000000000000000000000000043
:10d5e8000000000000000000000000000000000033
:10d5f8000000000000000000000000000000000023
:10d608000000000000000000000000000000000012
:10d618000000000000000000000000000000000002
:10d6280000000000000000000000000000000000f2
:10d6380000000000000000000000000000000000e2
:10d6480000000000000000000000000000000000d2
:10d6580000000000000000000000000000000000c2
:10d6680000000000000000000000000000000000b2
:10d6780000000000000000000000000000000000a2
:10d688000000000000000000000000000000000092
:10d698000000000000000000000000000000000082
:10d6a8000000000000000000000000000000000072
:10d6b8000000000000000000000000000000000062
:10d6c8000000000000000000000000000000000052
:10d6d8000000000000000000000000000000000042
:10d6e8000000000000000000000000000000000032
:10d6f8000000000000000000000000000000000022
:10d708000000000000000000000000000000000011
:10d718000000000000000000000000000000000001
:10d7280000000000000000000000000000000000f1
:10d7380000000000000000000000000000000000e1
:10d7480000000000000000000000000000000000d1
:10d7580000000000000000000000000000000000c1
:10d7680000000000000000000000000000000000b1
:10d7780000000000000000000000000000000000a1
:10d788000000000000000000000000000000000091
:10d798000000000000000000000000000000000081
:10d7a8000000000000000000000000000000000071
:10d7b8000000000000000000000000000000000061
:10d7c8000000000000000000000000000000000051
:10d7d8000000000000000000000000000000000041
:10d7e8000000000000000000000000000000000031
:10d7f8000000000000000000000000000000000021
:10d808000000000000000000000000000000000010
:10d818000000000000000000000000000000000000
:10d8280000000000000000000000000000000000f0
:10d8380000000000000000000000000000000000e0
:10d8480000000000000000000000000000000000d0
:10d8580000000000000000000000000000000000c0
:10d8680000000000000000000000000000000000b0
:10d8780000000000000000000000000000000000a0
:10d888000000000000000000000000000000000090
:10d898000000000000000000000000000000000080
:10d8a8000000000000000000000000000000000070
:10d8b8000000000000000000000000000000000060
:10d8c8000000000000000000000000000000000050
:10d8d8000000000000000000000000000000000040
:10d8e8000000000000000000000000000000000030
:10d8f8000000000000000000000000000000000020
:10d90800000000000000000000000000000000000f
:10d9180000000000000000000000000000000000ff
:10d9280000000000000000000000000000000000ef
:10d9380000000000000000000000000000000000df
:10d9480000000000000000000000000000000000cf
:10d9580000000000000000000000000000000000bf
:10d9680000000000000000000000000000000000af
:10d97800000000000000000000000000000000009f
:10d98800000000000000000000000000000000008f
:10d99800000000000000000000000000000000007f
:10d9a800000000000000000000000000000000006f
:10d9b800000000000000000000000000000000005f
:10d9c800000000000000000000000000000000004f
:10d9d800000000000000000000000000000000003f
:10d9e800000000000000000000000000000000002f
:10d9f800000000000000000000000000000000001f
:10da0800000000000000000000000000000000000e
:10da180000000000000000000000000000000000fe
:10da280000000000000000000000000000000000ee
:10da380000000000000000000000000000000000de
:10da480000000000000000000000000000000000ce
:10da580000000000000000000000000000000000be
:10da680000000000000000000000000000000000ae
:10da7800000000000000000000000000000000009e
:10da8800000000000000000000000000000000008e
:10da9800000000000000000000000000000000007e
:10daa800000000000000000000000000000000006e
:10dab800000000000000000000000000000000005e
:10dac800000000000000000000000000000000004e
:10dad800000000000000000000000000000000003e
:10dae800000000000000000000000000000000002e
:10daf800000000000000000000000000000000001e
:10db0800000000000000000000000000000000000d
:10db180000000000000000000000000000000000fd
:10db280000000000000000000000000000000000ed
:10db380000000000000000000000000000000000dd
:10db480000000000000000000000000000000000cd
:10db580000000000000000000000000000000000bd
:10db680000000000000000000000000000000000ad
:10db7800000000000000000000000000000000009d
:10db8800000000000000000000000000000000008d
:10db9800000000000000000000000000000000007d
:10dba800000000000000000000000000000000006d
:10dbb800000000000000000000000000000000005d
:10dbc800000000000000000000000000000000004d
:10dbd800000000000000000000000000000000003d
:10dbe800000000000000000000000000000000002d
:10dbf800000000000000000000000000000000001d
:10dc0800000000000000000000000000000000000c
:10dc180000000000000000000000000000000000fc
:10dc280000000000000000000000000000000000ec
:10dc380000000000000000000000000000000000dc
:10dc480000000000000000000000000000000000cc
:10dc580000000000000000000000000000000000bc
:10dc680000000000000000000000000000000000ac
:10dc7800000000000000000000000000000000009c
:10dc8800000000000000000000000000000000008c
:10dc9800000000000000000000000000000000007c
:10dca800000000000000000000000000000000006c
:10dcb800000000000000000000000000000000005c
:10dcc800000000000000000000000000000000004c
:10dcd800000000000000000000000000000000003c
:10dce800000000000000000000000000000000002c
:10dcf800000000000000000000000000000000001c
:10dd0800000000000000000000000000000000000b
:10dd180000000000000000000000000000000000fb
:10dd280000000000000000000000000000000000eb
:10dd380000000000000000000000000000000000db
:10dd480000000000000000000000000000000000cb
:10dd580000000000000000000000000000000000bb
:10dd680000000000000000000000000000000000ab
:10dd7800000000000000000000000000000000009b
:10dd8800000000000000000000000000000000008b
:10dd9800000000000000000000000000000000007b
:10dda800000000000000000000000000000000006b
:10ddb800000000000000000000000000000000005b
:10ddc800000000000000000000000000000000004b
:10ddd800000000000000000000000000000000003b
:10dde800000000000000000000000000000000002b
:10ddf800000000000000000000000000000000001b
:10de0800000000000000000000000000000000000a
:10de180000000000000000000000000000000000fa
:10de280000000000000000000000000000000000ea
:10de380000000000000000000000000000000000da
:10de480000000000000000000000000000000000ca
:10de580000000000000000000000000000000000ba
:10de680000000000000000000000000000000000aa
:10de7800000000000000000000000000000000009a
:10de8800000000000000000000000000000000008a
:10de9800000000000000000000000000000000007a
:10dea800000000000000000000000000000000006a
:10deb800000000000000000000000000000000005a
:10dec800000000000000000000000000000000004a
:10ded800000000000000000000000000000000003a
:10dee800000000000000000000000000000000002a
:10def800000000000000000000000000000000001a
:10df08000000000000000000000000000000000009
:10df180000000000000000000000000000000000f9
:10df280000000000000000000000000000000000e9
:10df380000000000000000000000000000000000d9
:10df480000000000000000000000000000000000c9
:10df580000000000000000000000000000000000b9
:10df680000000000000000000000000000000000a9
:10df78000000000000000000000000000000000099
:10df88000000000000000000000000000000000089
:10df98000000000000000000000000000000000079
:10dfa8000000000000000000000000000000000069
:10dfb8000000000000000000000000000000000059
:10dfc8000000000000000000000000000000000049
:10dfd8000000000000000000000000000000000039
:10dfe8000000000000000000000000000000000029
:10dff8000000000000000000000000000000000019
:10e008000000000000000000000000000000000008
:10e0180000000000000000000000000000000000f8
:10e0280000000000000000000000000000000000e8
:10e0380000000000000000000000000000000000d8
:10e0480000000000000000000000000000000000c8
:10e0580000000000000000000000000000000000b8
:10e0680000000000000000000000000000000000a8
:10e078000000000000000000000000000000000098
:10e088000000000000000000000000000000000088
:10e098000000000000000000000000000000000078
:10e0a8000000000000000000000000000000000068
:10e0b8000000000000000000000000000000000058
:10e0c8000000000000000000000000000000000048
:10e0d8000000000000000000000000000000000038
:10e0e8000000000000000000000000000000000028
:10e0f8000000000000000000000000000000000018
:10e108000000000000000000000000000000000007
:10e1180000000000000000000000000000000000f7
:10e1280000000000000000000000000000000000e7
:10e1380000000000000000000000000000000000d7
:10e1480000000000000000000000000000000000c7
:10e1580000000000000000000000000000000000b7
:10e1680000000000000000000000000000000000a7
:10e178000000000000000000000000000000000097
:10e188000000000000000000000000000000000087
:10e198000000000000000000000000000000000077
:10e1a8000000000000000000000000000000000067
:10e1b8000000000000000000000000000000000057
:10e1c8000000000000000000000000000000000047
:10e1d8000000000000000000000000000000000037
:10e1e8000000000000000000000000000000000027
:10e1f8000000000000000000000000000000000017
:10e208000000000000000000000000000000000006
:10e2180000000000000000000000000000000000f6
:10e2280000000000000000000000000000000000e6
:10e2380000000000000000000000000000000000d6
:10e2480000000000000000000000000000000000c6
:10e2580000000000000000000000000000000000b6
:10e2680000000000000000000000000000000000a6
:10e278000000000000000000000000000000000096
:10e288000000000000000000000000000000000086
:10e298000000000000000000000000000000000076
:10e2a8000000000000000000000000000000000066
:10e2b8000000000000000000000000000000000056
:10e2c8000000000000000000000000000000000046
:10e2d8000000000000000000000000000000000036
:10e2e8000000000000000000000000000000000026
:10e2f8000000000000000000000000000000000016
:10e308000000000000000000000000000000000005
:10e3180000000000000000000000000000000000f5
:10e3280000000000000000000000000000000000e5
:10e3380000000000000000000000000000000000d5
:10e3480000000000000000000000000000000000c5
:10e3580000000000000000000000000000000000b5
:10e3680000000000000000000000000000000000a5
:10e378000000000000000000000000000000000095
:10e388000000000000000000000000000000000085
:10e398000000000000000000000000000000000075
:10e3a8000000000000000000000000000000000065
:10e3b8000000000000000000000000000000000055
:10e3c8000000000000000000000000000000000045
:10e3d8000000000000000000000000000000000035
:10e3e8000000000000000000000000000000000025
:10e3f8000000000000000000000000000000000015
:10e408000000000000000000000000000000000004
:10e4180000000000000000000000000000000000f4
:10e4280000000000000000000000000000000000e4
:10e4380000000000000000000000000000000000d4
:10e4480000000000000000000000000000000000c4
:10e4580000000000000000000000000000000000b4
:10e4680000000000000000000000000000000000a4
:10e478000000000000000000000000000000000094
:10e488000000000000000000000000000000000084
:10e498000000000000000000000000000000000074
:10e4a8000000000000000000000000000000000064
:10e4b8000000000000000000000000000000000054
:10e4c8000000000000000000000000000000000044
:10e4d8000000000000000000000000000000000034
:10e4e8000000000000000000000000000000000024
:10e4f8000000000000000000000000000000000014
:10e508000000000000000000000000000000000003
:10e5180000000000000000000000000000000000f3
:10e5280000000000000000000000000000000000e3
:10e5380000000000000000000000000000000000d3
:10e5480000000000000000000000000000000000c3
:10e5580000000000000000000000000000000000b3
:10e5680000000000000000000000000000000000a3
:10e578000000000000000000000000000000000093
:10e588000000000000000000000000000000000083
:10e598000000000000000000000000000000000073
:10e5a8000000000000000000000000000000000063
:10e5b8000000000000000000000000000000000053
:10e5c8000000000000000000000000000000000043
:10e5d8000000000000000000000000000000000033
:10e5e8000000000000000000000000000000000023
:10e5f8000000000000000000000000000000000013
:10e608000000000000000000000000000000000002
:10e6180000000000000000000000000000000000f2
:10e6280000000000000000000000000000000000e2
:10e6380000000000000000000000000000000000d2
:10e6480000000000000000000000000000000000c2
:10e6580000000000000000000000000000000000b2
:10e6680000000000000000000000000000000000a2
:10e678000000000000000000000000000000000092
:10e688000000000000000000000000000000000082
:10e698000000000000000000000000000000000072
:10e6a8000000000000000000000000000000000062
:10e6b8000000000000000000000000000000000052
:10e6c8000000000000000000000000000000000042
:10e6d8000000000000000000000000000000000032
:10e6e8000000000000000000000000000000000022
:10e6f8000000000000000000000000000000000012
:10e708000000000000000000000000000000000001
:10e7180000000000000000000000000000000000f1
:10e7280000000000000000000000000000000000e1
:10e7380000000000000000000000000000000000d1
:10e7480000000000000000000000000000000000c1
:10e7580000000000000000000000000000000000b1
:10e7680000000000000000000000000000000000a1
:10e778000000000000000000000000000000000091
:10e788000000000000000000000000000000000081
:10e798000000000000000000000000000000000071
:10e7a8000000000000000000000000000000000061
:10e7b8000000000000000000000000000000000051
:10e7c8000000000000000000000000000000000041
:10e7d8000000000000000000000000000000000031
:10e7e8000000000000000000000000000000000021
:10e7f8000000000000000000000000000000000011
:10e808000000000000000000000000000000000000
:10e8180000000000000000000000000000000000f0
:10e8280000000000000000000000000000000000e0
:10e8380000000000000000000000000000000000d0
:10e8480000000000000000000000000000000000c0
:10e8580000000000000000000000000000000000b0
:10e8680000000000000000000000000000000000a0
:10e878000000000000000000000000000000000090
:10e888000000000000000000000000000000000080
:10e898000000000000000000000000000000000070
:10e8a8000000000000000000000000000000000060
:10e8b8000000000000000000000000000000000050
:10e8c8000000000000000000000000000000000040
:10e8d8000000000000000000000000000000000030
:10e8e8000000000000000000000000000000000020
:10e8f8000000000000000000000000000000000010
:10e9080000000000000000000000000000000000ff
:10e9180000000000000000000000000000000000ef
:10e9280000000000000000000000000000000000df
:10e9380000000000000000000000000000000000cf
:10e9480000000000000000000000000000000000bf
:10e9580000000000000000000000000000000000af
:10e96800000000000000000000000000000000009f
:10e97800000000000000000000000000000000008f
:10e98800000000000000000000000000000000007f
:10e99800000000000000000000000000000000006f
:10e9a800000000000000000000000000000000005f
:10e9b800000000000000000000000000000000004f
:10e9c800000000000000000000000000000000003f
:10e9d800000000000000000000000000000000002f
:10e9e800000000000000000000000000000000001f
:10e9f800000000000000000000000000000000000f
:10ea080000000000000000000000000000000000fe
:10ea180000000000000000000000000000000000ee
:10ea280000000000000000000000000000000000de
:10ea380000000000000000000000000000000000ce
:10ea480000000000000000000000000000000000be
:10ea580000000000000000000000000000000000ae
:10ea6800000000000000000000000000000000009e
:10ea7800000000000000000000000000000000008e
:10ea8800000000000000000000000000000000007e
:10ea9800000000000000000000000000000000006e
:10eaa800000000000000000000000000000000005e
:10eab800000000000000000000000000000000004e
:10eac800000000000000000000000000000000003e
:10ead800000000000000000000000000000000002e
:10eae800000000000000000000000000000000001e
:10eaf800000000000000000000000000000000000e
:10eb080000000000000000000000000000000000fd
:10eb180000000000000000000000000000000000ed
:10eb280000000000000000000000000000000000dd
:10eb380000000000000000000000000000000000cd
:10eb480000000000000000000000000000000000bd
:10eb580000000000000000000000000000000000ad
:10eb6800000000000000000000000000000000009d
:10eb7800000000000000000000000000000000008d
:10eb8800000000000000000000000000000000007d
:10eb9800000000000000000000000000000000006d
:10eba800000000000000000000000000000000005d
:10ebb800000000000000000000000000000000004d
:10ebc800000000000000000000000000000000003d
:10ebd800000000000000000000000000000000002d
:10ebe800000000000000000000000000000000001d
:10ebf800000000000000000000000000000000000d
:10ec080000000000000000000000000000000000fc
:10ec180000000000000000000000000000000000ec
:10ec280000000000000000000000000000000000dc
:10ec380000000000000000000000000000000000cc
:10ec480000000000000000000000000000000000bc
:10ec580000000000000000000000000000000000ac
:10ec6800000000000000000000000000000000009c
:10ec7800000000000000000000000000000000008c
:10ec8800000000000000000000000000000000007c
:10ec9800000000000000000000000000000000006c
:10eca800000000000000000000000000000000005c
:10ecb800000000000000000000000000000000004c
:10ecc800000000000000000000000000000000003c
:10ecd800000000000000000000000000000000002c
:10ece800000000000000000000000000000000001c
:10ecf800000000000000000000000000000000000c
:10ed080000000000000000000000000000000000fb
:10ed180000000000000000000000000000000000eb
:10ed280000000000000000000000000000000000db
:10ed380000000000000000000000000000000000cb
:10ed480000000000000000000000000000000000bb
:10ed580000000000000000000000000000000000ab
:10ed6800000000000000000000000000000000009b
:10ed7800000000000000000000000000000000008b
:10ed8800000000000000000000000000000000007b
:10ed9800000000000000000000000000000000006b
:10eda800000000000000000000000000000000005b
:10edb800000000000000000000000000000000004b
:10edc800000000000000000000000000000000003b
:10edd800000000000000000000000000000000002b
:10ede800000000000000000000000000000000001b
:10edf800000000000000000000000000000000000b
:10ee080000000000000000000000000000000000fa
:10ee180000000000000000000000000000000000ea
:10ee280000000000000000000000000000000000da
:10ee380000000000000000000000000000000000ca
:10ee480000000000000000000000000000000000ba
:10ee580000000000000000000000000000000000aa
:10ee6800000000000000000000000000000000009a
:10ee7800000000000000000000000000000000008a
:10ee8800000000000000000000000000000000007a
:10ee9800000000000000000000000000000000006a
:10eea800000000000000000000000000000000005a
:10eeb800000000000000000000000000000000004a
:10eec800000000000000000000000000000000003a
:10eed800000000000000000000000000000000002a
:10eee800000000000000000000000000000000001a
:10eef800000000000000000000000000000000000a
:10ef080000000000000000000000000000000000f9
:10ef180000000000000000000000000000000000e9
:10ef280000000000000000000000000000000000d9
:10ef380000000000000000000000000000000000c9
:10ef480000000000000000000000000000000000b9
:10ef580000000000000000000000000000000000a9
:10ef68000000000000000000000000000000000099
:10ef78000000000000000000000000000000000089
:10ef88000000000000000000000000000000000079
:10ef98000000000000000000000000000000000069
:10efa8000000000000000000000000000000000059
:10efb8000000000000000000000000000000000049
:10efc8000000000000000000000000000000000039
:10efd8000000000000000000000000000000000029
:10efe8000000000000000000000000000000000019
:10eff8000000000000000000000000000000000009
:10f0080000000000000000000000000000000000f8
:10f0180000000000000000000000000000000000e8
:10f0280000000000000000000000000000000000d8
:10f0380000000000000000000000000000000000c8
:10f0480000000000000000000000000000000000b8
:10f0580000000000000000000000000000000000a8
:10f068000000000000000000000000000000000098
:10f078000000000000000000000000000000000088
:10f088000000000000000000000000000000000078
:10f098000000000000000000000000000000000068
:10f0a8000000000000000000000000000000000058
:10f0b8000000000000000000000000000000000048
:10f0c8000000000000000000000000000000000038
:10f0d8000000000000000000000000000000000028
:10f0e8000000000000000000000000000000000018
:10f0f8000000000000000000000000000000000008
:10f1080000000000000000000000000000000000f7
:10f1180000000000000000000000000000000000e7
:10f1280000000000000000000000000000000000d7
:10f1380000000000000000000000000000000000c7
:10f1480000000000000000000000000000000000b7
:10f1580000000000000000000000000000000000a7
:10f168000000000000000000000000000000000097
:10f178000000000000000000000000000000000087
:10f188000000000000000000000000000000000077
:10f198000000000000000000000000000000000067
:10f1a8000000000000000000000000000000000057
:10f1b8000000000000000000000000000000000047
:10f1c8000000000000000000000000000000000037
:10f1d8000000000000000000000000000000000027
:10f1e8000000000000000000000000000000000017
:10f1f8000000000000000000000000000000000007
:10f2080000000000000000000000000000000000f6
:10f2180000000000000000000000000000000000e6
:10f2280000000000000000000000000000000000d6
:10f2380000000000000000000000000000000000c6
:10f2480000000000000000000000000000000000b6
:10f2580000000000000000000000000000000000a6
:10f268000000000000000000000000000000000096
:10f278000000000000000000000000000000000086
:10f288000000000000000000000000000000000076
:10f298000000000000000000000000000000000066
:10f2a8000000000000000000000000000000000056
:10f2b8000000000000000000000000000000000046
:10f2c8000000000000000000000000000000000036
:10f2d8000000000000000000000000000000000026
:10f2e8000000000000000000000000000000000016
:10f2f8000000000000000000000000000000000006
:10f3080000000000000000000000000000000000f5
:10f3180000000000000000000000000000000000e5
:10f3280000000000000000000000000000000000d5
:10f3380000000000000000000000000000000000c5
:10f3480000000000000000000000000000000000b5
:10f3580000000000000000000000000000000000a5
:10f368000000000000000000000000000000000095
:10f378000000000000000000000000000000000085
:10f388000000000000000000000000000000000075
:10f398000000000000000000000000000000000065
:10f3a8000000000000000000000000000000000055
:10f3b8000000000000000000000000000000000045
:10f3c8000000000000000000000000000000000035
:10f3d8000000000000000000000000000000000025
:10f3e8000000000000000000000000000000000015
:10f3f8000000000000000000000000000000000005
:10f4080000000000000000000000000000000000f4
:10f4180000000000000000000000000000000000e4
:10f4280000000000000000000000000000000000d4
:10f4380000000000000000000000000000000000c4
:10f4480000000000000000000000000000000000b4
:10f4580000000000000000000000000000000000a4
:10f468000000000000000000000000000000000094
:10f478000000000000000000000000000000000084
:10f488000000000000000000000000000000000074
:10f498000000000000000000000000000000000064
:10f4a8000000000000000000000000000000000054
:10f4b8000000000000000000000000000000000044
:10f4c8000000000000000000000000000000000034
:10f4d8000000000000000000000000000000000024
:10f4e8000000000000000000000000000000000014
:10f4f8000000000000000000000000000000000004
:10f5080000000000000000000000000000000000f3
:10f5180000000000000000000000000000000000e3
:10f5280000000000000000000000000000000000d3
:10f5380000000000000000000000000000000000c3
:10f5480000000000000000000000000000000000b3
:10f5580000000000000000000000000000000000a3
:10f568000000000000000000000000000000000093
:10f578000000000000000000000000000000000083
:10f588000000000000000000000000000000000073
:10f598000000000000000000000000000000000063
:10f5a8000000000000000000000000000000000053
:10f5b8000000000000000000000000000000000043
:10f5c8000000000000000000000000000000000033
:10f5d8000000000000000000000000000000000023
:10f5e8000000000000000000000000000000000013
:10f5f8000000000000000000000000000000000003
:10f6080000000000000000000000000000000000f2
:10f6180000000000000000000000000000000000e2
:10f6280000000000000000000000000000000000d2
:10f6380000000000000000000000000000000000c2
:10f6480000000000000000000000000000000000b2
:10f6580000000000000000000000000000000000a2
:10f668000000000000000000000000000000000092
:10f678000000000000000000000000000000000082
:10f688000000000000000000000000000000000072
:10f698000000000000000000000000000000000062
:10f6a8000000000000000000000000000000000052
:10f6b8000000000000000000000000000000000042
:10f6c8000000000000000000000000000000000032
:10f6d8000000000000000000000000000000000022
:10f6e8000000000000000000000000000000000012
:10f6f8000000000000000000000000000000000002
:10f7080000000000000000000000000000000000f1
:10f7180000000000000000000000000000000000e1
:10f7280000000000000000000000000000000000d1
:10f7380000000000000000000000000000000000c1
:10f7480000000000000000000000000000000000b1
:10f7580000000000000000000000000000000000a1
:10f768000000000000000000000000000000000091
:10f778000000000000000000000000000000000081
:10f788000000000000000000000000000000000071
:10f798000000000000000000000000000000000061
:10f7a8000000000000000000000000000000000051
:10f7b8000000000000000000000000000000000041
:10f7c8000000000000000000000000000000000031
:10f7d8000000000000000000000000000000000021
:10f7e8000000000000000000000000000000000011
:10f7f8000000000000000000000000000000000001
:10f8080000000000000000000000000000000000f0
:10f8180000000000000000000000000000000000e0
:10f8280000000000000000000000000000000000d0
:10f8380000000000000000000000000000000000c0
:10f8480000000000000000000000000000000000b0
:10f8580000000000000000000000000000000000a0
:10f868000000000000000000000000000000000090
:10f878000000000000000000000000000000000080
:10f888000000000000000000000000000000000070
:10f898000000000000000000000000000000000060
:10f8a8000000000000000000000000000000000050
:10f8b8000000000000000000000000000000000040
:10f8c8000000000000000000000000000000000030
:10f8d8000000000000000000000000000000000020
:10f8e8000000000000000000000000000000000010
:10f8f8000000000000000000000000000000000000
:10f9080000000000000000000000000000000000ef
:10f9180000000000000000000000000000000000df
:10f9280000000000000000000000000000000000cf
:10f9380000000000000000000000000000000000bf
:10f9480000000000000000000000000000000000af
:10f95800000000000000000000000000000000009f
:10f96800000000000000000000000000000000008f
:10f97800000000000000000000000000000000007f
:10f98800000000000000000000000000000000006f
:10f99800000000000000000000000000000000005f
:10f9a800000000000000000000000000000000004f
:10f9b800000000000000000000000000000000003f
:10f9c800000000000000000000000000000000002f
:10f9d800000000000000000000000000000000001f
:10f9e800000000000000000000000000000000000f
:10f9f80000000000000000000000000000000000ff
:10fa080000000000000000000000000000000000ee
:10fa180000000000000000000000000000000000de
:10fa280000000000000000000000000000000000ce
:10fa380000000000000000000000000000000000be
:10fa480000000000000000000000000000000000ae
:10fa5800000000000000000000000000000000009e
:10fa6800000000000000000000000000000000008e
:10fa7800000000000000000000000000000000007e
:10fa8800000000000000000000000000000000006e
:10fa9800000000000000000000000000000000005e
:10faa800000000000000000000000000000000004e
:10fab800000000000000000000000000000000003e
:10fac800000000000000000000000000000000002e
:10fad800000000000000000000000000000000001e
:10fae800000000000000000000000000000000000e
:10faf80000000000000000000000000000000000fe
:10fb080000000000000000000000000000000000ed
:10fb180000000000000000000000000000000000dd
:10fb280000000000000000000000000000000000cd
:10fb380000000000000000000000000000000000bd
:10fb480000000000000000000000000000000000ad
:10fb5800000000000000000000000000000000009d
:10fb6800000000000000000000000000000000008d
:10fb7800000000000000000000000000000000007d
:10fb8800000000000000000000000000000000006d
:10fb9800000000000000000000000000000000005d
:10fba800000000000000000000000000000000004d
:10fbb800000000000000000000000000000000003d
:10fbc800000000000000000000000000000000002d
:10fbd800000000000000000000000000000000001d
:10fbe800000000000000000000000000000000000d
:10fbf80000000000000000000000000000000000fd
:10fc080000000000000000000000000000000000ec
:10fc180000000000000000000000000000000000dc
:10fc280000000000000000000000000000000000cc
:10fc380000000000000000000000000000000000bc
:10fc480000000000000000000000000000000000ac
:10fc5800000000000000000000000000000000009c
:10fc6800000000000000000000000000000000008c
:10fc7800000000000000000000000000000000007c
:10fc8800000000000000000000000000000000006c
:10fc9800000000000000000000000000000000005c
:10fca800000000000000000000000000000000004c
:10fcb800000000000000000000000000000000003c
:10fcc800000000000000000000000000000000002c
:10fcd800000000000000000000000000000000001c
:10fce800000000000000000000000000000000000c
:10fcf80000000000000000000000000000000000fc
:10fd080000000000000000000000000000000000eb
:10fd180000000000000000000000000000000000db
:10fd280000000000000000000000000000000000cb
:10fd380000000000000000000000000000000000bb
:10fd480000000000000000000000000000000000ab
:10fd5800000000000000000000000000000000009b
:10fd6800000000000000000000000000000000008b
:10fd7800000000000000000000000000000000007b
:10fd8800000000000000000000000000000000006b
:10fd9800000000000000000000000000000000005b
:10fda800000000000000000000000000000000004b
:10fdb800000000000000000000000000000000003b
:10fdc800000000000000000000000000000000002b
:10fdd800000000000000000000000000000000001b
:10fde800000000000000000000000000000000000b
:10fdf80000000000000000000000000000000000fb
:10fe080000000000000000000000000000000000ea
:10fe180000000000000000000000000000000000da
:10fe280000000000000000000000000000000000ca
:10fe380000000000000000000000000000000000ba
:10fe480000000000000000000000000000000000aa
:10fe5800000000000000000000000000000000009a
:10fe6800000000000000000000000000000000008a
:10fe7800000000000000000000000000000000007a
:10fe8800000000000000000000000000000000006a
:10fe9800000000000000000000000000000000005a
:10fea800000000000000000000000000000000004a
:10feb800000000000000000000000000000000003a
:10fec800000000000000000000000000000000002a
:10fed800000000000000000000000000000000001a
:10fee800000000000000000000000000000000000a
:10fef80000000000000000000000000000000000fa
:10ff080000000000000000000000000000000000e9
:10ff180000000000000000000000000000000000d9
:10ff280000000000000000000000000000000000c9
:10ff380000000000000000000000000000000000b9
:10ff480000000000000000000000000000000000a9
:10ff58000000000000000000000000000000000099
:10ff68000000000000000000000000000000000089
:10ff78000000000000000000000000000000000079
:10ff88000000000000000000000000000000000069
:10ff98000000000000000000000000000000000059
:10ffa8000000000000000000000000000000000049
:10ffb8000000000000000000000000000000000039
:10ffc8000000000000000000000000000000000029
:10ffd8000000000000000000000000000000000019
:10ffe8000000000000000000000000000000000009
:10fff80000000000000000000000000000000000f9
:020000040001f9
:1000080000000000000000000000000000000000e8
:1000180000000000000000000000000000000000d8
:1000280000000000000000000000000000000000c8
:1000380000000000000000000000000000000000b8
:1000480000000000000000000000000000000000a8
:100058000000000000000000000000000000000098
:100068000000000000000000000000000000000088
:100078000000000000000000000000000000000078
:100088000000000000000000000000000000000068
:100098000000000000000000000000000000000058
:1000a8000000000000000000000000000000000048
:1000b8000000000000000000000000000000000038
:1000c8000000000000000000000000000000000028
:1000d8000000000000000000000000000000000018
:1000e8000000000000000000000000000000000008
:1000f80000000000000000000000000000000000f8
:1001080000000000000000000000000000000000e7
:1001180000000000000000000000000000000000d7
:1001280000000000000000000000000000000000c7
:1001380000000000000000000000000000000000b7
:1001480000000000000000000000000000000000a7
:100158000000000000000000000000000000000097
:100168000000000000000000000000000000000087
:100178000000000000000000000000000000000077
:100188000000000000000000000000000000000067
:100198000000000000000000000000000000000057
:1001a8000000000000000000000000000000000047
:1001b8000000000000000000000000000000000037
:1001c8000000000000000000000000000000000027
:1001d8000000000000000000000000000000000017
:1001e8000000000000000000000000000000000007
:1001f80000000000000000000000000000000000f7
:1002080000000000000000000000000000000000e6
:1002180000000000000000000000000000000000d6
:1002280000000000000000000000000000000000c6
:1002380000000000000000000000000000000000b6
:1002480000000000000000000000000000000000a6
:100258000000000000000000000000000000000096
:100268000000000000000000000000000000000086
:100278000000000000000000000000000000000076
:100288000000000000000000000000000000000066
:100298000000000000000000000000000000000056
:1002a8000000000000000000000000000000000046
:1002b8000000000000000000000000000000000036
:1002c8000000000000000000000000000000000026
:1002d8000000000000000000000000000000000016
:1002e8000000000000000000000000000000000006
:1002f80000000000000000000000000000000000f6
:1003080000000000000000000000000000000000e5
:1003180000000000000000000000000000000000d5
:1003280000000000000000000000000000000000c5
:1003380000000000000000000000000000000000b5
:1003480000000000000000000000000000000000a5
:100358000000000000000000000000000000000095
:100368000000000000000000000000000000000085
:100378000000000000000000000000000000000075
:100388000000000000000000000000000000000065
:100398000000000000000000000000000000000055
:1003a8000000000000000000000000000000000045
:1003b8000000000000000000000000000000000035
:1003c8000000000000000000000000000000000025
:1003d8000000000000000000000000000000000015
:1003e8000000000000000000000000000000000005
:1003f80000000000000000000000000000000000f5
:1004080000000000000000000000000000000000e4
:1004180000000000000000000000000000000000d4
:1004280000000000000000000000000000000000c4
:1004380000000000000000000000000000000000b4
:1004480000000000000000000000000000000000a4
:100458000000000000000000000000000000000094
:100468000000000000000000000000000000000084
:100478000000000000000000000000000000000074
:100488000000000000000000000000000000000064
:100498000000000000000000000000000000000054
:1004a8000000000000000000000000000000000044
:1004b8000000000000000000000000000000000034
:1004c8000000000000000000000000000000000024
:1004d8000000000000000000000000000000000014
:1004e8000000000000000000000000000000000004
:1004f80000000000000000000000000000000000f4
:1005080000000000000000000000000000000000e3
:1005180000000000000000000000000000000000d3
:1005280000000000000000000000000000000000c3
:1005380000000000000000000000000000000000b3
:1005480000000000000000000000000000000000a3
:100558000000000000000000000000000000000093
:100568000000000000000000000000000000000083
:100578000000000000000000000000000000000073
:100588000000000000000000000000000000000063
:100598000000000000000000000000000000000053
:1005a8000000000000000000000000000000000043
:1005b8000000000000000000000000000000000033
:1005c8000000000000000000000000000000000023
:1005d8000000000000000000000000000000000013
:1005e8000000000000000000000000000000000003
:1005f80000000000000000000000000000000000f3
:1006080000000000000000000000000000000000e2
:1006180000000000000000000000000000000000d2
:1006280000000000000000000000000000000000c2
:1006380000000000000000000000000000000000b2
:1006480000000000000000000000000000000000a2
:100658000000000000000000000000000000000092
:100668000000000000000000000000000000000082
:100678000000000000000000000000000000000072
:100688000000000000000000000000000000000062
:100698000000000000000000000000000000000052
:1006a8000000000000000000000000000000000042
:1006b8000000000000000000000000000000000032
:1006c8000000000000000000000000000000000022
:1006d8000000000000000000000000000000000012
:1006e8000000000000000000000000000000000002
:1006f80000000000000000000000000000000000f2
:1007080000000000000000000000000000000000e1
:1007180000000000000000000000000000000000d1
:1007280000000000000000000000000000000000c1
:1007380000000000000000000000000000000000b1
:1007480000000000000000000000000000000000a1
:100758000000000000000000000000000000000091
:100768000000000000000000000000000000000081
:100778000000000000000000000000000000000071
:100788000000000000000000000000000000000061
:100798000000000000000000000000000000000051
:1007a8000000000000000000000000000000000041
:1007b8000000000000000000000000000000000031
:1007c8000000000000000000000000000000000021
:1007d8000000000000000000000000000000000011
:1007e8000000000000000000000000000000000001
:1007f80000000000000000000000000000000000f1
:1008080000000000000000000000000000000000e0
:1008180000000000000000000000000000000000d0
:1008280000000000000000000000000000000000c0
:1008380000000000000000000000000000000000b0
:1008480000000000000000000000000000000000a0
:100858000000000000000000000000000000000090
:100868000000000000000000000000000000000080
:100878000000000000000000000000000000000070
:100888000000000000000000000000000000000060
:100898000000000000000000000000000000000050
:1008a8000000000000000000000000000000000040
:1008b8000000000000000000000000000000000030
:1008c8000000000000000000000000000000000020
:1008d8000000000000000000000000000000000010
:1008e8000000000000000000000000000000000000
:1008f80000000000000000000000000000000000f0
:1009080000000000000000000000000000000000df
:1009180000000000000000000000000000000000cf
:1009280000000000000000000000000000000000bf
:1009380000000000000000000000000000000000af
:10094800000000000000000000000000000000009f
:10095800000000000000000000000000000000008f
:10096800000000000000000000000000000000007f
:10097800000000000000000000000000000000006f
:10098800000000000000000000000000000000005f
:10099800000000000000000000000000000000004f
:1009a800000000000000000000000000000000003f
:1009b800000000000000000000000000000000002f
:1009c800000000000000000000000000000000001f
:1009d800000000000000000000000000000000000f
:1009e80000000000000000000000000000000000ff
:1009f80000000000000000000000000000000000ef
:100a080000000000000000000000000000000000de
:100a180000000000000000000000000000000000ce
:100a280000000000000000000000000000000000be
:100a380000000000000000000000000000000000ae
:100a4800000000000000000000000000000000009e
:100a5800000000000000000000000000000000008e
:100a6800000000000000000000000000000000007e
:100a7800000000000000000000000000000000006e
:100a8800000000000000000000000000000000005e
:100a9800000000000000000000000000000000004e
:100aa800000000000000000000000000000000003e
:100ab800000000000000000000000000000000002e
:100ac800000000000000000000000000000000001e
:100ad800000000000000000000000000000000000e
:100ae80000000000000000000000000000000000fe
:100af80000000000000000000000000000000000ee
:100b080000000000000000000000000000000000dd
:100b180000000000000000000000000000000000cd
:100b280000000000000000000000000000000000bd
:100b380000000000000000000000000000000000ad
:100b4800000000000000000000000000000000009d
:100b5800000000000000000000000000000000008d
:100b6800000000000000000000000000000000007d
:100b7800000000000000000000000000000000006d
:100b8800000000000000000000000000000000005d
:100b9800000000000000000000000000000000004d
:100ba800000000000000000000000000000000003d
:100bb800000000000000000000000000000000002d
:100bc800000000000000000000000000000000001d
:100bd800000000000000000000000000000000000d
:100be80000000000000000000000000000000000fd
:100bf80000000000000000000000000000000000ed
:100c080000000000000000000000000000000000dc
:100c180000000000000000000000000000000000cc
:100c280000000000000000000000000000000000bc
:100c380000000000000000000000000000000000ac
:100c4800000000000000000000000000000000009c
:100c5800000000000000000000000000000000008c
:100c6800000000000000000000000000000000007c
:100c7800000000000000000000000000000000006c
:100c8800000000000000000000000000000000005c
:100c9800000000000000000000000000000000004c
:100ca800000000000000000000000000000000003c
:100cb800000000000000000000000000000000002c
:100cc800000000000000000000000000000000001c
:100cd800000000000000000000000000000000000c
:100ce80000000000000000000000000000000000fc
:100cf80000000000000000000000000000000000ec
:100d080000000000000000000000000000000000db
:100d180000000000000000000000000000000000cb
:100d280000000000000000000000000000000000bb
:100d380000000000000000000000000000000000ab
:100d4800000000000000000000000000000000009b
:100d5800000000000000000000000000000000008b
:100d6800000000000000000000000000000000007b
:100d7800000000000000000000000000000000006b
:100d8800000000000000000000000000000000005b
:100d9800000000000000000000000000000000004b
:100da800000000000000000000000000000000003b
:100db800000000000000000000000000000000002b
:100dc800000000000000000000000000000000001b
:100dd800000000000000000000000000000000000b
:100de80000000000000000000000000000000000fb
:100df80000000000000000000000000000000000eb
:100e080000000000000000000000000000000000da
:100e180000000000000000000000000000000000ca
:100e280000000000000000000000000000000000ba
:100e380000000000000000000000000000000000aa
:100e4800000000000000000000000000000000009a
:100e5800000000000000000000000000000000008a
:100e6800000000000000000000000000000000007a
:100e7800000000000000000000000000000000006a
:100e8800000000000000000000000000000000005a
:100e9800000000000000000000000000000000004a
:100ea800000000000000000000000000000000003a
:100eb800000000000000000000000000000000002a
:100ec800000000000000000000000000000000001a
:100ed800000000000000000000000000000000000a
:100ee80000000000000000000000000000000000fa
:100ef80000000000000000000000000000000000ea
:100f080000000000000000000000000000000000d9
:100f180000000000000000000000000000000000c9
:100f280000000000000000000000000000000000b9
:100f380000000000000000000000000000000000a9
:100f48000000000000000000000000000000000099
:100f58000000000000000000000000000000000089
:100f68000000000000000000000000000000000079
:100f78000000000000000000000000000000000069
:100f88000000000000000000000000000000000059
:100f98000000000000000000000000000000000049
:100fa8000000000000000000000000000000000039
:100fb8000000000000000000000000000000000029
:100fc8000000000000000000000000000000000019
:100fd8000000000000000000000000000000000009
:100fe80000000000000000000000000000000000f9
:100ff80000000000000000000000000000000000e9
:1010080000000000000000000000000000000000d8
:1010180000000000000000000000000000000000c8
:1010280000000000000000000000000000000000b8
:1010380000000000000000000000000000000000a8
:101048000000000000000000000000000000000098
:101058000000000000000000000000000000000088
:101068000000000000000000000000000000000078
:101078000000000000000000000000000000000068
:101088000000000000000000000000000000000058
:101098000000000000000000000000000000000048
:1010a8000000000000000000000000000000000038
:1010b8000000000000000000000000000000000028
:1010c8000000000000000000000000000000000018
:1010d8000000000000000000000000000000000008
:1010e80000000000000000000000000000000000f8
:1010f80000000000000000000000000000000000e8
:1011080000000000000000000000000000000000d7
:1011180000000000000000000000000000000000c7
:1011280000000000000000000000000000000000b7
:1011380000000000000000000000000000000000a7
:101148000000000000000000000000000000000097
:101158000000000000000000000000000000000087
:101168000000000000000000000000000000000077
:101178000000000000000000000000000000000067
:101188000000000000000000000000000000000057
:101198000000000000000000000000000000000047
:1011a8000000000000000000000000000000000037
:1011b8000000000000000000000000000000000027
:1011c8000000000000000000000000000000000017
:1011d8000000000000000000000000000000000007
:1011e80000000000000000000000000000000000f7
:1011f80000000000000000000000000000000000e7
:1012080000000000000000000000000000000000d6
:1012180000000000000000000000000000000000c6
:1012280000000000000000000000000000000000b6
:1012380000000000000000000000000000000000a6
:101248000000000000000000000000000000000096
:101258000000000000000000000000000000000086
:101268000000000000000000000000000000000076
:101278000000000000000000000000000000000066
:101288000000000000000000000000000000000056
:101298000000000000000000000000000000000046
:1012a8000000000000000000000000000000000036
:1012b8000000000000000000000000000000000026
:1012c8000000000000000000000000000000000016
:1012d8000000000000000000000000000000000006
:1012e80000000000000000000000000000000000f6
:1012f80000000000000000000000000000000000e6
:1013080000000000000000000000000000000000d5
:1013180000000000000000000000000000000000c5
:1013280000000000000000000000000000000000b5
:1013380000000000000000000000000000000000a5
:101348000000000000000000000000000000000095
:101358000000000000000000000000000000000085
:101368000000000000000000000000000000000075
:101378000000000000000000000000000000000065
:101388000000000000000000000000000000000055
:101398000000000000000000000000000000000045
:1013a8000000000000000000000000000000000035
:1013b8000000000000000000000000000000000025
:1013c8000000000000000000000000000000000015
:1013d8000000000000000000000000000000000005
:1013e80000000000000000000000000000000000f5
:1013f80000000000000000000000000000000000e5
:1014080000000000000000000000000000000000d4
:1014180000000000000000000000000000000000c4
:1014280000000000000000000000000000000000b4
:1014380000000000000000000000000000000000a4
:101448000000000000000000000000000000000094
:101458000000000000000000000000000000000084
:101468000000000000000000000000000000000074
:101478000000000000000000000000000000000064
:101488000000000000000000000000000000000054
:101498000000000000000000000000000000000044
:1014a8000000000000000000000000000000000034
:1014b8000000000000000000000000000000000024
:1014c8000000000000000000000000000000000014
:1014d8000000000000000000000000000000000004
:1014e80000000000000000000000000000000000f4
:1014f80000000000000000000000000000000000e4
:1015080000000000000000000000000000000000d3
:1015180000000000000000000000000000000000c3
:1015280000000000000000000000000000000000b3
:1015380000000000000000000000000000000000a3
:101548000000000000000000000000000000000093
:101558000000000000000000000000000000000083
:101568000000000000000000000000000000000073
:101578000000000000000000000000000000000063
:101588000000000000000000000000000000000053
:101598000000000000000000000000000000000043
:1015a8000000000000000000000000000000000033
:1015b8000000000000000000000000000000000023
:1015c8000000000000000000000000000000000013
:1015d8000000000000000000000000000000000003
:1015e80000000000000000000000000000000000f3
:1015f80000000000000000000000000000000000e3
:1016080000000000000000000000000000000000d2
:1016180000000000000000000000000000000000c2
:1016280000000000000000000000000000000000b2
:1016380000000000000000000000000000000000a2
:101648000000000000000000000000000000000092
:101658000000000000000000000000000000000082
:101668000000000000000000000000000000000072
:101678000000000000000000000000000000000062
:101688000000000000000000000000000000000052
:101698000000000000000000000000000000000042
:1016a8000000000000000000000000000000000032
:1016b8000000000000000000000000000000000022
:1016c8000000000000000000000000000000000012
:1016d8000000000000000000000000000000000002
:1016e80000000000000000000000000000000000f2
:1016f80000000000000000000000000000000000e2
:1017080000000000000000000000000000000000d1
:1017180000000000000000000000000000000000c1
:1017280000000000000000000000000000000000b1
:1017380000000000000000000000000000000000a1
:101748000000000000000000000000000000000091
:101758000000000000000000000000000000000081
:101768000000000000000000000000000000000071
:101778000000000000000000000000000000000061
:101788000000000000000000000000000000000051
:101798000000000000000000000000000000000041
:1017a8000000000000000000000000000000000031
:1017b8000000000000000000000000000000000021
:1017c8000000000000000000000000000000000011
:1017d8000000000000000000000000000000000001
:1017e80000000000000000000000000000000000f1
:1017f80000000000000000000000000000000000e1
:1018080000000000000000000000000000000000d0
:1018180000000000000000000000000000000000c0
:1018280000000000000000000000000000000000b0
:1018380000000000000000000000000000000000a0
:101848000000000000000000000000000000000090
:101858000000000000000000000000000000000080
:101868000000000000000000000000000000000070
:101878000000000000000000000000000000000060
:101888000000000000000000000000000000000050
:101898000000000000000000000000000000000040
:1018a8000000000000000000000000000000000030
:1018b8000000000000000000000000000000000020
:1018c8000000000000000000000000000000000010
:1018d8000000000000000000000000000000000000
:1018e80000000000000000000000000000000000f0
:1018f80000000000000000000000000000000000e0
:1019080000000000000000000000000000000000cf
:1019180000000000000000000000000000000000bf
:1019280000000000000000000000000000000000af
:10193800000000000000000000000000000000009f
:10194800000000000000000000000000000000008f
:10195800000000000000000000000000000000007f
:10196800000000000000000000000000000000006f
:10197800000000000000000000000000000000005f
:10198800000000000000000000000000000000004f
:10199800000000000000000000000000000000003f
:1019a800000000000000000000000000000000002f
:1019b800000000000000000000000000000000001f
:1019c800000000000000000000000000000000000f
:1019d80000000000000000000000000000000000ff
:1019e80000000000000000000000000000000000ef
:1019f80000000000000000000000000000000000df
:101a080000000000000000000000000000000000ce
:101a180000000000000000000000000000000000be
:101a280000000000000000000000000000000000ae
:101a3800000000000000000000000000000000009e
:101a4800000000000000000000000000000000008e
:101a5800000000000000000000000000000000007e
:101a6800000000000000000000000000000000006e
:101a7800000000000000000000000000000000005e
:101a8800000000000000000000000000000000004e
:101a9800000000000000000000000000000000003e
:101aa800000000000000000000000000000000002e
:101ab800000000000000000000000000000000001e
:101ac800000000000000000000000000000000000e
:101ad80000000000000000000000000000000000fe
:101ae80000000000000000000000000000000000ee
:101af80000000000000000000000000000000000de
:101b080000000000000000000000000000000000cd
:101b180000000000000000000000000000000000bd
:101b280000000000000000000000000000000000ad
:101b3800000000000000000000000000000000009d
:101b4800000000000000000000000000000000008d
:101b5800000000000000000000000000000000007d
:101b6800000000000000000000000000000000006d
:101b7800000000000000000000000000000000005d
:101b8800000000000000000000000000000000004d
:101b9800000000000000000000000000000000003d
:101ba800000000000000000000000000000000002d
:101bb800000000000000000000000000000000001d
:101bc800000000000000000000000000000000000d
:101bd80000000000000000000000000000000000fd
:101be80000000000000000000000000000000000ed
:101bf80000000000000000000000000000000000dd
:101c080000000000000000000000000000000000cc
:101c180000000000000000000000000000000000bc
:101c280000000000000000000000000000000000ac
:101c3800000000000000000000000000000000009c
:101c4800000000000000000000000000000000008c
:101c5800000000000000000000000000000000007c
:101c6800000000000000000000000000000000006c
:101c7800000000000000000000000000000000005c
:101c8800000000000000000000000000000000004c
:101c9800000000000000000000000000000000003c
:101ca800000000000000000000000000000000002c
:101cb800000000000000000000000000000000001c
:101cc800000000000000000000000000000000000c
:101cd80000000000000000000000000000000000fc
:101ce80000000000000000000000000000000000ec
:101cf80000000000000000000000000000000000dc
:101d080000000000000000000000000000000000cb
:101d180000000000000000000000000000000000bb
:101d280000000000000000000000000000000000ab
:101d3800000000000000000000000000000000009b
:101d4800000000000000000000000000000000008b
:101d5800000000000000000000000000000000007b
:101d6800000000000000000000000000000000006b
:101d7800000000000000000000000000000000005b
:101d8800000000000000000000000000000000004b
:101d9800000000000000000000000000000000003b
:101da800000000000000000000000000000000002b
:101db800000000000000000000000000000000001b
:101dc800000000000000000000000000000000000b
:101dd80000000000000000000000000000000000fb
:101de80000000000000000000000000000000000eb
:101df80000000000000000000000000000000000db
:101e080000000000000000000000000000000000ca
:101e180000000000000000000000000000000000ba
:101e280000000000000000000000000000000000aa
:101e3800000000000000000000000000000000009a
:101e4800000000000000000000000000000000008a
:101e5800000000000000000000000000000000007a
:101e6800000000000000000000000000000000006a
:101e7800000000000000000000000000000000005a
:101e8800000000000000000000000000000000004a
:101e9800000000000000000000000000000000003a
:101ea800000000000000000000000000000000002a
:101eb800000000000000000000000000000000001a
:101ec800000000000000000000000000000000000a
:101ed80000000000000000000000000000000000fa
:101ee80000000000000000000000000000000000ea
:101ef80000000000000000000000000000000000da
:101f080000000000000000000000000000000000c9
:101f180000000000000000000000000000000000b9
:101f280000000000000000000000000000000000a9
:101f38000000000000000000000000000000000099
:101f48000000000000000000000000000000000089
:101f58000000000000000000000000000000000079
:101f68000000000000000000000000000000000069
:101f78000000000000000000000000000000000059
:101f88000000000000000000000000000000000049
:101f98000000000000000000000000000000000039
:101fa8000000000000000000000000000000000029
:101fb8000000000000000000000000000000000019
:101fc8000000000000000000000000000000000009
:101fd80000000000000000000000000000000000f9
:101fe80000000000000000000000000000000000e9
:101ff80000000000000000000000000000000000d9
:1020080000000000000000000000000000000000c8
:1020180000000000000000000000000000000000b8
:1020280000000000000000000000000000000000a8
:102038000000000000000000000000000000000098
:102048000000000000000000000000000000000088
:102058000000000000000000000000000000000078
:102068000000000000000000000000000000000068
:102078000000000000000000000000000000000058
:102088000000000000000000000000000000000048
:102098000000000000000000000000000000000038
:1020a8000000000000000000000000000000000028
:1020b8000000000000000000000000000000000018
:1020c8000000000000000000000000000000000008
:1020d80000000000000000000000000000000000f8
:1020e80000000000000000000000000000000000e8
:1020f80000000000000000000000000000000000d8
:1021080000000000000000000000000000000000c7
:1021180000000000000000000000000000000000b7
:1021280000000000000000000000000000000000a7
:102138000000000000000000000000000000000097
:102148000000000000000000000000000000000087
:102158000000000000000000000000000000000077
:102168000000000000000000000000000000000067
:102178000000000000000000000000000000000057
:102188000000000000000000000000000000000047
:102198000000000000000000000000000000000037
:1021a8000000000000000000000000000000000027
:1021b8000000000000000000000000000000000017
:1021c8000000000000000000000000000000000007
:1021d80000000000000000000000000000000000f7
:1021e80000000000000000000000000000000000e7
:1021f80000000000000000000000000000000000d7
:1022080000000000000000000000000000000000c6
:1022180000000000000000000000000000000000b6
:1022280000000000000000000000000000000000a6
:102238000000000000000000000000000000000096
:102248000000000000000000000000000000000086
:102258000000000000000000000000000000000076
:102268000000000000000000000000000000000066
:102278000000000000000000000000000000000056
:102288000000000000000000000000000000000046
:102298000000000000000000000000000000000036
:1022a8000000000000000000000000000000000026
:1022b8000000000000000000000000000000000016
:1022c8000000000000000000000000000000000006
:1022d80000000000000000000000000000000000f6
:1022e80000000000000000000000000000000000e6
:1022f80000000000000000000000000000000000d6
:1023080000000000000000000000000000000000c5
:1023180000000000000000000000000000000000b5
:1023280000000000000000000000000000000000a5
:102338000000000000000000000000000000000095
:102348000000000000000000000000000000000085
:102358000000000000000000000000000000000075
:102368000000000000000000000000000000000065
:102378000000000000000000000000000000000055
:102388000000000000000000000000000000000045
:102398000000000000000000000000000000000035
:1023a8000000000000000000000000000000000025
:1023b8000000000000000000000000000000000015
:1023c8000000000000000000000000000000000005
:1023d80000000000000000000000000000000000f5
:1023e80000000000000000000000000000000000e5
:1023f80000000000000000000000000000000000d5
:1024080000000000000000000000000000000000c4
:1024180000000000000000000000000000000000b4
:1024280000000000000000000000000000000000a4
:102438000000000000000000000000000000000094
:102448000000000000000000000000000000000084
:102458000000000000000000000000000000000074
:102468000000000000000000000000000000000064
:102478000000000000000000000000000000000054
:102488000000000000000000000000000000000044
:102498000000000000000000000000000000000034
:1024a8000000000000000000000000000000000024
:1024b8000000000000000000000000000000000014
:1024c8000000000000000000000000000000000004
:1024d80000000000000000000000000000000000f4
:1024e80000000000000000000000000000000000e4
:1024f80000000000000000000000000000000000d4
:1025080000000000000000000000000000000000c3
:1025180000000000000000000000000000000000b3
:1025280000000000000000000000000000000000a3
:102538000000000000000000000000000000000093
:102548000000000000000000000000000000000083
:102558000000000000000000000000000000000073
:102568000000000000000000000000000000000063
:102578000000000000000000000000000000000053
:102588000000000000000000000000000000000043
:102598000000000000000000000000000000000033
:1025a8000000000000000000000000000000000023
:1025b8000000000000000000000000000000000013
:1025c8000000000000000000000000000000000003
:1025d80000000000000000000000000000000000f3
:1025e80000000000000000000000000000000000e3
:1025f80000000000000000000000000000000000d3
:1026080000000000000000000000000000000000c2
:1026180000000000000000000000000000000000b2
:1026280000000000000000000000000000000000a2
:102638000000000000000000000000000000000092
:102648000000000000000000000000000000000082
:102658000000000000000000000000000000000072
:102668000000000000000000000000000000000062
:102678000000000000000000000000000000000052
:102688000000000000000000000000000000000042
:102698000000000000000000000000000000000032
:1026a8000000000000000000000000000000000022
:1026b8000000000000000000000000000000000012
:1026c8000000000000000000000000000000000002
:1026d80000000000000000000000000000000000f2
:1026e80000000000000000000000000000000000e2
:1026f80000000000000000000000000000000000d2
:1027080000000000000000000000000000000000c1
:1027180000000000000000000000000000000000b1
:1027280000000000000000000000000000000000a1
:102738000000000000000000000000000000000091
:102748000000000000000000000000000000000081
:102758000000000000000000000000000000000071
:102768000000000000000000000000000000000061
:102778000000000000000000000000000000000051
:102788000000000000000000000000000000000041
:102798000000000000000000000000000000000031
:1027a8000000000000000000000000000000000021
:1027b8000000000000000000000000000000000011
:1027c8000000000000000000000000000000000001
:1027d80000000000000000000000000000000000f1
:1027e80000000000000000000000000000000000e1
:1027f80000000000000000000000000000000000d1
:1028080000000000000000000000000000000000c0
:1028180000000000000000000000000000000000b0
:1028280000000000000000000000000000000000a0
:102838000000000000000000000000000000000090
:102848000000000000000000000000000000000080
:102858000000000000000000000000000000000070
:102868000000000000000000000000000000000060
:102878000000000000000000000000000000000050
:102888000000000000000000000000000000000040
:102898000000000000000000000000000000000030
:1028a8000000000000000000000000000000000020
:1028b8000000000000000000000000000000000010
:1028c8000000000000000000000000000000000000
:1028d80000000000000000000000000000000000f0
:1028e80000000000000000000000000000000000e0
:1028f80000000000000000000000000000000000d0
:1029080000000000000000000000000000000000bf
:1029180000000000000000000000000000000000af
:10292800000000000000000000000000000000009f
:10293800000000000000000000000000000000008f
:10294800000000000000000000000000000000007f
:10295800000000000000000000000000000000006f
:10296800000000000000000000000000000000005f
:10297800000000000000000000000000000000004f
:10298800000000000000000000000000000000003f
:10299800000000000000000000000000000000002f
:1029a800000000000000000000000000000000001f
:1029b800000000000000000000000000000000000f
:1029c80000000000000000000000000000000000ff
:1029d80000000000000000000000000000000000ef
:1029e80000000000000000000000000000000000df
:1029f80000000000000000000000000000000000cf
:102a080000000000000000000000000000000000be
:102a180000000000000000000000000000000000ae
:102a2800000000000000000000000000000000009e
:102a3800000000000000000000000000000000008e
:102a4800000000000000000000000000000000007e
:102a5800000000000000000000000000000000006e
:102a6800000000000000000000000000000000005e
:102a7800000000000000000000000000000000004e
:102a8800000000000000000000000000000000003e
:102a9800000000000000000000000000000000002e
:102aa800000000000000000000000000000000001e
:102ab800000000000000000000000000000000000e
:102ac80000000000000000000000000000000000fe
:102ad80000000000000000000000000000000000ee
:102ae80000000000000000000000000000000000de
:102af80000000000000000000000000000000000ce
:102b080000000000000000000000000000000000bd
:102b180000000000000000000000000000000000ad
:102b2800000000000000000000000000000000009d
:102b3800000000000000000000000000000000008d
:102b4800000000000000000000000000000000007d
:102b5800000000000000000000000000000000006d
:102b6800000000000000000000000000000000005d
:102b7800000000000000000000000000000000004d
:102b8800000000000000000000000000000000003d
:102b9800000000000000000000000000000000002d
:102ba800000000000000000000000000000000001d
:102bb800000000000000000000000000000000000d
:102bc80000000000000000000000000000000000fd
:102bd80000000000000000000000000000000000ed
:102be80000000000000000000000000000000000dd
:102bf80000000000000000000000000000000000cd
:102c080000000000000000000000000000000000bc
:102c180000000000000000000000000000000000ac
:102c2800000000000000000000000000000000009c
:102c3800000000000000000000000000000000008c
:102c4800000000000000000000000000000000007c
:102c5800000000000000000000000000000000006c
:102c6800000000000000000000000000000000005c
:102c7800000000000000000000000000000000004c
:102c8800000000000000000000000000000000003c
:102c9800000000000000000000000000000000002c
:102ca800000000000000000000000000000000001c
:102cb800000000000000000000000000000000000c
:102cc80000000000000000000000000000000000fc
:102cd80000000000000000000000000000000000ec
:102ce80000000000000000000000000000000000dc
:102cf80000000000000000000000000000000000cc
:102d080000000000000000000000000000000000bb
:102d180000000000000000000000000000000000ab
:102d2800000000000000000000000000000000009b
:102d3800000000000000000000000000000000008b
:102d4800000000000000000000000000000000007b
:102d5800000000000000000000000000000000006b
:102d6800000000000000000000000000000000005b
:102d7800000000000000000000000000000000004b
:102d8800000000000000000000000000000000003b
:102d9800000000000000000000000000000000002b
:102da800000000000000000000000000000000001b
:102db800000000000000000000000000000000000b
:102dc80000000000000000000000000000000000fb
:102dd80000000000000000000000000000000000eb
:102de80000000000000000000000000000000000db
:102df80000000000000000000000000000000000cb
:102e080000000000000000000000000000000000ba
:102e180000000000000000000000000000000000aa
:102e2800000000000000000000000000000000009a
:102e3800000000000000000000000000000000008a
:102e4800000000000000000000000000000000007a
:102e5800000000000000000000000000000000006a
:102e6800000000000000000000000000000000005a
:102e7800000000000000000000000000000000004a
:102e8800000000000000000000000000000000003a
:102e9800000000000000000000000000000000002a
:102ea800000000000000000000000000000000001a
:102eb800000000000000000000000000000000000a
:102ec80000000000000000000000000000000000fa
:102ed80000000000000000000000000000000000ea
:102ee80000000000000000000000000000000000da
:102ef80000000000000000000000000000000000ca
:102f080000000000000000000000000000000000b9
:102f180000000000000000000000000000000000a9
:102f28000000000000000000000000000000000099
:102f38000000000000000000000000000000000089
:102f48000000000000000000000000000000000079
:102f58000000000000000000000000000000000069
:102f68000000000000000000000000000000000059
:102f78000000000000000000000000000000000049
:102f88000000000000000000000000000000000039
:102f98000000000000000000000000000000000029
:102fa8000000000000000000000000000000000019
:102fb8000000000000000000000000000000000009
:102fc80000000000000000000000000000000000f9
:102fd80000000000000000000000000000000000e9
:102fe80000000000000000000000000000000000d9
:102ff80000000000000000000000000000000000c9
:1030080000000000000000000000000000000000b8
:1030180000000000000000000000000000000000a8
:103028000000000000000000000000000000000098
:103038000000000000000000000000000000000088
:103048000000000000000000000000000000000078
:103058000000000000000000000000000000000068
:103068000000000000000000000000000000000058
:103078000000000000000000000000000000000048
:103088000000000000000000000000000000000038
:103098000000000000000000000000000000000028
:1030a8000000000000000000000000000000000018
:1030b8000000000000000000000000000000000008
:1030c80000000000000000000000000000000000f8
:1030d80000000000000000000000000000000000e8
:1030e80000000000000000000000000000000000d8
:1030f80000000000000000000000000000000000c8
:1031080000000000000000000000000000000000b7
:1031180000000000000000000000000000000000a7
:103128000000000000000000000000000000000097
:103138000000000000000000000000000000000087
:103148000000000000000000000000000000000077
:103158000000000000000000000000000000000067
:103168000000000000000000000000000000000057
:103178000000000000000000000000000000000047
:103188000000000000000000000000000000000037
:103198000000000000000000000000000000000027
:1031a8000000000000000000000000000000000017
:1031b8000000000000000000000000000000000007
:1031c80000000000000000000000000000000000f7
:1031d80000000000000000000000000000000000e7
:1031e80000000000000000000000000000000000d7
:1031f80000000000000000000000000000000000c7
:1032080000000000000000000000000000000000b6
:1032180000000000000000000000000000000000a6
:103228000000000000000000000000000000000096
:103238000000000000000000000000000000000086
:103248000000000000000000000000000000000076
:103258000000000000000000000000000000000066
:103268000000000000000000000000000000000056
:103278000000000000000000000000000000000046
:103288000000000000000000000000000000000036
:103298000000000000000000000000000000000026
:1032a8000000000000000000000000000000000016
:1032b8000000000000000000000000000000000006
:1032c80000000000000000000000000000000000f6
:1032d80000000000000000000000000000000000e6
:1032e80000000000000000000000000000000000d6
:1032f80000000000000000000000000000000000c6
:1033080000000000000000000000000000000000b5
:1033180000000000000000000000000000000000a5
:103328000000000000000000000000000000000095
:103338000000000000000000000000000000000085
:103348000000000000000000000000000000000075
:103358000000000000000000000000000000000065
:103368000000000000000000000000000000000055
:103378000000000000000000000000000000000045
:103388000000000000000000000000000000000035
:103398000000000000000000000000000000000025
:1033a8000000000000000000000000000000000015
:1033b8000000000000000000000000000000000005
:1033c80000000000000000000000000000000000f5
:1033d80000000000000000000000000000000000e5
:1033e80000000000000000000000000000000000d5
:1033f80000000000000000000000000000000000c5
:1034080000000000000000000000000000000000b4
:1034180000000000000000000000000000000000a4
:103428000000000000000000000000000000000094
:103438000000000000000000000000000000000084
:103448000000000000000000000000000000000074
:103458000000000000000000000000000000000064
:103468000000000000000000000000000000000054
:103478000000000000000000000000000000000044
:103488000000000000000000000000000000000034
:103498000000000000000000000000000000000024
:1034a8000000000000000000000000000000000014
:1034b8000000000000000000000000000000000004
:1034c80000000000000000000000000000000000f4
:1034d80000000000000000000000000000000000e4
:1034e80000000000000000000000000000000000d4
:1034f80000000000000000000000000000000000c4
:1035080000000000000000000000000000000000b3
:1035180000000000000000000000000000000000a3
:103528000000000000000000000000000000000093
:103538000000000000000000000000000000000083
:103548000000000000000000000000000000000073
:103558000000000000000000000000000000000063
:103568000000000000000000000000000000000053
:103578000000000000000000000000000000000043
:103588000000000000000000000000000000000033
:103598000000000000000000000000000000000023
:1035a8000000000000000000000000000000000013
:1035b8000000000000000000000000000000000003
:1035c80000000000000000000000000000000000f3
:1035d80000000000000000000000000000000000e3
:1035e80000000000000000000000000000000000d3
:1035f80000000000000000000000000000000000c3
:1036080000000000000000000000000000000000b2
:1036180000000000000000000000000000000000a2
:103628000000000000000000000000000000000092
:103638000000000000000000000000000000000082
:103648000000000000000000000000000000000072
:103658000000000000000000000000000000000062
:103668000000000000000000000000000000000052
:103678000000000000000000000000000000000042
:103688000000000000000000000000000000000032
:103698000000000000000000000000000000000022
:1036a8000000000000000000000000000000000012
:1036b8000000000000000000000000000000000002
:1036c80000000000000000000000000000000000f2
:1036d80000000000000000000000000000000000e2
:1036e80000000000000000000000000000000000d2
:1036f80000000000000000000000000000000000c2
:1037080000000000000000000000000000000000b1
:1037180000000000000000000000000000000000a1
:103728000000000000000000000000000000000091
:103738000000000000000000000000000000000081
:103748000000000000000000000000000000000071
:103758000000000000000000000000000000000061
:103768000000000000000000000000000000000051
:103778000000000000000000000000000000000041
:103788000000000000000000000000000000000031
:103798000000000000000000000000000000000021
:1037a8000000000000000000000000000000000011
:1037b8000000000000000000000000000000000001
:1037c80000000000000000000000000000000000f1
:1037d80000000000000000000000000000000000e1
:1037e80000000000000000000000000000000000d1
:1037f80000000000000000000000000000000000c1
:1038080000000000000000000000000000000000b0
:1038180000000000000000000000000000000000a0
:103828000000000000000000000000000000000090
:103838000000000000000000000000000000000080
:103848000000000000000000000000000000000070
:103858000000000000000000000000000000000060
:103868000000000000000000000000000000000050
:103878000000000000000000000000000000000040
:103888000000000000000000000000000000000030
:103898000000000000000000000000000000000020
:1038a8000000000000000000000000000000000010
:1038b8000000000000000000000000000000000000
:1038c80000000000000000000000000000000000f0
:1038d80000000000000000000000000000000000e0
:1038e80000000000000000000000000000000000d0
:1038f80000000000000000000000000000000000c0
:1039080000000000000000000000000000000000af
:10391800000000000000000000000000000000009f
:10392800000000000000000000000000000000008f
:10393800000000000000000000000000000000007f
:10394800000000000000000000000000000000006f
:10395800000000000000000000000000000000005f
:10396800000000000000000000000000000000004f
:10397800000000000000000000000000000000003f
:10398800000000000000000000000000000000002f
:10399800000000000000000000000000000000001f
:1039a800000000000000000000000000000000000f
:1039b80000000000000000000000000000000000ff
:1039c80000000000000000000000000000000000ef
:1039d80000000000000000000000000000000000df
:1039e80000000000000000000000000000000000cf
:1039f80000000000000000000000000000000000bf
:103a080000000000000000000000000000000000ae
:103a1800000000000000000000000000000000009e
:103a2800000000000000000000000000000000008e
:103a3800000000000000000000000000000000007e
:103a4800000000000000000000000000000000006e
:103a5800000000000000000000000000000000005e
:103a6800000000000000000000000000000000004e
:103a7800000000000000000000000000000000003e
:103a8800000000000000000000000000000000002e
:103a9800000000000000000000000000000000001e
:103aa800000000000000000000000000000000000e
:103ab80000000000000000000000000000000000fe
:103ac80000000000000000000000000000000000ee
:103ad80000000000000000000000000000000000de
:103ae80000000000000000000000000000000000ce
:103af80000000000000000000000000000000000be
:103b080000000000000000000000000000000000ad
:103b1800000000000000000000000000000000009d
:103b2800000000000000000000000000000000008d
:103b3800000000000000000000000000000000007d
:103b4800000000000000000000000000000000006d
:103b5800000000000000000000000000000000005d
:103b6800000000000000000000000000000000004d
:103b7800000000000000000000000000000000003d
:103b8800000000000000000000000000000000002d
:103b9800000000000000000000000000000000001d
:103ba800000000000000000000000000000000000d
:103bb80000000000000000000000000000000000fd
:103bc80000000000000000000000000000000000ed
:103bd80000000000000000000000000000000000dd
:103be80000000000000000000000000000000000cd
:103bf80000000000000000000000000000000000bd
:103c080000000000000000000000000000000000ac
:103c1800000000000000000000000000000000009c
:103c2800000000000000000000000000000000008c
:103c3800000000000000000000000000000000007c
:103c4800000000000000000000000000000000006c
:103c5800000000000000000000000000000000005c
:103c6800000000000000000000000000000000004c
:103c7800000000000000000000000000000000003c
:103c8800000000000000000000000000000000002c
:103c9800000000000000000000000000000000001c
:103ca800000000000000000000000000000000000c
:103cb80000000000000000000000000000000000fc
:103cc80000000000000000000000000000000000ec
:103cd80000000000000000000000000000000000dc
:103ce80000000000000000000000000000000000cc
:103cf80000000000000000000000000000000000bc
:103d080000000000000000000000000000000000ab
:103d1800000000000000000000000000000000009b
:103d2800000000000000000000000000000000008b
:103d3800000000000000000000000000000000007b
:103d4800000000000000000000000000000000006b
:103d5800000000000000000000000000000000005b
:103d6800000000000000000000000000000000004b
:103d7800000000000000000000000000000000003b
:103d8800000000000000000000000000000000002b
:103d9800000000000000000000000000000000001b
:103da800000000000000000000000000000000000b
:103db80000000000000000000000000000000000fb
:103dc80000000000000000000000000000000000eb
:103dd80000000000000000000000000000000000db
:103de80000000000000000000000000000000000cb
:103df80000000000000000000000000000000000bb
:103e080000000000000000000000000000000000aa
:103e1800000000000000000000000000000000009a
:103e2800000000000000000000000000000000008a
:103e3800000000000000000000000000000000007a
:103e4800000000000000000000000000000000006a
:103e5800000000000000000000000000000000005a
:103e6800000000000000000000000000000000004a
:103e7800000000000000000000000000000000003a
:103e8800000000000000000000000000000000002a
:103e9800000000000000000000000000000000001a
:103ea800000000000000000000000000000000000a
:103eb80000000000000000000000000000000000fa
:103ec80000000000000000000000000000000000ea
:103ed80000000000000000000000000000000000da
:103ee80000000000000000000000000000000000ca
:103ef80000000000000000000000000000000000ba
:103f080000000000000000000000000000000000a9
:103f18000000000000000000000000000000000099
:103f28000000000000000000000000000000000089
:103f38000000000000000000000000000000000079
:103f48000000000000000000000000000000000069
:103f58000000000000000000000000000000000059
:103f68000000000000000000000000000000000049
:103f78000000000000000000000000000000000039
:103f88000000000000000000000000000000000029
:103f98000000000000000000000000000000000019
:103fa8000000000000000000000000000000000009
:103fb80000000000000000000000000000000000f9
:103fc80000000000000000000000000000000000e9
:103fd80000000000000000000000000000000000d9
:103fe80000000000000000000000000000000000c9
:103ff8000000000000000000ff0000000f000000ab
:10400800ffff0000ffff0000ffff0000ffff0000b0
:10401800ffff0000ffff0000ffff0000ffff0000a0
:10402800ffff0000ffff0000ffff0000ffff000090
:10403800ffff0000ffff000000000000000000007c
:10404800000000000000000009000000010000005e
:104058000000000000000000000000000000000058
:104068000000000000000000000000000000000048
:104078000000000000000000000000000000000038
:10408800000000000000000009000000010000001e
:104098000000000000000000000000000000000018
:1040a8000000000000000000000000000000000008
:1040b80000000000000000000000000000000000f8
:1040c80000000000000000000900000001000000de
:1040d80000000000000000000000000000000000d8
:1040e80000000000000000000000000000000000c8
:1040f8000000000000000000cdab00000000000040
:10410800000000000000000009000000010000009d
:104118000000000000000000000000000000000097
:104128000000000000000000000000000000000087
:104138000000000000000000000000000000000077
:104148000000000000000000000000000000000067
:104158000000000000000000000000000000000057
:104168000000000000000000000000000000000047
:104178000000000000000000000000000000000037
:104188000000000000000000000000000000000027
:104198000000000000000000000000000000000017
:1041a8000000000000000000000000000000000007
:1041b80000000000000000000000000000000000f7
:1041c80000000000000000000000000000000000e7
:1041d80000000000000000000000000000000000d7
:1041e80000000000000000000000000000000000c7
:1041f80000000000000000000000000000000000b7
:1042080000000000000000000000000000000000a6
:104218000000000000000000000000000000000096
:104228000000000000000000000000000000000086
:104238000000000000000000000000000000000076
:104248000000000000000000000000000000000066
:104258000000000000000000000000000000000056
:104268000000000000000000000000000000000046
:104278000000000000000000000000000000000036
:104288000000000000000000000000000000000026
:104298000000000000000000000000000000000016
:1042a8000000000000000000000000000000000006
:1042b80000000000000000000000000000000000f6
:1042c80000000000000000000000000000000000e6
:1042d80000000000000000000000000000000000d6
:1042e80000000000000000000000000000000000c6
:1042f80000000000000000000000000000000000b6
:1043080000000000000000000000000000000000a5
:104318000000000000000000000000000000000095
:104328000000000000000000000000000000000085
:104338000000000000000000000000000000000075
:104348000000000000000000000000000000000065
:104358000000000000000000000000000000000055
:104368000000000000000000000000000000000045
:104378000000000000000000000000000000000035
:104388000000000000000000000000000000000025
:104398000000000000000000000000000000000015
:1043a8000000000000000000000000000000000005
:1043b80000000000000000000000000000000000f5
:1043c80000000000000000000000000000000000e5
:1043d80000000000000000000000000000000000d5
:1043e80000000000000000000000000000000000c5
:1043f80000000000000000000000000000000000b5
:1044080000000000000000000000000000000000a4
:104418000000000000000000000000000000000094
:104428000000000000000000000000000000000084
:104438000000000000000000000000000000000074
:104448000000000000000000000000000000000064
:104458000000000000000000000000000000000054
:104468000000000000000000000000000000000044
:104478000000000000000000000000000000000034
:104488000000000000000000000000000000000024
:104498000000000000000000000000000000000014
:1044a8000000000000000000000000000000000004
:1044b80000000000000000000000000000000000f4
:1044c80000000000000000000000000000000000e4
:1044d80000000000000000000000000000000000d4
:1044e80000000000000000000000000000000000c4
:1044f80000000000000000000000000000000000b4
:1045080000000000000000000000000000000000a3
:104518000000000000000000000000000000000093
:104528000000000000000000000000000000000083
:104538000000000000000000000000000000000073
:104548000000000000000000000000000000000063
:104558000000000000000000000000000000000053
:104568000000000000000000000000000000000043
:104578000000000000000000000000000000000033
:104588000000000000000000000000000000000023
:104598000000000000000000000000000000000013
:1045a8000000000000000000000000000000000003
:1045b80000000000000000000000000000000000f3
:1045c80000000000000000000000000000000000e3
:1045d80000000000000000000000000000000000d3
:1045e80000000000000000000000000000000000c3
:1045f80000000000000000000000000000000000b3
:1046080000000000000000000000000000000000a2
:104618000000000000000000000000000000000092
:104628000000000000000000000000000000000082
:104638000000000000000000000000000000000072
:104648000000000000000000000000000000000062
:104658000000000000000000000000000000000052
:104668000000000000000000000000000000000042
:104678000000000000000000000000000000000032
:104688000000000000000000000000000000000022
:104698000000000000000000000000000000000012
:1046a8000000000000000000000000000000000002
:1046b80000000000000000000000000000000000f2
:1046c80000000000000000000000000000000000e2
:1046d80000000000000000000000000000000000d2
:1046e80000000000000000000000000000000000c2
:1046f80000000000000000000000000000000000b2
:1047080000000000000000000000000000000000a1
:104718000000000000000000000000000000000091
:104728000000000000000000000000000000000081
:104738000000000000000000000000000000000071
:104748000000000000000000000000000000000061
:104758000000000000000000000000000000000051
:104768000000000000000000000000000000000041
:104778000000000000000000000000000000000031
:104788000000000000000000000000000000000021
:104798000000000000000000000000000000000011
:1047a8000000000000000000000000000000000001
:1047b80000000000000000000000000000000000f1
:1047c80000000000000000000000000000000000e1
:1047d80000000000000000000000000000000000d1
:1047e80000000000000000000000000000000000c1
:1047f80000000000000000000000000000000000b1
:1048080000000000000000000000000000000000a0
:104818000000000000000000000000000000000090
:104828000000000000000000000000000000000080
:104838000000000000000000000000000000000070
:104848000000000000000000000000000000000060
:104858000000000000000000000000000000000050
:104868000000000000000000000000000000000040
:104878000000000000000000000000000000000030
:104888000000000000000000000000000000000020
:104898000000000000000000000000000000000010
:1048a8000000000000000000000000000000000000
:1048b80000000000000000000000000000000000f0
:1048c80000000000000000000000000000000000e0
:1048d80000000000000000000000000000000000d0
:1048e80000000000000000000000000000000000c0
:1048f80000000000000000000000000000000000b0
:10490800000000000000000000000000000000009f
:10491800000000000000000000000000000000008f
:10492800000000000000000000000000000000007f
:10493800000000000000000000000000000000006f
:10494800000000000000000000000000000000005f
:10495800000000000000000000000000000000004f
:10496800000000000000000000000000000000003f
:10497800000000000000000000000000000000002f
:10498800000000000000000000000000000000001f
:10499800000000000000000000000000000000000f
:1049a80000000000000000000000000000000000ff
:1049b80000000000000000000000000000000000ef
:1049c80000000000000000000000000000000000df
:1049d80000000000000000000000000000000000cf
:1049e80000000000000000000000000000000000bf
:1049f80000000000000000000000000000000000af
:104a0800000000000000000000000000000000009e
:104a1800000000000000000000000000000000008e
:104a2800000000000000000000000000000000007e
:104a3800000000000000000000000000000000006e
:104a4800000000000000000000000000000000005e
:104a5800000000000000000000000000000000004e
:104a6800000000000000000000000000000000003e
:104a7800000000000000000000000000000000002e
:104a8800000000000000000000000000000000001e
:104a9800000000000000000000000000000000000e
:104aa80000000000000000000000000000000000fe
:104ab80000000000000000000000000000000000ee
:104ac80000000000000000000000000000000000de
:104ad80000000000000000000000000000000000ce
:104ae80000000000000000000000000000000000be
:104af80000000000000000000000000000000000ae
:104b0800000000000000000000000000000000009d
:104b1800000000000000000000000000000000008d
:104b2800000000000000000000000000000000007d
:104b3800000000000000000000000000000000006d
:104b4800000000000000000000000000000000005d
:104b5800000000000000000000000000000000004d
:104b6800000000000000000000000000000000003d
:104b7800000000000000000000000000000000002d
:104b8800000000000000000000000000000000001d
:104b9800000000000000000000000000000000000d
:104ba80000000000000000000000000000000000fd
:104bb80000000000000000000000000000000000ed
:104bc80000000000000000000000000000000000dd
:104bd80000000000000000000000000000000000cd
:104be80000000000000000000000000000000000bd
:104bf80000000000000000000000000000000000ad
:104c0800000000000000000000000000000000009c
:104c1800000000000000000000000000000000008c
:104c2800000000000000000000000000000000007c
:104c3800000000000000000000000000000000006c
:104c4800000000000000000000000000000000005c
:104c5800000000000000000000000000000000004c
:104c6800000000000000000000000000000000003c
:104c7800000000000000000000000000000000002c
:104c8800000000000000000000000000000000001c
:104c9800000000000000000000000000000000000c
:104ca80000000000000000000000000000000000fc
:104cb80000000000000000000000000000000000ec
:104cc80000000000000000000000000000000000dc
:104cd80000000000000000000000000000000000cc
:104ce80000000000000000000000000000000000bc
:104cf80000000000000000000000000000000000ac
:104d0800000000000000000000000000000000009b
:104d1800000000000000000000000000000000008b
:104d2800000000000000000000000000000000007b
:104d3800000000000000000000000000000000006b
:104d4800000000000000000000000000000000005b
:104d5800000000000000000000000000000000004b
:104d6800000000000000000000000000000000003b
:104d7800000000000000000000000000000000002b
:104d8800000000000000000000000000000000001b
:104d9800000000000000000000000000000000000b
:104da80000000000000000000000000000000000fb
:104db80000000000000000000000000000000000eb
:104dc80000000000000000000000000000000000db
:104dd80000000000000000000000000000000000cb
:104de80000000000000000000000000000000000bb
:104df80000000000000000000000000000000000ab
:104e0800000000000000000000000000000000009a
:104e1800000000000000000000000000000000008a
:104e2800000000000000000000000000000000007a
:104e3800000000000000000000000000000000006a
:104e4800000000000000000000000000000000005a
:104e5800000000000000000000000000000000004a
:104e6800000000000000000000000000000000003a
:104e7800000000000000000000000000000000002a
:104e8800000000000000000000000000000000001a
:104e9800000000000000000000000000000000000a
:104ea80000000000000000000000000000000000fa
:104eb80000000000000000000000000000000000ea
:104ec80000000000000000000000000000000000da
:104ed80000000000000000000000000000000000ca
:104ee80000000000000000000000000000000000ba
:104ef80000000000000000000000000000000000aa
:104f08000000000000000000000000000000000099
:104f18000000000000000000000000000000000089
:104f28000000000000000000000000000000000079
:104f38000000000000000000000000000000000069
:104f48000000000000000000000000000000000059
:104f58000000000000000000000000000000000049
:104f68000000000000000000000000000000000039
:104f78000000000000000000000000000000000029
:104f88000000000000000000000000000000000019
:104f98000000000000000000000000000000000009
:104fa80000000000000000000000000000000000f9
:104fb80000000000000000000000000000000000e9
:104fc80000000000000000000000000000000000d9
:104fd80000000000000000000000000000000000c9
:104fe80000000000000000000000000000000000b9
:084ff8000000000000000000b1
:020000040000fa
:020000040001f9
:1050000000100000ba060000800000000000000050
:00000001FF
