:020000040000fa
:080000000402040000000000ee
:020000040000fa
:080400000040da000000fe00dc
:020000040000fa
:1000080000020000000200000002000000020000e0
:1000180000020000000200000002000000020000d0
:1000280000020000003a0000000200007e350000d7
:10003800000200002e3a000000020000000200004a
:100048006836000000020000000200004c33000087
:100058008a340000000200000002000000020000d4
:100068000002000000020000000200000002000080
:100078001c33000000020000000200000002000023
:1000880000020000000200000002000052370000d9
:1000980008390000823a0000ec330000ba3400004e
:1000a8000002000000020000000200000002000040
:1000b800000200005c3a0000a03a000000020000c4
:1000c8000002000000020000000200000002000020
:1000d8000002000000020000000200000002000010
:1000e8000002000000020000000200000002000000
:1000f80000020000000200000002000000020000f0
:1001080000020000000200000002000000020000df
:1001180000020000000200000002000000020000cf
:1001280000020000000200000002000000020000bf
:1001380000020000000200000002000000020000af
:10014800000200000002000000020000000200009f
:10015800000200000002000000020000000200008f
:10016800000200000002000000020000000200007f
:10017800000200000002000000020000000200006f
:10018800000200000002000000020000000200005f
:10019800000200000002000000020000000200004f
:1001a800000200000002000000020000000200003f
:1001b800000200000002000000020000000200002f
:1001c800000200000002000000020000000200001f
:1001d800000200000002000000020000000200000f
:1001e80000020000000200000002000000020000ff
:1001f80000020000000200000002000000020000ef
:1002080000020000000200000002000000020000de
:1002180000020000000200000002000000020000ce
:1002280000020000000200000002000000020000be
:1002380000020000000200000002000000020000ae
:10024800000200000002000000020000000200009e
:10025800000200000002000000020000000200008e
:10026800000200000002000000020000000200007e
:0c02780000020000000200000002000074
:020000040000fa
:1004080020020400000000000000eb000007780054
:100418000c000900002f78000007eb000000060020
:10042800010821008018eb0040d021000008e100fd
:10043800fcff3a00000006000fe02100e0ef210079
:1004480000018800080202000000000014020200f7
:100458000000000078220200000000004101200096
:10046800401f2000fe340200000000008100e90067
:10047800fbff3a0008020200000000007822020098
:10048800000000005a03020000000000642202007d
:1004980000000000e4200200000000002422020006
:1004a8000000000000712200fe340200000000007d
:1004b800ae200200000000007821020000000000c9
:1004c800a8210200000000005c21020000000000da
:1004d800a02f020000000000b82f0200000000005a
:1004e80080382100f03402000000000042070400b8
:1004f800000000000008200001202a0002c022009d
:10050800e03a0200000000000000000000000000c7
:100518000000000001202a00003b0200000000004b
:10052800000000000000000000000000000820009b
:1005380001202a0002c02200e03a02000000000068
:10054800000000000000000000000000070020007c
:100558000608200001c02200871878008703e800f9
:100568000603e900fcff3a0000000000000000005c
:100578000000000000202a00608588000008200094
:1005880070858800403b0200000000000000000069
:1005980000000000000000000008200001202a00e0
:1005a80002c02200e03a0200000000000000000043
:1005b800000000000000000000000600142eaa0041
:1005c80064ceaa00142eaa0064ceaa00142eaa0093
:1005d80064ceaa00142eaa0064ceaa00142eaa0083
:1005e80064ceaa000060fe00f4ff370060402000df
:1005f80000488800d000200010488800803821007a
:10060800304888000071220070088800a00020008f
:100618000835020000000000fcff37000060fe0003
:100628000701ae00058ea9000701af00058ea800de
:10063800faff37002004200020118800a0002000c5
:100648000835020000000000faff370025aea800b8
:1006580020042000a0118800a00020000835020016
:1006680000000000f9ff3700bc10a800301220007d
:10067800f08f88007056240000908800b09a2800f7
:1006880010908800f0de2c00209088008046220020
:1006980030908800da31020000000000a00020003d
:1006a8000835020000000000efff37000e2eef00b3
:1006b8001e2eef002e2eef004e2eef004fcea8007c
:1006c80040002000000020000019880000002000e1
:1006d80010198800f0002000201988000000200070
:1006e80090198800f00020004019880000002000c0
:1006f80030198800000020007019880000002000d0
:100708008019880021e3a800000006008430ef006b
:100718006508210000042000b08a8800000020003d
:10072800c08a8800000120008410bc000200780004
:100738005631b400ae2d02000000000021c0220096
:100748003100780000848800310078001084880027
:1007580031007800000178003000b200800a78008b
:100768000200a7001520a00000102e008010e30052
:1007780001003a001530a00000202c008010e30092
:1007880001003a001540a00031007800801f780071
:10079800f00fb2000080fd00950a70004f0078004d
:1007a8000080a7001550a000429a210020848000f4
:1007b8000201400002014000310078000009780081
:1007c8008430ec008582e800400020008410e300bb
:1007d800d0ff39008610f8008019f9008810f80059
:1007e8008c19f9008a10f8009819f9008c10f80093
:1007f8007419f90080b9ae00040037007e200200a9
:100808000000000002200200000000008cb9ae00c9
:100818000400370096200200000000001a200200a1
:100828000000000098b9ae0006003700b4200200ae
:100838000000000032200200000000006a210200cf
:100848000000000074b9ae0004003700cc2002009c
:10085800000000004a20020000000000810f210073
:1008680002002000f00020000080090082187800b3
:100878008030ef0000042100b08a880000002000ca
:10088800c08a8800008480004500dd005631b4002d
:10089800ae2d02000000000001c022001100780007
:1008a800f00fb2000600320011007800810f21001d
:1008b80002848000810041008100410080087800a6
:1008c8008030ec00700020008010e300e9ff390060
:1008d80000022100b08a880000002000c08a880039
:1008e800ae2d02000000000081c02200631021002c
:1008f80011007800f00fb2008019780031007800fc
:100908000080fd00f00fb200801978001100780017
:10091800f00fb20080197800310078000080fd00e7
:10092800f00fb200801978000000060000000600f1
:10093800bd70a900ee30ef00f430ef009a04020019
:10094800000000008a03020000000000ba0f020045
:10095800000000005c0f020000000000000006001c
:1009680025aeae0000000600bf50af000000060034
:10097800c2f0ae00000006003302ae000000060020
:10098800c2f0a90025aea90000000600000820005a
:1009980001102a0002f02100e03a020000000000e5
:1009a800000006000060fe00c230af00fdff370007
:1009b800000006000000060001932100200020002e
:1009c80080187800b0ca2a008018780001932100a6
:1009d8001205020000000000019321002000200001
:1009e80080187800c0ba2a00801878000193210086
:1009f8008205020000000000019321002000200071
:100a080080187800d0ba2a00801878000193210055
:100a1800f205020000000000000006003100780026
:100a2800f007b2000000e00001003a0000000600f4
:100a380090cb8800810178008439ef00a000200065
:100a480040cc88008300780020cc800081004000e2
:100a58000100a100110078008419af000080fd009a
:100a6800f00fb2000001780000f0270002017000ca
:100a78000200780000c0fd00000069004202de00ac
:100a8800040068004102de00040068008019af001d
:100a9800030037008039af00050037000800370031
:100aa8000000a7000280a1008839ec00040037008c
:100ab8000000a6000280a1008839ec000000370081
:100ac8008059af008839ec000201d20001a0220051
:100ad80020cc80008100400081004000820878001e
:100ae8008439ec007239ed00d4ff3a008639ef0002
:100af8008a39ef00bf70a8000000060031007800b6
:100b0800f007b2000000e00001003a000000060013
:100b180090cb8800810178009039ef00a000200078
:100b2800a0cc88008300780080cc80008100400041
:100b38000100a100110078009019af000080fd00ad
:100b4800f00fb2000001780000f0270002017000e9
:100b58000200780000c0fd00000069004202de00cb
:100b6800040068004102de00040068008c19af0030
:100b7800030037008c39af00050037000800370044
:100b88000000a7000280a1009439ec00040037009f
:100b98000000a6000280a1009439ec000000370094
:100ba8008c59af009439ec000201d20001b0220048
:100bb80080cc8000810040008100400082087800dd
:100bc8009039ec007239ed00d4ff3a009239ef0009
:100bd8009639ef00bf90a8000000060031007800a9
:100be800f007b2000000e00001003a000000060033
:100bf80090cb8800810178009c39ef00a00020008c
:100c080000cd880083007800e0cc8000810040009f
:100c18000100a100110078009c19af000080fd00c0
:100c2800f00fb2000001780000f027000201700008
:100c38000200780000c0fd00000069004202de00ea
:100c4800040068004102de00040068009819af0043
:100c5800030037009839af00050037000800370057
:100c68000000a7000280a100a039ec0004003700b2
:100c78000000a6000280a100a039ec0000003700a7
:100c88009859af00a039ec000201d20041a0210020
:100c9800e0cc80008100400081004000820878009c
:100ca8009c39ec007239ed00d4ff3a009e39ef0010
:100cb800a239ef00c070a8000000060031007800db
:100cc800f007b2000000e00001003a000000060052
:100cd80090cb880081017800ac39ef00a00020009b
:100ce80080cd88008300780060cd800081004000be
:100cf8000100a10011007800ac19af000080fd00d0
:100d0800f00fb2000001780000f027000201700027
:100d18000200780000c0fd00000069004202de0009
:100d2800040068004102de00040068009819af0062
:100d3800030037009839af00050037000800370076
:100d48000000a7000280a100b039ec0004003700c1
:100d58000000a6000280a100b039ec0000003700b6
:100d68009859af00b039ec000201d20041c021000f
:100d780060cd80008100400081004000820878003a
:100d8800ac39ec007239ed00d4ff3a00ae39ef000f
:100d9800b239ef00c110a800000006003100780049
:100da800f007b2000000e00001003a000000060071
:100db80090cb8800810178007839ef00a0002000ee
:100dc800e0cb880083007800c0cb80008100400021
:100dd8000100a100110078007819af000080fd0023
:100de800f00fb2000001780000f027000201700047
:100df8000200780000c0fd00000069004202de0029
:100e0800040068004102de00040068007419af00a5
:100e1800030037007439af000500370008003700b9
:100e28000000a7000280a1007c39ec000400370014
:100e38000000a6000280a1007c39ec000000370009
:100e48007459af007c39ec000201d20041b0210096
:100e5800c0cb8000810040008100400082087800fb
:100e68007839ec007239ed00d4ff3a007a39ef0096
:100e78007e39ef00c0b0a80000000600bd70a900d0
:100e8800062b020000000000ca0402000000000057
:100e98003e0f0200000000009c0402000000000059
:100ea800c390a800c3b0a8000060fe00b9f0af006e
:100eb800250eaa00b9f0af00363502000000000088
:100ec800b9f0af00de04020000000000840902004f
:100ed80000000000b4040200000000002213020019
:100ee8000000000036130200000000001212020089
:100ef800000000004812020000000000ca090200b9
:100f0800000000002c2302000000000098270200c7
:100f1800000000001c09020000000000a4070200f5
:100f28000000000002080200000000006008020043
:100f380000000000be08020000000000daff3700d1
:100f4800bfd0ae0000000600bfd0a9007039ef0086
:100f580010ce8000c019e30001003a001b003700e2
:100f6800c039ec00f0072000c039b60001a8220003
:100f780000ce8000810040000100a100110178002e
:100f8800c019af000280fd00f20fb20001932100ea
:100f980080cb8000810040000100a1007019af00e3
:100fa80003003700820878007039ec00e8ff37004a
:100fb800110078000080fd00020070000080fd0034
:100fc800800878007039ec00e1ff37007019e20002
:100fd80001003a000000060000932100a08f88005d
:100fe8007019f800f811f90000002000908f8800af
:100ff800882602000000000000000600c050ae0075
:1010080000000600c050a9007039ef0090ce8000a3
:10101800d019e30001003a001b003700d039ec007a
:10102800f0072000d039b60001c8220080ce800029
:10103800810040000100a10011017800d019af0023
:101048000280fd00f20fb2000193210080cb8000e6
:10105800810040000100a1007019af0003003700b3
:10106800820878007039ec00e8ff3700110078003a
:101078000080fd00020070000080fd0080087800fc
:101088007039ec00e1ff37007019e20001003a0006
:101098000000060000932100a08f88007019f80056
:1010a800f811f90010002000908f880088260200af
:1010b8000000000000000600c090ae00000006001e
:1010c800c090a9007039ef0010cf8000e019e3004c
:1010d80001003a001b003700e039ec00f00720005f
:1010e800e039b60041a8210000cf8000810040000f
:1010f8000100a10011017800e019af000280fd0095
:10110800f20fb2000193210080cb800081004000e3
:101118000100a1007019af000300370082087800b1
:101128007039ec00e8ff3700110078000080fd00fe
:10113800020070000080fd00800878007039ec0023
:10114800e1ff37007019e20001003a0000000600d4
:1011580000932100a08f88007019f800f811f90099
:1011680020002000908f88008826020000000000e0
:1011780000000600c130ae0000000600c130a90022
:101188007039ef0090cf8000f019e30001003a00b9
:101198001b003700f039ec00f0072000f039b600ea
:1011a80041c8210080cf8000810040000100a100db
:1011b80011017800f019af000280fd00f20fb200b3
:1011c8000193210080cb8000810040000100a10034
:1011d8007019af0003003700820878007039ec00fe
:1011e800e8ff3700110078000080fd000200700061
:1011f8000080fd00800878007039ec00e1ff3700be
:101208007019e20001003a00000006000093210076
:10121800a08f88007019f800f811f900200020004c
:10122800908f880088260200000000000000060059
:10123800c0f0ae0000000600c0f0a9007039ef0051
:1012480010d08000001ae30001003a001b003700ac
:10125800003aec00f0072000003ab60041b821003f
:1012680000d08000810040000100a1001101780039
:10127800001aaf000280fd00f20fb20001932100b6
:1012880080cb8000810040000100a1007019af00f0
:1012980003003700820878007039ec00e8ff370057
:1012a800110078000080fd00020070000080fd0041
:1012b800800878007039ec00e1ff37007019e2000f
:1012c80001003a000000060000932100a08f88006a
:1012d8007019f800f811f90030002000908f88008c
:1012e8008826020000000000000006000000000040
:1012f80000000000000000000000000000000600e0
:1013080000f02f00202eb600128c80002071800083
:1013180002006800f00fb20024aeb60015cea90096
:101328007a0902000000000015cea800128c800087
:101338000280fd002071800002006800f00fb200fa
:1013480024aeb60004eea9007a09020000000000ed
:1013580004eea800f00f2000202eb7007a09020042
:1013680000000000054ea9007a09020000000000f4
:10137800f00f20008031b60010718000f00fb2002d
:101388008031b700054ea800000006004e11e200ab
:1013980002003200708a8000008488005011e20048
:1013a80002003200808a8000108488005211e20016
:1013b80002003200908a8000208488005411e200e4
:1013c80002003200a08a8000308488008010e20089
:1013d800030032008a0d0200000000000f003700f1
:1013e8008210e200030032000e0e0200000000002e
:1013f8000a0037008410e200030032006a0e02007f
:1014080000000000050037008610e20003003200eb
:10141800e60e020000000000000037004e31ef0029
:101428005031ef005231ef005431ef000000060058
:101438000100a7000600370031007800b08a880054
:1014480031007800f00fb200c08a88000a00370027
:101458000100a100310078004800de00b08a880051
:10146800110078004800dd005631b4001100780002
:101478004800de00c08a88004200a90056b1d600a4
:1014880058b1d6004200a90056b1d60058b1d600ce
:10149800000006005611f8005811f80001c022009b
:1014a800c02d02000000000003c0220033007800b5
:1014b800f01fb200b090880000002400f08f880070
:1014c80000848000009088000232ef000432ef00b0
:1014d8000632ef0023c0220016310200000000008f
:1014e8005811f9005611f90000082000a82d020033
:1014f8000000000001c02200108480003000b2000b
:101508000006010006003700080037000a0037000f
:101518001000370000000000000000000000060076
:10152800120502000000000000000600820502000b
:101538000000000000000600811f7800f20502008c
:1015480000000000cf0078006206020000000000e2
:1015580000000600d206020000000000000006009d
:10156800bd30a9008030ef00810f21000084800089
:10157800810040008100400011007800f00fb200a7
:10158800050032000000e9002212e30002003a00e0
:10159800bd30a800000006008030ec00b00020003c
:1015a8008010e300f0ff39002212f8002012f90041
:1015b80000000600bd30a900008480006700e1003b
:1015c800250032006800e100270032002212f800ee
:1015d8002012f900bcd0ae0002003700bd30a800d0
:1015e800000006006900e100120032006a00e10014
:1015f80016003200810f2100008480008100400025
:1016080081004000110078000080fd007000b200e9
:10161800a08788002432ef005c0f02000000000061
:10162800bd30a80000000600b010e200040032003f
:1016380006003700b010e20001003a000000060082
:10164800740d020000000000000006006c0d02008e
:101658000000000000000600f60c02000000000078
:10166800bd30a800000006004c0d0200000000007c
:10167800bd30a80000000600f0012000009088009e
:10168800bc10a800da31020000000000bc10a9005c
:1016980000352c00fe3402000000000000000600a7
:1016a800000020009410e30002003a0000802f00a0
:1016b80000908800100020009410e30002003a0017
:1016c800007e200000908800200020009410e30095
:1016d80002003a000000200000908800000022006c
:1016e800f08f8800bc10a800da310200000000006a
:1016f800bc10a900e230ef00e430ef000000060063
:101708009430ec00400020009410e3000100390000
:101718009430ef00f00120000090880000002000c5
:101728009410e30002003a0000802f000090880027
:10173800100020009410e30002003a00007e200010
:1017480000908800200020009410e30002003a0076
:10175800000020000090880000002200f08f880020
:10176800bc10a800da31020000000000bc10a9007b
:10177800e230ef00e430ef000000060050002000e7
:10178800508688000000200070868800cc30ef006a
:10179800000006006000200050868800000020003d
:1017a80070868800cc30ef00000006003000220070
:1017b800f08f8800bc10a800da3102000000000099
:1017c800bc10a900000006004e11e20001003a001a
:1017d8000000060000002000009088000600370086
:1017e8005011e20001003a0000000600100020003d
:1017f800009088000000370060002200f08f880009
:1018080010918000d0888800bc10a800c231020066
:1018180000000000bc10a90000000600f08f88003e
:10182800bc10a800da31020000000000bc10a900ba
:101838000000060040002200f08f8800e410f80045
:101848000012f900e210f8000212f900109180006d
:10185800d0888800bc10a800c23102000000000037
:10186800bc10a9000000060050002200f08f88007c
:10187800e410f8000012f900e210f8000212f90072
:101888001087800000c0fd00e410b400000178005b
:101898000280fd000000710003c022002d00090035
:1018a8008019780003c02200c0052000b09088008d
:1018b800bc10a8001631020000000000bc10a900ee
:1018c8000000060040002200f08f8800e410f800b5
:1018d8000012f900e210f8000212f900900020004e
:1018e800d0888800bc10a800c231020000000000a7
:1018f800bc10a900e430ec0080002000e410e300f4
:101908000100310000000600e430ef00e230ec0096
:1019180070002000e210e300010031000000060022
:10192800e230ef000000060050002200f08f88002f
:10193800e410f8002212f900e210f800f410f9009f
:101948005c0f020000000000e430ec008000200082
:10195800e410e3000100310000000600e430ef006d
:10196800e230ec0070002000e210e30001003100da
:1019780000000600e230ef0000000600e002200050
:1019880030898800e000200050868800800c200004
:1019980070868800cc30ef0000000600a00022000e
:1019a800f08f880000918000d0888800bc10a800c3
:1019b800c231020000000000bc10a90000000600af
:1019c800b0002200f08f880000918000d088880045
:1019d800bc10a800c231020000000000bc10a90021
:1019e80000000600bcd0af00ecff3700b430ec00bc
:1019f80050002000b410e30001003900b430ef00bb
:101a08000700370070002200f08f8800bc10a80083
:101a1800da31020000000000bc10a9000000060036
:101a280090002200f08f8800a08580000090880038
:101a3800bc10a800da31020000000000bc10a900a8
:101a4800d60402000000000000000600e0002200aa
:101a5800f08f88004089800000908800bc10a800a2
:101a6800da31020000000000bc10a90000000600e6
:101a780020012000440d02000000000000000600c4
:101a880050868800cc30ef00ce30ef000000060012
:101a9800bcd0af00caff3700b430ed0050002000c2
:101aa800b410e3004000200001003900a085880040
:101ab800dbff370080002200f08f8800bc10a800f0
:101ac800da31020000000000bc10a9000000060086
:101ad800bd70a900bcd0a900b030ef0007003700e6
:101ae800bcd0a900b030ec0070002000b010e300ba
:101af8000200390010002000808588008085800061
:101b08009624020000000000000006008030ed006e
:101b18000084800010918800e80b0200000000009b
:101b2800c40e02000000000001c02200110178006c
:101b3800b0da2c000010e1000100320000000600bd
:101b480021c02200110278000480fd0004c0fd00bd
:101b58003400b20016003200110078000080fd0049
:101b6800f000b200120020000011dd006120e10049
:101b7800050032006220e100060032006320e10027
:101b8800070032000a0037000200780082b1b60070
:101b980007003700020078008231b70004003700e0
:101ba800f0ff2f00000069008231b6000000370006
:101bb80021c0220011007800f00fb20000848800d4
:101bc800110078004e00de003000b200108488005a
:101bd80041c022001c0a020000000000b08a8000f8
:101be8005811b700030032004e0a0200000000003e
:101bf80000000600000000000000000000000000d7
:101c0800000000000000060030250200000000006f
:101c1800000006008230ed001084800010918800da
:101c2800bd70ae00050037002212e20003003a0042
:101c38001e0b02000000000000000600b40a0200ab
:101c4800000000008010f8002212f800bd30af003c
:101c5800de0a0200000000002212f9008010f900dc
:101c6800f40b020000000000c40e02000000000097
:101c780001c0220011017800b0da2c000010e10048
:101c8800010032000000060021c022001100780087
:101c9800f00fb20000848800110078004e00de00ca
:101ca8003000b2001084880071c022001c0a0200b3
:101cb80000000000b08a80005811b700020032000e
:101cc8004e0a020000000000000006008430ed000b
:101cd80020848000109188002212f8002012f90058
:101ce800b40a020000000000bd30ae000b0037004f
:101cf800008480006900e1004bfe32006a00e100c8
:101d080006003a00bcd0a900b030ef002001200046
:101d1800440d02000000000000000600c40e02008e
:101d28000000000001c0220011017800d0bc2a0088
:101d38000010e100010032000000060021c022006e
:101d480011007800f00fb2000084880011007800bc
:101d58004e00de003000b20010848800a1c02200ce
:101d68001c0a020000000000b08a80005811b70069
:101d7800020032004e0a02000000000000000600c7
:101d880000002200f410bc00b28a8800c38a8800d0
:101d9800001221005631b4000000200058b1b400f0
:101da800000420002212bc00020078005631b40062
:101db8000300780058b1b400ba2d020000000000fa
:101dc80000000600100020008610e30004003a001e
:101dd800bd70a800180b02000000000000000600fb
:101de800200020008610e3000b003a00bd70ae0012
:101df8000000060030002000b010e30006003a00a2
:101e0800bc10a900c030020000000000180b02003e
:101e180000000000000006000000060000000600a8
:101e2800008480000000e900c0908800120f0200c2
:101e380000000000000006001a32ec00000220003a
:101e48001a12e300010039001a32ef000000060000
:101e58000000060000000600ba0f020000000000a3
:101e68005c0f0200000000000000060000000600f1
:101e7800000006002212f8002232ef00a80f02002c
:101e88000000000002ff2f00110078000000610030
:101e9800800878008180e8002232ec00c00520002c
:101ea8002212e300f7ff39002212f90000000600b1
:101eb8002212f8002232ef00a80f020000000000f2
:101ec80003c0220031007800f000b200a287800031
:101ed80002c0fd00020170000300a70003003700e4
:101ee800820978008301e800050037000300a1009b
:101ef800130078000280fd0000007100801978004e
:101f08002232ec00c00520002212e300edff390068
:101f180050002200f08f8800a0858000f00fb200ea
:101f28000090880003c02200c0052000b0908800ff
:101f3800bc10a8001631020000000000bc10a90067
:101f48002212f90000000600812b2100c0052000a4
:101f58004100dd00f410bc008100410010918000b8
:101f68004100dd008100400000000600f430ef0071
:101f78002232ef00c40e0200000000000000200022
:101f880080958800b0da2c0001c022001101780089
:101f98000010e10003003200f00020008095880066
:101fa80041003700b092a80021c02200110178003a
:101fb8000200a700b0b2a80002e0a700b0d2a800b3
:101fc80002f0a700b0f2a800d1c022001c0a02004b
:101fd80000000000b08a80005811b7004220ae000f
:101fe800b112a80001c122001c0a02000000000072
:101ff800b08a80005811b7004220ae00b132a80064
:1020080031c122001c0a020000000000b08a8000d2
:102018005811b7004220ae00b152a80061c1220099
:102028001c0a020000000000b08a80005811b700a6
:102038004220ae00b172a80091c122001c0a020021
:1020480000000000b08a80005811b7004220ae009e
:10205800b192a800c1c122001c0a020000000000c1
:10206800b08a80005811b7004220ae00b1b2a80073
:10207800f1c122001c0a020000000000b08a8000a2
:102088005811b7004220ae00b1d2a80021c22200e8
:102098001c0a020000000000b08a80005811b70036
:1020a8004220ae00b1f2a800a80f02000000000014
:1020b80080958000801878002232ec00c00520004e
:1020c8002212e300abff39002232ef00f430ec00bb
:1020d80070002000f410e300a6ff3900f430ef0090
:1020e8000000060000002300f08f8800bc10a80044
:1020f800da31020000000000bc10a9000000060050
:1021080011002300f08f8800bc10a800da3102000b
:1021180000000000bc10a9000000060022002300f7
:10212800f08f8800bc10a800da310200000000001f
:10213800bc10a9000000060033002300f08f8800bf
:10214800bc10a800da31020000000000bc10a90091
:102158000000060000000600000006003222af0062
:102168003222a9002222af002222a9000000060084
:102178002c31ef00708980003011b7003211b700a0
:102188003411b7003611b7003811b7003a11b7004b
:102198003c11b700f2ff2000020060000000e000e0
:1021a80001003a00000006000001eb00e1122100e6
:1021b8008100410081004100110078000000e0002a
:1021c80004003a000201e8006810e100f7ff390056
:1021d80000000600800078000002eb0010002000dc
:1021e8000400dd000100600005003a000402e80078
:1021f800c00020000020e100f8ff390000000600c0
:10220800c00020000201b800040041000000e800fe
:102218001a11020000000000608988000000000018
:102228000000000000000000000006000006010099
:1022380000000500d0010500d0020500d00305000c
:10224800d0040500e0010500e0020500e0030500f8
:10225800e0040500f0010500f0020500f0030500a8
:10226800f004050000020500000305000004050055
:102278000005050010020500100305001004050004
:1022880010050500200205002003050020040500b4
:102298002005050030020500300305003004050064
:1022a8003005050040020500400305004004050014
:1022b80040050500500205005003050050040500c4
:1022c8005005050060020500600305006004050074
:1022d8006005050070020500700305007004050024
:1022e80070050500800205008003050080040500d4
:1022f8008005050090020500900305009004050084
:1023080090050500a0020500a0030500a004050033
:10231800a0050500b0020500b0030500b0040500e3
:1023280000000500b0050500c0020500c003050057
:10233800c0040500c00505001000050020000500c8
:102348003000050040000500500005006000050051
:1023580000000500700005008000050090000500e1
:10236800a0000500b0000500c0000500d000050071
:10237800e0000500f000050000010500100105005f
:10238800000005002001050030010500400105009e
:10239800500105006001050070010500800105007d
:1023a80090010500a0010500b0010500c00105006d
:1023b80002718000f0ff2f00004178000271880050
:1023c8000000060002718000000020000041780033
:1023d80002718800000006000000000000000000f4
:1023e80000000000000000000000000000000000e5
:1023f80000000000000000000000000000000000d5
:1024080000000000000000000000000000000000c4
:10241800000000000000000000000600d0bc2a00f8
:10242800a010e3000100320000000600a030ef0019
:102438001085800060898800bcf0a80000000600b4
:10244800bcf0ae00000006000000060060898000b5
:102458000080fd00f00fb20001003200000006000d
:1024680001f0210060898000f007b2004100dd0022
:1024780081004000408980000080fd002c11b700d9
:1024880080087800000006008030ef008230ef00fe
:102498008430ef008630ef00bf30af00e8ff370030
:1024a800bcf0ae0000000600bcf0a9006089800006
:1024b80001102a0060898000f007b2004100dd00a9
:1024c800810040003101ba000280fd00f20fb20025
:1024d800c00520000010e1000100390000000600de
:1024e8000201e800608980000080fd003000b20031
:1024f8000006010003003700050037000800370018
:102508000a003700bff0a900028488000000060016
:10251800bff0af000000060012848800000006002b
:10252800bff0a800228488000000060032848800da
:10253800000006008030ef008230ef008430ef00aa
:102548008630ef00b970ae0000000600bc10020033
:10255800000000002c11e20011003a004431ec00a8
:10256800400020004411e3004200ae0000000600d5
:10257800be30a800f0898000be50ae0010848800ec
:10258800be50a900be10a900be70a9003e31ef00e0
:102598004031ef004231ef004631ef000000060005
:1025a8004431ef00008a80002c11e300050032005e
:1025b8004231ef004631ef0060898000008a8800d0
:1025c800000006004231ec00200020004211e30028
:1025d8004200ae0000000600be70af0007003700e2
:1025e80060898000f089880000848800be70a80097
:1025f800be30a9004231ed00000006004631ec0073
:10260800a00f20004611e3004220ae00040037006e
:102618006089800020848800be50a8000000060061
:10262800401f20004611e3004220ae0000000600d3
:10263800608980003084880000000600b830ef0010
:1026480030088000b690b6004220af0000000600b7
:10265800c0858800ba30b700b6b0b6000060fe008a
:1026680000000600b910ae0000000600f0ff2f00c1
:10267800f011e30009003200f031ec0040002000c6
:10268800f011e30005003a00bf50ae000300370028
:102698008e32020000000000bf50a900ca10e200fc
:1026a8001700320050868000000601001400370031
:1026b800140037004805370016063700780537003c
:1026c800aa053700860537008e0537000f0037004a
:1026d8005e013700ff003700d0003700b700370031
:1026e800510037009505370062003700a000370019
:1026f8000b0037003100370000000600000006001c
:1027080000000600ca30ef0000000600100020009c
:10271800508688005c0f02000000000000000600e0
:10272800ce10e20002003200ce30ed0000000600bc
:10273800803e2000708688006086800000060100c8
:10274800020037000a003700120037000193210009
:1027580000182200800878002000200090cb880014
:102768001205020000000000cc30ec00000006005a
:102778000193210000182300800878002000200021
:1027880090cb88001205020000000000cc30ec005d
:10279800000006000193210000082100800878004d
:1027a8002000200090cb88001205020000000000e5
:1027b800ca30ef00cc30ef0000000600ce10e20077
:1027c80002003200ce30ed00000006006086800076
:1027d80000060100010037000a003700f00022005f
:1027e800f08f8800bc10a800da3102000000000059
:1027f800bc10a900007d200070868800cc30ec0059
:1028080000000600ca040200000000003e0f02009b
:10281800000000009c04020000000000ca30ef0025
:10282800cc30ef0000000600ce10e20002003200bb
:10283800ce30ed0000000600608680000006010032
:10284800010037000a003700c0002200f08f88001e
:10285800bc10a800da31020000000000bc10a9007a
:10286800cc30ec00a0002000708688000000060034
:1028780000000600ce10e20002003200ce30ed006b
:102888000000060060868000000601000100370095
:102898000a003700d0002200f08f8800bc10a80082
:1028a800da31020000000000bc10a900cc30ec00b6
:1028b800a0002000708688000000060000000600c6
:1028c800ce10e20002003200ce30ed00000006001b
:1028d800608680000006010001003700080037000c
:1028e8000000200010878800000020002087880052
:1028f800f003200010918800cc30ec0000000600a6
:10290800000000000000000000000000e430ec00bf
:1029180080002000e410e30006003900e430ef00f6
:10292800e230ec0070002000e210e3000100390002
:10293800e230ef00803e20007086880040002200d0
:10294800f08f8800e410f8000012f900e210f80097
:102958000212f90010918000d0888800bc10a800ed
:10296800c231020000000000bc10a90000000600ef
:10297800ce10e20002003200ce30ed00000006006a
:10298800803e200070868800608680000006010076
:10299800010037000700370030002200f08f880060
:1029a800bc10a800da31020000000000bc10a90029
:1029b800000006000000060000000600ce10e2003d
:1029c80002003200ce30ed00000006006086800074
:1029d80000060100010037000f0037006171210077
:1029e800f0ff2f00709188000002200040918800bd
:1029f8008001200050918800bf10a800961702009f
:102a080000000000bf10a900cc30ec00a00020009e
:102a1800708688000000060000000600ce10e20064
:102a280002003200ce30ed00000006006086800013
:102a380000060100020037000600370011003700c9
:102a4800b230ef00a000200070868800cc30ec0087
:102a5800000006000000200000908800000022000e
:102a6800f08f8800bc10a800da31020000000000d6
:102a7800bc10a900cc30ec0040062000708688000d
:102a880000000600f00120000090880000002200ed
:102a9800f08f8800b210f8001a11f900bc10a800d5
:102aa800c231020000000000bc10a900b230ec00e6
:102ab800c0052000b210e30001003900b230ef0079
:102ac8001000200060868800401f20007086880063
:102ad80000000600ce10e20002003200ce30ed0009
:102ae8000000060060868000000601000b00370029
:102af80016003700180037001a0037001c0037008e
:102b08001e0037002000370022003700240037005d
:102b18003a003700010037000c00370000002000a1
:102b28000090880000002200f08f8800bc10a800e8
:102b3800da31020000000000bc10a900cc30ec0023
:102b4800400620007086880000000600f0ff2f0075
:102b5800709188001400370000802f007091880061
:102b680011003700007e2000709188000e003700a9
:102b7800f0012000709188000b003700f07f2000e2
:102b8800709188000800370000fe2f0070918800bf
:102b98000500370040442400709188000200370087
:102ba800c0cc2c00709188004170210000002000ea
:102bb800409188000000200050918800cc30ed0042
:102bc80000012000cc10bc0052918800cc30ec00f1
:102bd8009617020000000000b230ec00c00520008b
:102be800b210e30001003900b230ef00cc30ec0045
:102bf800400620007086880000000600cc30ef00f8
:102c0800401f20007086880000000600ce10e200f9
:102c180002003200ce30ed0000000600803e2000a9
:102c2800708688006086800000060100bbff3700c0
:102c380030002200f08f8800bc10a800da310200b2
:102c480000000000bc10a90000000600ce10e20041
:102c580002003200ce30ed0000000600803e200069
:102c68007086880060868000000601000400370036
:102c78000d003700160037001f0037002800370006
:102c8800f00120000090880000002200f08f8800ea
:102c9800bc10a800da31020000000000bc10a90036
:102ca800cc30ec0000000600007e20000090880078
:102cb80000002200f08f8800bc10a800da31020062
:102cc80000000000bc10a900cc30ec000000060099
:102cd80000802f000090880000002200f08f8800fc
:102ce800bc10a800da31020000000000bc10a900e6
:102cf800cc30ec0000000600f0ff2f0000908800a8
:102d080000002200f08f8800bc10a800da31020011
:102d180000000000bc10a900cc30ec000000060048
:102d2800000020000090880000002200f08f88003a
:102d3800bc10a800da31020000000000bc10a90095
:102d48000000200060868800000006001632ef00b0
:102d5800d0bc2a00f4160200000000004091800058
:102d6800de1602000000000050918000de1602000e
:102d78000000000070918000f416020000000000be
:102d88001100ba000100a7000080fd00f00fb2009a
:102d980004003200de160200000000008100e80096
:102da800f7ff37008100e800de160200000000008f
:102db80000000600f00fb2001612af000300370043
:102dc800800978001632ec00000006000080fd0043
:102dd800930970001632ec008381e80000000600b9
:102de800801f7800de160200000000004f00780007
:102df8000080fd00de160200000000000000060052
:102e0800303100003233000034350000363700001e
:102e180038390000414200004344000045460000a4
:102e2800000000004b650000792000005465000098
:102e38007374000000000000457200006173000018
:102e480065200000466c0000617300006800000007
:102e5800507200006f670000726100006d20000072
:102e6800466c0000617300006800000053650000b4
:102e780074200000466c00006173000068000000c8
:102e880054450000535400002e2e00002e00000070
:102e98004f4b0000000000004552000052000000a7
:102ea800bef0ae00100037000002eb008187210061
:102eb8008100420081004200110078000200e10018
:102ec80007003a000402e800c005200010002000b6
:102ed8000020e100f5ff3900bd50a8000000060001
:102ee800bd50a900000006000087800081872100ee
:102ef8008100400081004000110078000200e100dc
:102f080002003a00bd50a80000000600bd50a9000c
:102f180000000600818721005b0009008018eb0093
:102f280000000600bef0a80001003700bef0a900ae
:102f380003c02200aa1602000000000010002200b0
:102f4800bf10ae0020002200f08f8800bc10a8003f
:102f580003c02200bef0af0006003700e010f80002
:102f68001a11f9000631020000000000bc10a90087
:102f7800000006001631020000000000bc10a90085
:102f880000000600bd30a900bd10a900da10e2005b
:102f980002003200da30ed0000000600c086800032
:102fa800000601000200370010003700210037003a
:102fb80001722100f0ff2f007091880000002000ae
:102fc800409188000000200050918800bf10a800a0
:102fd8009c17020000000000bf10a900d830ec00c8
:102fe800a0002000d08688000000060040002100d4
:102ff800f08f8800bc10a800bef0ae00c2310200fd
:1030080000000000bef0af00da310200000000004e
:10301800bc10a900818721005b0009008018eb0023
:10302800d830ec00dc30ef00800c2000d08688001f
:1030380000000600dc30ec00803e2000dc10e300dd
:1030480003003900d630ef00bd10a80000000600cc
:10305800220020005417020000000000bd50af00fd
:103068000b00370050002100f08f8800000020007e
:1030780000908800bc10a800c231020000000000c7
:10308800bc10a900a0002000d0868800000006001f
:10309800bd30a80000000600bd30a900bd10a90081
:1030a800da10e20002003200da30ed00000006001b
:1030b800c0868000000601000400370015003700b4
:1030c8005e0037007a00370086003700c1722100a1
:1030d800f0ff2f00709188000000200040918800c8
:1030e8000000200050918800bf10a8009c17020023
:1030f80000000000bf10a900d830ec00a00020009c
:10310800d0868800e230ef00e430ef00e630ef00d0
:1031180000000600e610e20003003a00000000008c
:103128000000000000000000da1b020000000000a0
:10313800bd50af000f003700e630ef00e430ec0080
:1031480080002000e410e300f2ff3900e430ef00d3
:10315800e230ec0070002000e210e300edff3900df
:1031680030002000c0868800a0002000d08688009b
:1031780000000600108780000080fd00e410b70002
:1031880000908800e610f8000212f900e810f80034
:103198000412f90070002100f08f8800bc10a8000c
:1031a80003c02200e010f8001a11f90000102000f6
:1031b800b0908800bc10a800063102000000000092
:1031c800bc10a900e630ec0040878000e610e30060
:1031d80010003900e630ef00e430ec0080002000f9
:1031e800e410e3000b003900e430ef00e230ec00bb
:1031f80070002000e210e30006003900e230ef0022
:1032080030002000c0868800a0002000d0868800fa
:1032180000000600d830ec0040002000d08688006e
:10322800dc30ef00008780008187210081004000aa
:10323800810040008008eb0000000600dc30ec0054
:1032480040062000dc10e3000c00310000878000fd
:103258008187210081004000810040001100780032
:103268006100e100090032006200e1000b00320059
:1032780040002000d086880000000600bd10a8008d
:1032880040002000c086880000000600bd10a8008d
:1032980040002000c08688000000060010002000c2
:1032a800c0868800a0002000d086880000000600a4
:1032b800e010f8001a11f90080002100f08f880052
:1032c800bc10a800c231020000000000bc10a90018
:1032d800d630ec00a0002000d0868800bd30a800c1
:1032e800000006000000060000878000818721009a
:1032f80081004000810040008008eb0000000600cb
:103308000087800081872100810040008100400003
:103318001100780000000600bd30a900bd10a9000a
:10332800da10e20002003200da30ed000000060098
:10333800c0868000000601000a0037001d00370023
:103348002b00370058003700640037007000370042
:103358008d0037009c003700e20037000401370079
:1033680011013700e010f8001a11f900a1732100cb
:10337800f0ff2f0070918800000020004091880025
:103388000000200050918800bf10a8009c17020080
:1033980000000000bf10a900d830ec00c0002000d9
:1033a800d0868800e230ef00e430ef00e630ef002e
:1033b80000000600e010f8001a11f9009000210042
:1033c800f08f8800bc10a800c23102000000000085
:1033d800bc10a900d830ec0040002000d08688003e
:1033e8007819020000000000dc30ef000000060041
:1033f80040062000d0868800dc30ec00a0002000c9
:10340800dc10e3001a0031008419020000000000fb
:103418006200e1000100320000000600301c0200da
:10342800000000000e003a00c1742100007f200057
:10343800709188000007200040918800000020005b
:1034480050918800bf10a9009c17020000000000de
:10345800a0002000c0868800bd30a800000006003b
:10346800d830ec0040002000d0868800000006001c
:1034780001752100f001200070918800800620006d
:10348800409188000000200050918800bf10a900da
:103498009c17020000000000a0002000c0868800e1
:1034a800bd10a8000000060001722100f0ff2f00e7
:1034b80070918800000020004091880000012000e1
:1034c800509188009c17020000000000d830ec00e2
:1034d80040012000d086880000000600400021003e
:1034e800f08f8800bc10a800c23102000000000064
:1034f800bc10a9007819020000000000d830ec00c8
:10350800dc30ef0040012000d08688000000060073
:10351800dc30ec00803e2000dc10e30005003900c0
:10352800d630ef0040012000c0868800bd10a800fa
:1035380000000600220020005417020000000000ce
:10354800bd50af000b00370050002100f08f8800fd
:103558000000200000908800bc10a800c2310200c2
:1035680000000000bc10a900a0002000d086880040
:1035780000000600d830ec00dc30ef0040012000ed
:10358800d086880000000600c1722100f0ff2f00dd
:1035980070918800000020004091880000022000ff
:1035a800509188009c17020000000000d830ec0001
:1035b800a0002000d0868800e230ef00e430ef0061
:1035c800e630ef0000000600e610e20003003a00d3
:1035d800000000000000000000000000da1b0200ec
:1035e80000000000bd50af000f003700e630ef00cc
:1035f800e430ec0080002000e410e300f2ff390022
:10360800e430ef00e230ec0070002000e210e3004c
:10361800edff390090002000c0868800a00020003f
:10362800d086880000000600108780000080fd001a
:10363800e410b70000908800e610f8000212f900c4
:10364800e810f8000412f90070002100f08f8800db
:10365800bc10a80003c02200e010f8001a11f900fd
:1036680000102000b0908800bc10a80006310200ad
:1036780000000000bc10a900e630ec004087800084
:10368800e610e30010003900e630ef00e430ec000b
:1036980080002000e410e3000b003900e430ef0064
:1036a800e230ec0070002000e210e3000600390070
:1036b800e230ef0090002000c0868800a0002000c3
:1036c800d086880000000600d830ec0040002000ba
:1036d800d0868800dc30ef00781902000000000076
:1036e80000000600dc30ec0040062000dc10e3009f
:1036f8000c00310000878000818721008100400094
:1037080081004000110078006100e10005003200ee
:103718006200e1001100320040002000d0868800dd
:103728000000060001752100f0012000709188005a
:1037380080062000409188000002200050918800f7
:10374800bf10a9009c17020000000000a000200084
:10375800c0868800bd10a800000006007000200088
:10376800c0868800a0002000d086880000000600df
:10377800e010f8001a11f90080002100f08f88008d
:10378800bc10a800c231020000000000bc10a90053
:10379800d630ec00a0002000d0868800bd30a800fc
:1037a800d830ec000000060000000600bd50a8005c
:1037b800e610e2001d003a00108780000000220099
:1037c800e210bc00b28a8800c38a88000004200086
:1037d800e010bc00020078005631b4000300780005
:1037e80058b1b400001221005631b4000000200086
:1037f80058b1b400ba2d02000000000001c0220038
:1038080011007800b2da2c000200e1000200320058
:10381800bd50a90000000600ec1c020000000000da
:10382800be90af00bd50a900000006005a11f80074
:103838005611f9005c11f8005811f900c02d02006a
:10384800000000005611f8005a11f9005811f8004c
:103858005c11f90000000600e230ef00e430ef00f0
:103868001087800000002200e210bc00b28a8800a5
:10387800c38a880000042000e010bc000200780021
:103888005631b4000300780058b1b400001221008a
:103898005631b4000000200058b1b400ba2d02001f
:1038a8000000000001c0220011007800b2da2c00ec
:1038b8000200e1000a003a00ec1c020000000000cf
:1038c800be90af0006003700c1c02200310078006a
:1038d80000848800310078001084880014003700c4
:1038e80000022000e210bc00208780004200dd00ba
:1038f80002014000a38f8000a300b00083014100b3
:1039080033007800000278003300780080027800e5
:103918000500720015003200b0fa2f000400e10023
:103928001e003a000500e1001c003a000f003700b5
:1039380000022000e210bc00208780004200dd0069
:1039480002014000a38f8000a300b0008301410062
:10395800330078008010e30010003a00330078004c
:103968008210e3000d003a0000000000e430ec0093
:1039780080002000e410e300b9ff3900e430ef00d4
:10398800e230ec0030002000e210e300b4ff390020
:10399800e230ef004220a800000006004220a90003
:1039a80000000600208780007000b20000060100b9
:1039b8005002050080020500b0020500e002050083
:1039c800100305004003050070030500a00305006f
:1039d800be90a900d61c02000000000001c0220011
:1039e80081004000ce1d020000000000b08a88005f
:1039f800b61d020000000000c08a8800b08a80005e
:103a08005811b70002003a00be90a8000000060056
:103a18004200a90056b1d60058b1d6004200a9000c
:103a280056b1d60058b1d600c02d020000000000e3
:103a38005611f8005a11f9005811f8005c11f900f4
:103a480001c0220011007800b2da2c000010e10059
:103a580002003200be90a8000000060041c022000b
:103a6800ce1d0200000000000001780003002000c5
:103a7800f00fb2004220ae001300200002007800d0
:103a88000080fd00f00fb20003004000408788006e
:103a980000000600be90a900e610e20028003a00e7
:103aa800d61c02000000000001c022008100400076
:103ab800ce1d020000000000b08a8800b61d02007a
:103ac80000000000c08a88004200a90056b1d60054
:103ad80058b1d6004200a90056b1d60058b1d60058
:103ae800c02d02000000000001c022001100780073
:103af800b2da2c000010e10002003200be90a800eb
:103b08000000060041c02200ce1d02000000000097
:103b18000001780003002000f00fb2004220ae0040
:103b280013002000020078000080fd00f00fb200b2
:103b38000300400040878800e630ec0000000600e3
:103b4800c02d020000000000e630ec004087800035
:103b5800e610e3000100310000000600be90a80056
:103b6800000006000100a7000400370011007800db
:103b7800f00fb2008100e800000006000100a1007b
:103b8800110078000080fd00f00fb2008180e8008d
:103b980000000600b61d020000000000801f78002b
:103ba800b61d0200000000000080fd004f017800f3
:103bb800020070000000060001c022001000200072
:103bc80002082000801878001010b0000201e900f7
:103bd800fcff3a0000000600ce10e20002003200ae
:103be800ce30ed000000060000012000708688003d
:103bf80060868000000601000200370012003700ce
:103c080022003700c210af00000006000032ef00ab
:103c180002b2ef00c62e020000000000c410ae0081
:103c280003003700dc30020000000000000006003e
:103c3800d6300200000000007430020000000000ce
:103c4800cc30ec00000006000032ec00d0ac2000c4
:103c58000051210010908800c62e020000000000cc
:103c6800c410ae0003003700dc3002000000000082
:103c7800000006000000000000000000e83002001c
:103c880000000000cc30ec0000000600100020000e
:103c980050868800ce30ef00cc30ef0000000600e0
:103ca800bef0a900beb0a800bed0a9000000200048
:103cb800a0868800410037008005200030898800f0
:103cc800fc11f8002611f900bef0a900beb0a90049
:103cd800bed0a80000002000a0868800370037006a
:103ce800f0ff2f00fc11e300f5ff3a00bef0a8003a
:103cf800beb0a900bed0a90000002000a0868800a0
:103d08002e003700f0ff2f00fc11e3000300320003
:103d1800fc11f8002611f90008003700bef0a900d0
:103d2800beb0a800bed0a90020002000a086880050
:103d380022003700c001200030898800bef0a900a9
:103d4800beb0a900bed0a80020002000a086880030
:103d58001a003700bef0a800beb0a900bed0a90066
:103d680020002000a086880014003700bef0a900bb
:103d7800beb0a800bed0a90010002000a086880010
:103d88000e0037008005200030898800bef0a900a9
:103d9800beb0a900bed0a80010002000a0868800f0
:103da80006003700bef0a800beb0a900bed0a9002a
:103db80010002000a086880000003700c210af0065
:103dc80000000600ce10e20002003200ce30ed0006
:103dd800000006006086800000060100020037002f
:103de8000b003700160037002611f8000012f90002
:103df800c005200010908800d630020000000000a6
:103e0800cc30ec00000a2000708688000000060014
:103e18002611f8000012f900c00520001090880053
:103e2800dc30020000000000cc30ec00000a20006a
:103e380070868800da30ef00d830ef000000060006
:103e48002611f800e010f90000002000d410e3006b
:103e580002003a00c617020000000000100020000f
:103e6800d410e30002003a005018020000000000dd
:103e780020002000d410e30002003a00901902004c
:103e880000000000beb0af0005003700bd10af0055
:103e980019003700bd30af001000370000000600e1
:103ea800bd10af0003003700bd30af000100370080
:103eb800000006001000200060868800c012200064
:103ec800708688002631ec00c00520002611e3002a
:103ed800010031000000060000003700e830020051
:103ee800000000001000200050868800ce30ef004f
:103ef800cc30ef0000000600e230020000000000b5
:103f08001000200050868800ce30ef00cc30ef0043
:103f180000000600c210af0000000600ce10e2004c
:103f280002003200ce30ed00000006000001200043
:103f38007086880060868000000601000300370054
:103f48000c0037001f003700250037005831ef00fc
:103f58005811f8000012f90000102000c0052000d8
:103f680010908800d630020000000000cc30ec0031
:103f780000000600302d020000000000bd10ae0059
:103f880002003700cc30ec00000006005811f800a1
:103f98000012f9000010200010908800dc300200a8
:103fa800000000005831ec00001020005811e30018
:103fb8000100310000000600cc30ec00cc30ec00f1
:103fc80000000600e230020000000000100020009f
:103fd80050868800ce30ef00cc30ef00000006009d
:103fe800e830020000000000100020005086880021
:103ff800ce30ef00cc30ef0000000600200a800031
:10400800200a8000200a8000200a80000028a900d9
:1040180020402000000a880040c8a80040a8a90045
:104028004088a9002028a80000000600600a800037
:10403800600a8000600a8000600a800000a8a90069
:1040480020402000400a880040c8a80040a8a900d5
:104058004088a90020a8a80000000600a00a800047
:10406800a00a8000a00a8000a00a800004a8a90075
:1040780020402000800a880052c8a80052a8a90041
:104088005288a90024a8a80000000600e00a8000c1
:10409800e00a8000e00a8000e00a800004c8a90065
:1040a80020402000c00a88005348a8005328a900cf
:1040b8005308a90024c8a800000006000040a70073
:1040c800030037000030a70004003700060037005f
:1040d80000002a00d20b20000000060000002a0081
:1040e800a21720000000060000002a00128e2000ff
:1040f800000006000021ef0000cc800062200200d2
:1041080000000000200888001208880041c8a800a4
:1041180041a8a9004188a8000068a9002068a80053
:10412800000006000a21ef0060cc80006220020037
:104138000000000090088800720888004448a80021
:104148004428a9004408a8000108a9002108a800db
:104158000000060000032a0080088800000006000e
:104168001421ef00c0cc8000622002000000000093
:10417800f0088800d20888004dc8a8004da8a900fa
:104188004d88a8000368a9002368a800000006005d
:104198001821ef00a0cb8000622002000000000080
:1041a80000098800e20888004e48a8004e28a900a7
:1041b8004e08a8000388a9002388a800000006006c
:1041c80021742000620420007305200082487800d2
:1041d8008348780042c7a90000f02f00c426b60023
:1041e800a0022000c426b700f00f20008e26b600db
:1041f800001020008e26b70000f02f00c626b6005b
:1042080080022000c626b700f00f20008426b600e2
:10421800003020008426b700f00f2000a026b6004a
:10422800500220000080fd00a026b70000f02f00fb
:10423800a226b60000022000a226b70000f02f0038
:104248008226b600000120008226b70000f02f0069
:10425800ae26b600c0022000ae26b700f00f200040
:10426800ae26b600700720000080fd00ae26b7001d
:1042780000f02f00b026b600f0022000b026b700ec
:10428800f00f2000b026b600900120000080fd004d
:10429800b026b700217420006204200073052000b6
:1042a800824878008348780042c7a80000000600ca
:1042b800c228a8004a48a8004a28a9004a08a90014
:1042c8000288a9002288a80000000600c248a800a9
:1042d8004ec8a8004ea8a9004e88a90003a8a900a6
:1042e80023a8a80000000600b0062000e00820006f
:1042f800300220004011880080002800001188004a
:1043080000402000101188004648a9004628a8004f
:104318004608a8000188a9002188a800301180005b
:104328003011800030118000301180000168a90030
:1043380045c8a90045a8a8004588a8000168a900a3
:104348002168a80000000600b0062000e008200050
:1043580030022000c01188008000280080118800e9
:1043680000402000901188004fc8a9004fa8a9005c
:104378004f88a80003e8a90023e8a800b01180002e
:10438800b0118000b0118000b011800003c8a900ee
:104398004f48a9004f28a9004f08a80003c8a90042
:1043a80023c8a80000000600b0118000b0118000ea
:1043b800b0118000b011800003c8a90023c8a9006b
:1043c80000000600b0118000b0118000b01180001c
:1043d800b011800003c8a90023c8a8000000060087
:1043e8001000200004003700700020000200370091
:1043f8007000200000003700317420008207200080
:10440800a30920000300fc00824878008348780054
:1044180043e7b700217420006204200073052000e0
:104428000300fc0082487800834878004207a8000f
:104438000060fe004207af00fdff370000000600e5
:104448004427ef000003200050042000303a880081
:10445800000020004427b700000020004427b700d0
:10446800000020004427b700000000000000000002
:104478000000000000712200fe340200000000006d
:1044880000000000000000000000000010002000f4
:10449800002202000000000000002000403a8800ce
:1044a800000006000060fe00b00a2000201188000d
:1044b80000712200fe34020000000000f9ff3700fe
:1044c80040002000a0858800f0012000d0908800de
:1044d800f0012000e0908800f0002000f0908800b3
:1044e800b4b9ef000000060004eea80000eea90031
:1044f80015cea80011cea90011eea80064cea80020
:1045080060cea90060eea800650ea800610ea900a3
:10451800652ea900612ea900058ea800018ea900ac
:10452800056ea900016ea800040ea800000ea900df
:10453800042ea900002ea900142ea800102ea900f0
:10454800100ea800240ea900200ea900242ea900f0
:10455800202ea900244ea900204ea900256ea900ee
:10456800216ea900458ea900418ea90045aea9007b
:1045780041aea90041cea80045eea90041eea80031
:10458800050ea900010ea800148ea900108ea9001e
:10459800048ea800008ea900012ea800246ea90090
:1045a800206ea900248ea900208ea90024aea9009f
:1045b80020aea900350ea900310ea90014aea9003d
:1045c80010aea80014cea90010cea800254ea90050
:1045d800214ea90014eea80010eea90025aea900ee
:1045e80021aea900110ea800152ea800112ea900b1
:1045f80024cea90020cea90024eea90020eea9000f
:10460800250ea900210ea90034aea90030aea900dc
:1046180034cea90030cea900252ea800212ea9004d
:10462800500ea800542ea800502ea900114ea80024
:10463800156ea800116ea900118ea80015aea8006d
:1046480011aea900054ea800014ea9000000060001
:10465800c310af0003003700c350af000600370097
:1046680000000600c310a900308e8000508e88001c
:104678000100220005003700c350a900408e8000c9
:10468800508e88000128220000003700a18f880082
:1046980031007800023022000200e10004003200fc
:1046a800f2ff2f000200e1000100320000000600c6
:1046b80031007800020020000200e100040032000e
:1046c800f2ff2f000200e1000100320000000600a6
:1046d80031007800b08f880031007800c08f8800e2
:1046e80031007800d08f8800d08f80000080fd00d6
:1046f800f00fb2006000e10002003a00e623040077
:10470800000000007000e10002003a00fc240400f0
:1047180000000000e000e10002003a0092240400da
:1047280000000000f000e10002003a006a240400e2
:1047380000000000f100e10002003a0074240400c7
:1047480000000000f200e10002003a007e240400ac
:1047580000000000f300e10002003a008824040091
:1047680000000000f400e10002003a00d023040039
:1047780000000000f500e10002003a00de2304001a
:10478800000000007001e10002003a005224040019
:104798000000000000000600d08f8000f00fb2007b
:1047a800408988002a0d020000000000bf30a800e0
:1047b80000000600bf30a9003c0d02000000000008
:1047c80000000600d08f8000f000b2000006010053
:1047d80011003700110037001200370012003700af
:1047e80012003700120037001200370008003700a7
:1047f8000b003700060037000500370004003700bb
:10480800030037000f0037000200370000003700b0
:104818000000060000000600000006000000060078
:104828000000060000000600000006000000060068
:104838000000060010002000ce30ef0050868800ef
:1048480000000600f831ed00f831ed008001eb00c2
:104858003102780003006a00f00fb2000c003a0041
:104868008301e8000480fd0003006a00f00fb20035
:1048780007003a008301e800c08f80000018e100bb
:10488800f3ff3900d63002000000000000000600e7
:10489800003102000000000000000600f831ed00c1
:1048a800f831ed00a18f880000002500fa11e3001f
:1048b800010032000000060040002000908f8800b0
:1048c800882602000000000000000600d08f80004b
:1048d800f00fb2000000e800708a880000000600af
:1048e800d08f8000f00fb2000000e800808a8800b6
:1048f80000000600d08f8000f00fb2000000e80032
:10490800908a880000000600d08f8000f00fb20067
:104918000000e800a08a880000000600bcd0a900ba
:10492800d08f80007000b200000601000700370039
:104938000b0037000f00370013003700170037004f
:104948001b0037001f0037002400370080002000bc
:1049580050868800ce30ef00cc30ef000000060013
:104968009000200050868800ce30ef00cc30ef0059
:1049780000000600a000200050868800ce30ef001e
:10498800cc30ef0000000600b00020005086880000
:10499800ce30ef00cc30ef0000000600c000200051
:1049a80050868800ce30ef00cc30ef0000000600c3
:1049b800d000200050868800ce30ef00cc30ef00c9
:1049c80000000600f000200050868800bcd0a80037
:1049d800ce30ef00cc30ef000000060000012000d0
:1049e80050868800ce30ef00cc30ef000000060083
:1049f800d08f80007000b200000601003d00370033
:104a0800450037004d0037009a0037002f00370067
:104a180018003700210037000a00370000000600a0
:104a280000000600f0012000308988007000200096
:104a380050868800800c200070868800cc30ef00fb
:104a48000000060031007800e08f8800bc10a90043
:104a5800d6300200000000002631ef007000200070
:104a680050868800800c200070868800cc30ef00cb
:104a780000000600bc10a900d630020000000000ab
:104a88002631ef005000200050868800800c20005e
:104a980070868800cc30ef000000060031007800f6
:104aa800e08f8800bc10a900d6300200000000008a
:104ab8002631ef006000200050868800800c20001e
:104ac80070868800cc30ef0000000600bc10a900fa
:104ad800d6300200000000002631ef004000200020
:104ae80050868800800c200070868800cc30ef004b
:104af80000000600bc10a900d6300200000000002b
:104b08002000200050868800800c200070868800d5
:104b1800cc30ef0000000600bc10a900d63002001f
:104b280000000000300020005086880000012000ae
:104b380070868800cc30ef0000000600bc10a90089
:104b4800a18f8000a100b00031007800409088005b
:104b580031007800509088000a12e20001003a0003
:104b68009630ef00b08480000a12e300060032009d
:104b78000000e8000a12e300030032000000000011
:104b880000000000000000000a12f8009610f9006a
:104b9800409080000a12bc00b28a8800c38a88004c
:104ba8004200a90058b1d70056b1d7002000200014
:104bb8005811e30007003a0000c02a005611e3002c
:104bc80004003a000000000000000000000000009f
:104bd800000000005611f8008010f9005811f80084
:104be8008210f900218488008630ef00218480003b
:104bf8008210f8005811f9008010f8005611f900d9
:104c0800b62c020000000000218480008210f80009
:104c18005811f9008010f8005611f900f02b020025
:104c280000000000bd10ae00090037008630ec001f
:104c3800300020008610e300ecff3900000000007f
:104c480000000000e2300200000000000000060042
:104c58000a12f8000012f900d63002000000000025
:104c6800000000000000000000000000000000003c
:104c780000000600bc10a900a18f8000a100b000b0
:104c8800310078004090880031007800509088000a
:104c9800409080000a12bc00b28a8800c38a88004b
:104ca8004200a90058b1d70056b1d7000a12e20055
:104cb80002003a002231ef002431ef00f02b02000d
:104cc80000000000bd10ae00060037000000000024
:104cd8000000000000000000e230020000000000b8
:104ce800000006000a12f8000012f9000000000097
:104cf800000000000000000000000000d6300200a4
:104d080000000000000006002232ef000060fe00f4
:104d1800a80f0200000000001100780080958800ac
:104d2800f251af00070037000000eb00b0d2af002f
:104d38000000a000b0f2af000010a000f211e300e4
:104d480018003a00b112af00e0260200000000008f
:104d5800b132af00ec26020000000000b152af00f3
:104d6800f826020000000000b172af00042702001c
:104d780000000000b192af00102702000000000000
:104d8800b1b2af001c27020000000000b1d2af0092
:104d98002827020000000000b1f2af00342702000b
:104da800000000002232ec00c00520002212e300bf
:104db800d6ff390000000600c40e02000000000003
:104dc80000002000b0878800d1c022002a003700e8
:104dd800c40e02000000000001c1220010002000e3
:104de800b087880024003700c40e020000000000cd
:104df80031c1220020002000b08788001e00370043
:104e0800c40e02000000000061c122003000200032
:104e1800b087880018003700c40e020000000000a8
:104e280091c1220040002000b0878800120037009e
:104e3800c40e020000000000c1c122005000200082
:104e4800b08788000c003700c40e02000000000084
:104e5800f1c1220060002000b087880006003700fa
:104e6800c40e02000000000021c2220070002000d1
:104e7800b0878800000037001c0a0200000000000c
:104e8800c08f80000080e800a82d0200000000000c
:104e980001c0220031007800f811e30021003a0037
:104ea800a38f80000002eb00810278000500a100ba
:104eb800150078000100a7000080fd00830278003b
:104ec8000500a100150178000300a7000280fd007d
:104ed80002016800f20fb20012003a008100e800f7
:104ee8008301e8000402e800c08f80000020e10090
:104ef800edff3900a80f0200000000001100780043
:104f080002ff2f0000006100b2878000f200b200ab
:104f180000007100800878005c0f020000000000ab
:104f28000000060000000600c330af000300370091
:104f3800c370af000600370000000600c330a900a8
:104f4800e08e8000008f88000150220005003700a5
:104f5800c370a900f08e8000008f880001602200d5
:104f680000003700a18f880031007800c0888800d1
:104f780031007800d088880031007800b08f880030
:104f880031007800c08f880031007800d08f880009
:104f980031007800409088003100780050908800f7
:104fa80031007800609088003100780070908800a7
:104fb80050002900fa11e30002003a0022280400f8
:104fc8000000000060002900fa11e30002003a0026
:104fd800222804000000000070002900fa11e300f4
:104fe80002003a0022280400000000009000290076
:104ff800fa11e30002003a000c2804000000000047
:10500800000000000000000000000600000006008c
:10501800c00520001a11e300010039000000060055
:1050280081872100d08880008100400081004000f5
:10503800200020008008780000000600c00520003d
:105048001a11e300010039000000060081872100e1
:10505800d08880008100400081004000409080009e
:105068000000e80080087800000006000000060044
:10507800000006007f00e100010036000000060085
:10508800000601001f0037001f0037001e00370010
:105098001d0037001c0037001b0037001a003700be
:1050a80019003700190037001800370017003700bb
:1050b80016003700150037001400370013003700ba
:1050c80012003700120037001200370012003700b4
:1050d80012003700120037001100370010003700a7
:1050e8000f0037000e0037000d0037000c003700a6
:1050f8000b0037000a0037000900370008003700a6
:105108000700370000000600000006000000060047
:10511800000006000000060000000600000006006f
:1051280000000600152ea800bcb0ae001300370022
:1051380000027800152ea900248eb600f00fb200e8
:1051480024aeb6000000000000000000152ea800e4
:105158000000000004007800152ea9000080fd0062
:10516800248eb600f00fb20024aeb6000000000096
:1051780000000000152ea80000000600f00fb20085
:1051880000027800152ea90000f02f00242eb6008a
:10519800040078004400de00242eb70000c0fd00a3
:1051a800242eb7000000000000000000152ea80003
:1051b8000000000000f02f00152ea900242eb600d4
:1051c80004007800f000b200242eb70000c0fd00f3
:1051d800242eb7000000000000000000152ea800d3
:1051e80000000600bc90af00ceff3700bc70af00d7
:1051f8000f003700152ea800208688000000eb005d
:10520800152ea900c4f0ae00240ea900c4f0af000a
:10521800240ea80000000000152ea800c4b0d60077
:105228000000e8006800e100f5ff39000000060012
:10523800152ea800208688000000eb00152ea90076
:10524800c4f0ae00248ea900c4f0af00248ea800dc
:105258000000000000000000152ea800c4b0d60011
:105268000000e8006800e100f4ff390000000600d3
:10527800f00f2000202eb700152ea9000000000016
:1052880000000000bcb0ae000f00370010718000b5
:10529800152ea800f00fb2000001780000000000f1
:1052a800152ea90000000000000000001071800009
:1052b800f00fb2000080fd00020070002086880018
:1052c800152ea8000000060010718000f00fb20033
:1052d80000017800152ea800f000b20000c0fd0003
:1052e8003086880000000000152ea9000200780012
:1052f8004400de0000c0fd00408688000000000079
:1053080010718000f00fb20000017800152ea8007f
:10531800f000b200c630b700020078004400de009a
:10532800c830b700408680000080fd00c610b70076
:1053380000000600bc90af00cdff3700bc70af0086
:10534800350037000060fe00152ea800c430ef00bd
:10535800152ea900c4b0d600c410a900222eaf0093
:10536800c410a800152ea800152ea900c4b0d60098
:10537800c410a900222eaf00c410a800152ea80042
:10538800152ea900c4b0d600c410a900222eaf0063
:10539800c410a800152ea800152ea900c4b0d60068
:1053a800c410a900222eaf00c410a800152ea80012
:1053b800152ea900c4b0d600c410a900222eaf0033
:1053c800c410a800152ea800152ea900c4b0d60038
:1053d800c410a900222eaf00c410a800152ea800e2
:1053e800152ea900c4b0d600c410a900222eaf0003
:1053f800c410a800152ea800152ea900c4b0d60008
:10540800c410a900222eaf00c410a800152ea800b1
:1054180020868000000006000060fe00152ea8000f
:10542800c430ef00152ea900c4b0d600c410a900de
:1054380022aeaf00c410a800152ea800152ea90092
:10544800c4b0d600c410a90022aeaf00c410a80092
:10545800152ea800152ea900c4b0d600c410a900a6
:1054680022aeaf00c410a800152ea800152ea90062
:10547800c4b0d600c410a90022aeaf00c410a80062
:10548800152ea800152ea900c4b0d600c410a90076
:1054980022aeaf00c410a800152ea800152ea90032
:1054a800c4b0d600c410a90022aeaf00c410a80032
:1054b800152ea800152ea900c4b0d600c410a90046
:1054c80022aeaf00c410a800152ea800152ea90002
:1054d800c4b0d600c410a90022aeaf00c410a80002
:1054e800152ea8002086800000000600bcb0a90088
:1054f800d82d02000000000000092000f628020054
:1055080000000000008488009e29020000000000be
:10551800108488009e290200000000002084880072
:105528009e29020000000000308488009e290200a5
:105538000000000040848800328680004386800096
:105548009e29020000000000508488000e2e0200f0
:1055580000000000f0fe2e00bc90ae00f00e20000f
:105568008810e3004220af0000000600202c2c0029
:10557800bc90ae00200c20008810e3004220af0051
:105588000000060000000600062b020000000000d4
:105598006e2b0200000000001c2d0200000000001d
:1055a8008030ef008010a900bd10af008010a80067
:1055b800000000000000000000000000bd10af0067
:1055c8007e2b020000000000000000000000000028
:1055d8000000000000000000aa2b020000000000ec
:1055e80000000000000000000000000000000000b3
:1055f80000000000000000000000000000000000a3
:10560800e1ff3700a02f020000000000bc90a900b5
:10561800bcb0a900bc70a900e62e02000000000082
:10562800242f020000000000e62e02000000000007
:10563800242f020000000000bc70a800e62e020023
:1056480000000000242f020000000000e62e0200e7
:1056580000000000242f0200000000007c2f020040
:1056680000000000000006000060fe00062b02009b
:105678000000000000000000000000000000000022
:10568800000000007a2a020000000000000000006c
:10569800000000000000000000000000a02f020031
:1056a80000000000000000000000000000000000f2
:1056b800000000007a2a020000000000000000003c
:1056c800000000000000000000000000e6ff3700b6
:1056d800000006007a2a0200000000004220ae0006
:1056e800fcff370000000000000000000000000080
:1056f8000000060036300200000000000e2f0200f5
:1057080000000000fa2e0200000000000000a700c0
:10571800fcff370036300200000000008230020033
:10572800000000000060fe00fa2e020000000000e9
:105738000000a700fbff3700000000000000000089
:1057480000000000000000000000060001a0220088
:10575800021020008001eb00821878001010200051
:10576800020140008301e800000820000018e10061
:10577800f9ff3900bc70a9005631ef005831ef002d
:1057880001a022005611f8005811f800b62c0200aa
:10579800000000005811f9005611f90001a022007c
:1057a8004e2c020000000000bd10ae0000000000fa
:1057b800bd10af0000000000000000000000000065
:1057c800001020005631b400803e20000835020049
:1057d80000000000eaff3700bd10a900e62e020015
:1057e80000000000d82d020000000000b0002000da
:1057f800f628020000000000c08a8000f628020097
:1058080000000000b08a80000080fd00f628020039
:1058180000000000b08a8000f628020000000000a6
:105828009e2902000000000003c02200bcb0a800ae
:105838009e29020000000000bcb0a900208680005c
:105848008019780031007800c410e30001003200ac
:10585800bd10a8005631ec004220af005831ec00d2
:1058680056d1bf00f1ff3a000e2e020000000000e2
:10587800000000000000000000000600000000001a
:1058880000000000000000000e2e020000000000d2
:105898000000060002c02200bd10a800e62e02008b
:1058a80000000000d82d0200000000003000200099
:1058b800f628020000000000c08a8000f6280200d6
:1058c80000000000b08a80000080fd00f628020079
:1058d80000000000b08a8000f628020000000000e6
:1058e8009e290200000000005611af000400370096
:1058f8002086800000097800110078000600370033
:10590800208680000080fd00120940000281e80026
:10591800310078000080fd00c450e3000b003a001d
:105928005631ec004220af005831ec0056d1bf0090
:10593800ebff3a000e2e020000000000bd10a90087
:105948000000000000000000000006000000000049
:1059580000000000000000000e2e02000000000001
:1059680000000600ea2f02000000000036300200a6
:1059780000000000d82d02000000000020002000d8
:10598800f628020000000000c08a8000f628020005
:1059980000000000b08a80000080fd00f6280200a8
:1059a80000000000b08a8000f62802000000000015
:1059b800bc90af00110037005611af00020037004d
:1059c8001100780003003700310078000080fd00e6
:1059d80000003700f6280200000000005631ec00f5
:1059e8004220af005831ec0056d1bf00f2ff3a0018
:1059f8000e2e0200000000000000060031007800b2
:105a0800bcb0a800f628020000000000bcb0a90045
:105a18005631ec004220af005831ec0056d1bf009f
:105a2800f6ff3a000e2e02000000000000000600fb
:105a38005831ef00302d020000000000bd10af000b
:105a4800000006005831ec00001020005811e30057
:105a5800f8ff390000000600bd10a800e62e02007d
:105a680000000000d82d020000000000b000200057
:105a7800f628020000000000c08a8000f628020014
:105a88000000000000002000f628020000000000ce
:105a980000002000f6280200000000009e290200f5
:105aa800000000005631ef00bc90af000f00370037
:105ab8009e29020000000000f00f2000c450e300ff
:105ac8001b003a005631ec005611e200f8ff3a008c
:105ad800bd10a9000e2e020000000000000000000a
:105ae800000000000000000000000600bcb0a80094
:105af8009e29020000000000bcb0a900f0ff2f00a2
:105b0800c410e3000a003a005631ec005611e200d6
:105b1800f6ff3a00bd10a9000e2e0200000000009a
:105b28000000000000000000000000000000060067
:105b38000e2e02000000000000000000000000001f
:105b4800000000000000060001c0220000017800eb
:105b58004900370001c0220002012000460037003a
:105b680001c02200020220004300370001c02200c9
:105b7800020420004000370001c02200021020006b
:105b88003d00370001c02200022020003a00370003
:105b980001162100220020003700370001162100dd
:105ba8004200200034003700bc90af0012003700dc
:105bb800bc70af0008003700202ea800244ea800b3
:105bc800204ea900246ea800206ea900252ea90049
:105bd80015aea8000000060020aea80024cea8003c
:105be80020cea90024eea80020eea90015aea90039
:105bf800252ea80000000600801f780000f02f0066
:105c0800202eb600252ea90015aea9004f00780059
:105c180000000600bc90af000e003700bc70af005b
:105c280006003700252ea800200ea900202ea90066
:105c3800204ea900206ea9000000060015aea8009d
:105c4800208ea90020aea90020cea90020eea90030
:105c580000000600252ea80015aea800801f7800b9
:105c680000f02f00202eb600252ea90015aea900a1
:105c78004f007800000006008e10f800bc90ae00bf
:105c8800070037000200a7000201e8004111de000a
:105c9800728488004200a90058b1d70056b1d700d5
:105ca800e62e020000000000d82d020000000000cf
:105cb800b0002000f628020000000000c08a800022
:105cc800f628020000000000b08a80000080fd0075
:105cd800f628020000000000b08a8000f6280200c2
:105ce800000000009e29020000000000bc90af00e8
:105cf800120037009e290200000000005611af0074
:105d08000200370080087800030037000080fd009b
:105d1800910840008180e8005631ec004220af0035
:105d28005831ec008e30ed00f2ff3a000e2e0200e2
:105d3800000000008e10f90000000600708480004a
:105d48005631b4000000200058b1b4004200a90048
:105d580056b1d60058b1d600bcb0a8009e290200a2
:105d680000000000801878008e30ed00faff3a003d
:105d78000e2e020000000000bcb0a9008e10f90031
:105d880000000600bc90af0003003700fa2e0200a6
:105d98000000000000000600fa2e020000000000cb
:105da800c610af0004003700c610af00020037006d
:105db800c430ef0000000600100020002086880094
:105dc800000006000060fe00c62e02000000000071
:105dd800c410af00fbff3700c62e02000000000011
:105de800c410af00f7ff370000000600d82d0200ee
:105df8000000000050002000f6280200000000000b
:105e08009e290200000000000e2e02000000000083
:105e180000000600d82d020000000000100020003d
:105e2800f62802000000000000002000f62802000a
:105e3800000000000e2e0200000000000000060016
:105e4800d82d02000000000050032000f6280200b0
:105e5800000000009e290200000000000e2e020033
:105e6800000000000010a000801f7800d82d02005c
:105e78000000000010032000f628020000000000c7
:105e88004f007800f6280200000000000e2e0200e5
:105e98000000000000000600d82d020000000000ed
:105ea80050032000f6280200000000009e2902008e
:105eb800000000000e2e0200000000000010a100eb
:105ec800801f7800d82d0200000000001003200079
:105ed800f6280200000000004f007800f6280200b3
:105ee800000000000e2e0200000000000000060066
:105ef800bc70a900d82d020000000000800320001b
:105f0800f6280200000000000e2e0200000000002b
:105f1800bc70a800d82d02000000000080032000fb
:105f2800f6280200000000000e2e0200000000000b
:105f3800bc90a80000000600bc90a800bcb0a90056
:105f4800d82d020000000000f00f2000f628020003
:105f5800000000000e2e020000000000bc90a90006
:105f6800bcb0a90000000600bc90a800bcb0a90005
:105f7800d82d02000000000060062000f62802006c
:105f8800000000000e2e0200000000002003200088
:105f98002c35020000000000d82d0200000000008f
:105fa80090092000f6280200000000000e2e0200d2
:105fb80000000000bc90a900bcb0a900a00020000f
:105fc800083502000000000000000600fa2e02005a
:105fd80000000000bc90af000b003700c410af00f9
:105fe800faff370020868000c001b2004220af00cf
:105ff8000000060036300200000000000e2f0200ec
:1060080000000000f1ff3700c610af00efff3700b7
:10601800c810af00edff370030868000c001b20025
:106028004220af00050037003630020000000000b3
:106038000e2f020000000000e4ff370040868000b9
:10604800c001b2004220af00050037003630020020
:10605800000000000e2f020000000000dbff3700e8
:1060680000000600d82d020000000000600020009b
:10607800f6280200000000000e2e020000000000ba
:1060880000000600d82d020000000000400020009b
:10609800f6280200000000000e2e0200000000009a
:1060a80000000600d82d02000000000010002000ab
:1060b800f62802000000000001007800f62802001f
:1060c80000000000010078000080fd00f6280200b2
:1060d800000000000e2e0200000000000000060074
:1060e800ea2f020000000000363002000000000025
:1060f800823002000000000000000600d82d0200d7
:1061080000000000700c2000f628020000000000cb
:106118000e2e02000000000000000600801f78001c
:10612800d82d020000000000800d2000f628020093
:10613800000000004f007800f62802000000000070
:1061480000002000f62802000000000000002000e7
:10615800f6280200000000000e2e020000000000d9
:1061680000000600f4300200000000007430020055
:10617800000000000000060080002000f08f88006a
:106188008a003700d08f8000fbf1a800f08f8800cc
:106198000032ef000232ef000432ef000632ef0067
:1061a8008200370000002000f08f88007f00370051
:1061b80010002000f08f88007c00370020002000ad
:1061c800f08f88007900370030002000f08f8800b9
:1061d8007600370040002000f08f880073003700f9
:1061e80050002000f08f8800700037006000200009
:1061f800f08f88006d00370070002000f08f880055
:106208006a0037002a3202000000000080310200d4
:1062180000000000d0888000a431020000000000c7
:10622800070037002a320200000000008031020017
:1062380000000000f0ff2f00a43102000000000061
:1062480000002000a431020000000000b09080008f
:10625800a000b000a431020000000000f08f800010
:10626800a43102000000000000908000a431020068
:106278000000000010908000a4310200000000001f
:1062880020908000a43102000000000030908000bf
:10629800a431020000000000683102000000000084
:1062a800483202000000000000000000000000006a
:1062b800000000001632ed00f7ff3a0052320200eb
:1062c80000000000000006000300a70004003700db
:1062d80013007800f00fb2008301e8000000060008
:1062e8000300a100130078000080fd00f00fb20049
:1062f8008381e80000000600bc10af0008003700ea
:106308003030220048320200000000003030220005
:106318000080fd0048320200000000000000060076
:1063280040302200483202000000000040302200c5
:106338000080fd0048320200000000000000060056
:10634800801f7800f00fb200483202000000000001
:106358004f0078000080fd00f00fb20048320200c4
:106368000000000000000600f08480000006010024
:106378000e00370001003700140037002a320200ef
:10638800000000008031020000000000d08880007a
:1063980000000000000000000000000000000000f5
:1063a800a431020000000000100037002a32020069
:1063b800000000008031020000000000f0ff2f0004
:1063c800a431020000000000080037002a32020051
:1063d800000000008031020000000000e0ff2f00f4
:1063e800a431020000000000000037000000200077
:1063f800a431020000000000a0002000a431020027
:1064080000000000f08f8000a431020000000000ae
:1064180000908000a431020000000000109080006d
:10642800a43102000000000020908000a431020086
:106438000000000030908000a4310200000000003d
:10644800523202000000000000000600bc10ae003e
:10645800c210a900bc10af00c230a9001432ef006e
:10646800b00a2000809088001232ef0001702200ec
:10647800bc10af0001802200a00e2000963202005e
:10648800000000000000060010b2b6001232b4008e
:10649800ac3202000000000000000600809080007e
:1064a800ac3202000000000090908000ac32020084
:1064b80000000000b00e200096320200000000002c
:1064c800bc10af00060037001412f800ce11f90016
:1064d800cc31ef00c210a8000188a8000000060017
:1064e800c3b0a90025aea8001412f800e411f90001
:1064f800e231ef00c0122000f011e300050039007e
:10650800f031ef0000002000a0118800bf50a80063
:1065180000000600c230a800c2f0a90003e8a800e5
:1065280000000600f00fb2001412af00030037009d
:10653800800878001432ec00000006000080fd009e
:10654800910840008180e8001432ec000000060049
:10655800821f7800f00fb200a20e20000200e100b6
:1065680008003200b20e20000200e10005003200ef
:10657800c20e20000200e100020032004f01780044
:10658800e8ff3700801f7800c00e20009632020016
:1065980000000000b20a20004f00780000006900e7
:1065a80096320200000000004f017800000006004b
:1065b8000030a7000a0037007000b2000006010092
:1065c80010000500200005004000050080000500bf
:1065d8000001050000020500000405000008050090
:1065e800e0320200000000000080fd00000006000c
:1065f8000030a700faff37007000b2000006010063
:10660800000805000004050000020500000105005f
:10661800800005004000050020000500100005006e
:1066280000330200000000000080fd0000000600aa
:106638004200f800801f78000288a9004200a800e4
:1066480012ceae004200a900aab0d600a8b0d6006b
:10665800a6b0d600d0bc2a00a610e30009003a0074
:1066680040858000aa10e30006003a0030858000cb
:10667800008588004085800010858800508580004e
:10668800208588004f0078004200f900004006008d
:106698004200f800801f7800811f78000168a90077
:1066a80031118000f10fb200c390ae0044003700f2
:1066b800a00e20000100e10022003200b00e2000f0
:1066c8000100e10025003200c00e20000100e100b9
:1066d80038003200b00a2000c290af008100680084
:1066e800c290a90000282000c411e3003300310043
:1066f80000002200c250af0000282200c411b400dc
:106708000000a100c411af000200370001087800a2
:10671800030037000180fd00108840000180fd0063
:10672800a08e8000b08e880001007800a08e8800be
:1067380001007800d231b400d0b1b600c431ec0009
:106748001f003700c290a900c431ef00d231ef001a
:10675800d031ef00bdb0a80019003700c290a900e1
:10676800b00a2000d091b600d491b60014003a00c7
:10677800a08e8000d411b400d611b400d291b60016
:10678800f00fb2000e003a00208e8000c250ae001a
:10679800308e8800c250af00408e8800c250ae00d4
:1067a800c310a800c250af00c350a800c250aa002e
:1067b80003003700c290a800010037000000000065
:1067c800cf0078004f0078004200f9000040060032
:1067d8004200f800801f7800811f780003c8a900d4
:1067e800b1118000f10fb200c3b0ae004300370012
:1067f800a00e20000100e10022003200b00e2000af
:106808000100e10025003200c00e20000100e10077
:1068180038003200b00a2000c2b0af008100680022
:10682800c2b0a90000102000da11e30033003100e3
:1068380000502200c270af0000602200da11b400dc
:106848000000a100da11af0002003700010878004b
:10685800030037000180fd00108840000180fd0022
:10686800508f8000608f880001007800508f88006a
:1068780001007800e831b400e6b1b600da31ec0086
:106888001e003700c2b0a900da31ef00e831ef008e
:10689800e631ef00bdd0a80018003700c2b0a9004b
:1068a800b00a2000e691b600ea91b60013003a005b
:1068b800508f8000ea11b400ec11b400e891b600e2
:1068c800f00fb2000d003a00d08e8000c270ae000a
:1068d800e08e8800c270af00f08e8800c270ae00f3
:1068e800c330a800c270af00c370a800c270aa006d
:1068f80002003700c2b0a80000003700cf007800bf
:106908004f0078004200f900004006004200f800fd
:10691800801f7800811f78000188a900c210ae008e
:106928000e00370001702200608e80008100400058
:106938000100a10011007800cc11af000080fd001b
:10694800f00fb20020118800cc31ec00708e80006e
:10695800cc11e30001003900c210a900cf00780073
:106968004f0078004200f900004006004200f8009d
:10697800801f7800811f780003e8a900c230ae00ac
:1069880011003700f031ef0001802200108f8000e5
:10699800810040000100a10011007800e211af0061
:1069a8000080fd00f00fb200a0118800e231ec0079
:1069b800208f8000e211e30003003900c230a900f3
:1069c800c2f0a800c3b0a800cf0078004f0078003c
:1069d8004200f90000400600823e20000060fe00f0
:1069e8000201e900fdff3a000000e900faff3a0061
:1069f800000006000060fe000000e900fdff3a000c
:106a080000000600100020008010f8008210f80036
:106a1800108488003008800000848800300c200032
:106a2800101020008030b4000060fe000084800058
:106a38000601b50000f0a700fbff37008230ed002b
:106a4800f4ff3a008210f9008010f90000000600f7
:106a58000e000900000000000000e900fcff3a00f9
:106a6800000006001c31ec00300020001c11e3007f
:106a7800010039001c31ef00e088800000060100a9
:106a8800020037000500370006003700f00020003c
:106a9800401988002023a800000006002023a90030
:106aa800000006002003ae00000006000018800069
:106ab800f08888002003a9001eb1d7001eb1d700b6
:106ac800f0888000f00fb2000080fd00420d200029
:106ad800110009000280d800008988000080fd00ac
:106ae800f00fb20002003200f00f20000089880089
:106af800000006004200f800801f7800811f78001f
:106b0800821f78000068a9008239ec00300020005c
:106b18008219e300180039008239ef00bf70ae0017
:106b28001500370001a0220030cc80008100400011
:106b3800810040001100780052cc80000200de0085
:106b48000000a700156ea8000000a600156ea90099
:106b58008a39ec0040cc80008a19e300060039002d
:106b68008a39ef008639ec0020cc80008619e300d2
:106b780001003900bf70a900b439ec0001003a00e7
:106b8800b439ed0000032000b619b400b419e300cd
:106b980004003a00bfd0a800bfb0a900f0cd800023
:106ba80010ce8800bfb0ae004200370010cc800085
:106bb800b819e3003f003a00ba39d700bbf9a8007a
:106bc800138eae00bbf9a900bc39ec00a000200070
:106bd8008019af000a0037008039af00080037007d
:106be800bc19e30033003900bfb0a900bad9af001f
:106bf80030003700bbf9ae002e0037001a0037000e
:106c08000000e800bc19e3002a003900bfb0a90061
:106c1800ba39d600bad9af0026003700ba19ae0083
:106c280024003700d0cd80004700de00f01fb200fe
:106c38000001780000c0fd00000169000200780032
:106c480000c0fd00000069004201de00020068008b
:106c58004101de00020068008019af001080b20018
:106c68000010a70013003700be39ec00f007200021
:106c7800be39b60001a82200f0cd80008100400096
:106c88000100a10011017800f00f2000be19ae002c
:106c980000f02f0002016000d0cd80004700de0028
:106ca800f00fb200be19af000080fd0002007000b6
:106cb800800878004f017800cf0078004f007800f6
:106cc8004200f900004006004200f800801f7800ea
:106cd800811f7800821f78000108a9008e39ec0016
:106ce800300020008e19e300180039008e39ef00bb
:106cf800bf90ae001500370001b0220090cc800094
:106d0800810040008100400011007800b2cc800072
:106d18000200de000000a700650ea8000000a60023
:106d2800650ea9009639ec00a0cc80009619e30006
:106d3800060039009639ef009239ec0080cc8000cb
:106d48009219e30001003900bf90a900c439ec0092
:106d580001003a00c439ed0000032000c619b40050
:106d6800c419e30004003a00c050a800c010a900ec
:106d780070ce800090ce8800c010ae004200370070
:106d880070cc8000c819e3003f003a00ca39d70028
:106d9800cbf9a80062eeae00cbf9a900cc39ec0023
:106da800a00020008c19af000a0037008c39af0012
:106db80008003700cc19e30033003900c010a900df
:106dc800cad9af0030003700cbf9ae002e0037002b
:106dd8001a0037000000e800cc19e3002a00390047
:106de800c010a900ca39d600cad9af00260037009a
:106df800ca19ae002400370050ce80004700de00dc
:106e0800f01fb2000001780000c0fd000001690019
:106e18000200780000c0fd00000069004201de00a9
:106e2800020068004101de00020068008c19af0012
:106e38001080b2000010a70013003700ce39ec0014
:106e4800f0072000ce39b60001c8220070ce8000bd
:106e5800810040000100a10011017800f00f20001e
:106e6800ce19ae0000f02f000201600050ce800065
:106e78004700de00f00fb200ce19af000080fd0021
:106e880002007000800878004f017800cf00780079
:106e98004f0078004200f900004006004200f80068
:106ea800801f7800811f7800821f78000368a9007e
:106eb8009a39ec00300020009a19e3002f003900bd
:106ec8009a39ef00c070ae001500370041a02100cc
:106ed800f0cc800081004000810040001100780063
:106ee80012cd80000200de000000a70064cea800da
:106ef8000000a60064cea900a239ec0000cd8000f5
:106f0800a219e30006003900a239ef009e39ec000f
:106f1800e0cc80009e19e30001003900c070a90090
:106f2800c110ae001500370041c0210070cd8000af
:106f380081004000810040001100780092cd80005f
:106f48000200de000000a700142ea8000000a60022
:106f5800142ea900b239ec0080cd8000b219e300ec
:106f680006003900b239ef00ae39ec0060cd800080
:106f7800ae19e30001003900c110a900d439ec00b2
:106f880001003a00d439ed0000032000d619b400fe
:106f9800d419e30004003a00c090a800c030a9004a
:106fa800f0ce800010cf8800c030ae00420037001d
:106fb800d0cc8000d819e3003f003a00da39d70076
:106fc800dbf9a80013eeae00dbf9a900dc39ec0010
:106fd800a00020009819af000a0037009839af00c8
:106fe80008003700dc19e30033003900c030a9007d
:106ff800dad9af0030003700dbf9ae002e003700d9
:107008001a0037000000e800dc19e3002a00390004
:10701800c030a900da39d600dad9af002600370027
:10702800da19ae0024003700d0ce80004700de0019
:10703800f01fb2000001780000c0fd0000016900e7
:107048000200780000c0fd00000069004201de0077
:10705800020068004101de00020068009819af00d4
:107068001080b2000010a70013003700de39ec00d2
:10707800f0072000de39b60041a82100f0ce8000dc
:10708800810040000100a10011017800f00f2000ec
:10709800de19ae0000f02f0002016000d0ce8000a3
:1070a8004700de00f00fb200de19af000080fd00df
:1070b8000200700080087800e439ec0001003a0012
:1070c800e439ed0000032000e619b400e419e300f8
:1070d80004003a00c130a800c150a90070cf800058
:1070e80090cf8800c150ae0042003700d0cc80005d
:1070f800e819e3003f003a00ea39d700ebf9a800a5
:10710800120eae00ebf9a900ec39ec00a00020004b
:107118009819af000a0037009839af000800370007
:10712800ec19e30033003900c150a900ead9af00d7
:1071380030003700ebf9ae002e0037001a00370098
:107148000000e800ec19e3002a003900c150a9004a
:10715800ea39d600ead9af0026003700ea19ae00ae
:107168002400370050cf80004700de00f01fb20037
:107178000001780000c0fd000001690002007800ed
:1071880000c0fd00000069004201de000200680046
:107198004101de00020068009819af001080b200bb
:1071a8000010a70013003700ee39ec00f0072000ac
:1071b800ee39b60041c8210070cf80008100400040
:1071c8000100a10011017800f00f2000ee19ae00b7
:1071d80000f02f000201600050cf80004700de0061
:1071e800f00fb200ee19af000080fd000200700041
:1071f800800878004f017800cf0078004f007800b1
:107208004200f900004006004200f800801f7800a4
:10721800811f7800821f78000388a9007639ec0066
:10722800300020007619e3001f0039007639ef009e
:10723800ea30ec004220af00ea30ed0050cd80008b
:10724800ea10e30018003900c0b0ae00160037009d
:1072580041b02100d0cb8000810040008100400077
:1072680011007800f2cb80000200de000000a700c9
:10727800048ea8000000a600048ea9007e39ec0048
:10728800e0cb80007e19e300070039007e39ef006b
:107298007a39ec00c0cb80007a19e300020039008b
:1072a800c0b0a900ea30ef00f439ec0001003a0060
:1072b800f439ed0000032000f619b400f419e300d6
:1072c80004003a00c0f0a800c0d0a900f0cf8000a8
:1072d80010d08800c0d0ae0042003700b0cb80008c
:1072e800f819e3003f003a00fa39d700fbf9a80083
:1072f800032eae00fbf9a900fc39ec00a000200029
:107308007419af000a0037007439af00080037005d
:10731800fc19e30033003900c0d0a900fad9af0046
:1073280030003700fbf9ae002e0037001a00370096
:107338000000e800fc19e3002a003900c0d0a900c9
:10734800fa39d600fad9af0026003700fa19ae008c
:1073580024003700d0cf80004700de00f01fb200c5
:107368000001780000c0fd000001690002007800fb
:1073780000c0fd00000069004201de000200680054
:107388004101de00020068007419af001080b200ed
:107398000010a70013003700fe39ec00f0072000aa
:1073a800fe39b60041b82100f0cf800081004000ce
:1073b8000100a10011017800f00f2000fe19ae00b5
:1073c80000f02f0002016000d0cf80004700de00ef
:1073d800f00fb200fe19af000080fd00020070003f
:1073e800800878004f017800cf0078004f007800bf
:1073f8004200f900004006004200f800801f7800b3
:107408000028a900200a80004061af00fdff370076
:10741800b439ef00bfb0ae00bc39ef0010cc80002b
:107428000000e90000f0a70020002000c0cd88007f
:10743800bfb0a8004001af00040ea8004001ae0094
:10744800040ea9004001aa004f0078004200f9008c
:10745800004006004200f800801f780000a8a9003c
:10746800600a80004861af00fdff3700c439ef00b3
:10747800c010ae00cc39ef0070cc80000000e900ed
:1074880000f0a7002000200040ce8800c010a8000f
:107498004801af00042ea8004801ae00042ea90040
:1074a8004801aa004f0078004200f9000040060099
:1074b8004200f800801f780004a8a900a00a8000f4
:1074c8005061af00fdff3700d439ef00c030ae0087
:1074d800dc39ef00d0cc80000000e90000f0a70004
:1074e80020002000c0ce8800c030a8005001aa00ab
:1074f8004f0078004200f900004006004200f80002
:10750800801f780003a8a900e439ef00c150ae003d
:10751800ec39ef00d0cc80000000e90000f0a700b3
:107528002000200040cf8800c150a8004f007800fc
:107538004200f900004006004200f800801f780071
:1075480004c8a900e00a80005861af00fdff3700b9
:10755800f439ef00c0d0ae00fc39ef00b0cb8000aa
:107568000000e90000f0a70020002000c0cf88003c
:10757800c0d0a8005801aa004f0078004200f900c6
:10758800004006000060fe0029e7af00fdff37005d
:1075980000000600a00f2000a002880001002000c3
:1075a800b208bb00b298bb00b208bb00b298bb00df
:1075b8005420ef00000006005420ef0080017800fe
:1075c8003100ba00001978008301e900fcff3a0095
:1075d800000006005420ef00800178003100ba0056
:1075e8003200680001003200000006008301e90053
:1075f800faff3a0000000600811f7800c3e8a900de
:10760800000020000022020000000000c63a02002c
:107618000000000000002000603988004f0078005a
:107628005039880030002400403988000a00fc00e6
:107638005005200070398800a00a200070398800a1
:1076480029e7a8000000000000000000000000007a
:107658000000000000000000c63a02000000000020
:1076680000002000403988002422020000000000a9
:10767800c3e8a80000000600c3e8a9000000200035
:107688000022020000000000c63a020000000000cc
:107698008001eb00000020006039880060858000d0
:1076a80003004000030040000300400003004000c6
:1076b8005039880002c02200028141000281410045
:1076c8000281410002814100a00f2000a002880031
:1076d80001002000b208bb008398bb00b208bb00c1
:1076e8008398bb005420ef00100024004039880024
:1076f8000a00fc005005200070398800a00a20000c
:107708007039880029e7a800000000000000000088
:10771800000000000000000000000000c63a02005f
:10772800000000008301e800708580000000e80088
:107738004180de000018e100d6ff3900000020007b
:10774800403988002422020000000000c3e8a80095
:1077580000000600000601000004050010040500f2
:10776800200405003004050040040500500405000d
:1077780060040500700405008004050090040500fd
:10778800a0040500b0040500c0040500d0040500ed
:10779800e0040500f00405000005050010050500db
:1077a80020050500300505004005050050050500c9
:1077b80060050500700505008005050090050500b9
:1077c800a0050500b0050500000005004000050003
:1077d80080000500c000050000010500400105000b
:1077e800c0010500b00105000002050040020500c7
:1077f80080020500c00205000003050040030500e3
:1078080080030500c00305001000050050000500b6
:1078180090000500d000050010010500500105008a
:1078280080010500f0010500100205005002050066
:1078380090020500d0020500100305005003050062
:1078480090030500d0030500200005006000050036
:10785800a0000500e000050020010500600105000a
:1078680090010500d0010500200205006002050016
:10787800a0020500e00205002003050060030500e2
:10788800a0030500e00305003000050070000500b6
:10789800b0000500f000050030010500700105008a
:1078a800a0010500e0010500300205007002050096
:1078b800b0020500f0020500300305007003050062
:1078c800b0030500f0030500000000000000000000
:1078d80000000000000000000000000000000000a0
:1078e8000000000000000000000000000000000090
:1078f8000000000000000000000000000000000080
:10790800000000000000000000000000000000006f
:10791800000000000000000000000000000000005f
:10792800000000000000000000000000000000004f
:10793800000000000000000000000000000000003f
:10794800000000000000000000000000000000002f
:10795800000000000000000000000000000000001f
:10796800000000000000000000000000000000000f
:1079780000000000000000000000000000000000ff
:1079880000000000000000000000000000000000ef
:1079980000000000000000000000000000000000df
:1079a80000000000000000000000000000000000cf
:1079b80000000000000000000000000000000000bf
:1079c80000000000000000000000000000000000af
:1079d800000000000000000000000000000000009f
:1079e800000000000000000000000000000000008f
:1079f800000000000000000000000000000000007f
:107a0800000000000000000000000000000000006e
:107a1800000000000000000000000000000000005e
:107a2800000000000000000000000000000000004e
:107a3800000000000000000000000000000000003e
:107a4800000000000000000000000000000000002e
:107a5800000000000000000000000000000000001e
:107a6800000000000000000000000000000000000e
:107a780000000000000000000000000000000000fe
:107a880000000000000000000000000000000000ee
:107a980000000000000000000000000000000000de
:107aa80000000000000000000000000000000000ce
:107ab80000000000000000000000000000000000be
:107ac80000000000000000000000000000000000ae
:107ad800000000000000000000000000000000009e
:107ae800000000000000000000000000000000008e
:107af800000000000000000000000000000000007e
:107b0800000000000000000000000000000000006d
:107b1800000000000000000000000000000000005d
:107b2800000000000000000000000000000000004d
:107b3800000000000000000000000000000000003d
:107b4800000000000000000000000000000000002d
:107b5800000000000000000000000000000000001d
:107b6800000000000000000000000000000000000d
:107b780000000000000000000000000000000000fd
:107b880000000000000000000000000000000000ed
:107b980000000000000000000000000000000000dd
:107ba80000000000000000000000000000000000cd
:107bb80000000000000000000000000000000000bd
:107bc80000000000000000000000000000000000ad
:107bd800000000000000000000000000000000009d
:107be800000000000000000000000000000000008d
:107bf800000000000000000000000000000000007d
:107c0800000000000000000000000000000000006c
:107c1800000000000000000000000000000000005c
:107c2800000000000000000000000000000000004c
:107c3800000000000000000000000000000000003c
:107c4800000000000000000000000000000000002c
:107c5800000000000000000000000000000000001c
:107c6800000000000000000000000000000000000c
:107c780000000000000000000000000000000000fc
:107c880000000000000000000000000000000000ec
:107c980000000000000000000000000000000000dc
:107ca80000000000000000000000000000000000cc
:107cb80000000000000000000000000000000000bc
:107cc80000000000000000000000000000000000ac
:107cd800000000000000000000000000000000009c
:107ce800000000000000000000000000000000008c
:107cf800000000000000000000000000000000007c
:107d0800000000000000000000000000000000006b
:107d1800000000000000000000000000000000005b
:107d2800000000000000000000000000000000004b
:107d3800000000000000000000000000000000003b
:107d4800000000000000000000000000000000002b
:107d5800000000000000000000000000000000001b
:107d6800000000000000000000000000000000000b
:107d780000000000000000000000000000000000fb
:107d880000000000000000000000000000000000eb
:107d980000000000000000000000000000000000db
:107da80000000000000000000000000000000000cb
:107db80000000000000000000000000000000000bb
:107dc80000000000000000000000000000000000ab
:107dd800000000000000000000000000000000009b
:107de800000000000000000000000000000000008b
:107df800000000000000000000000000000000007b
:107e0800000000000000000000000000000000006a
:107e1800000000000000000000000000000000005a
:107e2800000000000000000000000000000000004a
:107e3800000000000000000000000000000000003a
:107e4800000000000000000000000000000000002a
:107e5800000000000000000000000000000000001a
:107e6800000000000000000000000000000000000a
:107e780000000000000000000000000000000000fa
:107e880000000000000000000000000000000000ea
:107e980000000000000000000000000000000000da
:107ea80000000000000000000000000000000000ca
:107eb80000000000000000000000000000000000ba
:107ec80000000000000000000000000000000000aa
:107ed800000000000000000000000000000000009a
:107ee800000000000000000000000000000000008a
:107ef800000000000000000000000000000000007a
:107f08000000000000000000000000000000000069
:107f18000000000000000000000000000000000059
:107f28000000000000000000000000000000000049
:107f38000000000000000000000000000000000039
:107f48000000000000000000000000000000000029
:107f58000000000000000000000000000000000019
:107f68000000000000000000000000000000000009
:107f780000000000000000000000000000000000f9
:107f880000000000000000000000000000000000e9
:107f980000000000000000000000000000000000d9
:107fa80000000000000000000000000000000000c9
:107fb80000000000000000000000000000000000b9
:107fc80000000000000000000000000000000000a9
:107fd8000000000000000000000000000000000099
:107fe8000000000000000000000000000000000089
:107ff8000000000000000000000000000000000079
:108008000000000000000000000000000000000068
:108018000000000000000000000000000000000058
:108028000000000000000000000000000000000048
:108038000000000000000000000000000000000038
:108048000000000000000000000000000000000028
:108058000000000000000000000000000000000018
:108068000000000000000000000000000000000008
:1080780000000000000000000000000000000000f8
:1080880000000000000000000000000000000000e8
:1080980000000000000000000000000000000000d8
:1080a80000000000000000000000000000000000c8
:1080b80000000000000000000000000000000000b8
:1080c80000000000000000000000000000000000a8
:1080d8000000000000000000000000000000000098
:1080e8000000000000000000000000000000000088
:1080f8000000000000000000000000000000000078
:108108000000000000000000000000000000000067
:108118000000000000000000000000000000000057
:108128000000000000000000000000000000000047
:108138000000000000000000000000000000000037
:108148000000000000000000000000000000000027
:108158000000000000000000000000000000000017
:108168000000000000000000000000000000000007
:1081780000000000000000000000000000000000f7
:1081880000000000000000000000000000000000e7
:1081980000000000000000000000000000000000d7
:1081a80000000000000000000000000000000000c7
:1081b80000000000000000000000000000000000b7
:1081c80000000000000000000000000000000000a7
:1081d8000000000000000000000000000000000097
:1081e8000000000000000000000000000000000087
:1081f8000000000000000000000000000000000077
:108208000000000000000000000000000000000066
:108218000000000000000000000000000000000056
:108228000000000000000000000000000000000046
:108238000000000000000000000000000000000036
:108248000000000000000000000000000000000026
:108258000000000000000000000000000000000016
:108268000000000000000000000000000000000006
:1082780000000000000000000000000000000000f6
:1082880000000000000000000000000000000000e6
:1082980000000000000000000000000000000000d6
:1082a80000000000000000000000000000000000c6
:1082b80000000000000000000000000000000000b6
:1082c80000000000000000000000000000000000a6
:1082d8000000000000000000000000000000000096
:1082e8000000000000000000000000000000000086
:1082f8000000000000000000000000000000000076
:108308000000000000000000000000000000000065
:108318000000000000000000000000000000000055
:108328000000000000000000000000000000000045
:108338000000000000000000000000000000000035
:108348000000000000000000000000000000000025
:108358000000000000000000000000000000000015
:108368000000000000000000000000000000000005
:1083780000000000000000000000000000000000f5
:1083880000000000000000000000000000000000e5
:1083980000000000000000000000000000000000d5
:1083a80000000000000000000000000000000000c5
:1083b80000000000000000000000000000000000b5
:1083c80000000000000000000000000000000000a5
:1083d8000000000000000000000000000000000095
:1083e8000000000000000000000000000000000085
:1083f8000000000000000000000000000000000075
:108408000000000000000000000000000000000064
:108418000000000000000000000000000000000054
:108428000000000000000000000000000000000044
:108438000000000000000000000000000000000034
:108448000000000000000000000000000000000024
:108458000000000000000000000000000000000014
:108468000000000000000000000000000000000004
:1084780000000000000000000000000000000000f4
:1084880000000000000000000000000000000000e4
:1084980000000000000000000000000000000000d4
:1084a80000000000000000000000000000000000c4
:1084b80000000000000000000000000000000000b4
:1084c80000000000000000000000000000000000a4
:1084d8000000000000000000000000000000000094
:1084e8000000000000000000000000000000000084
:1084f8000000000000000000000000000000000074
:108508000000000000000000000000000000000063
:108518000000000000000000000000000000000053
:108528000000000000000000000000000000000043
:108538000000000000000000000000000000000033
:108548000000000000000000000000000000000023
:108558000000000000000000000000000000000013
:108568000000000000000000000000000000000003
:1085780000000000000000000000000000000000f3
:1085880000000000000000000000000000000000e3
:1085980000000000000000000000000000000000d3
:1085a80000000000000000000000000000000000c3
:1085b80000000000000000000000000000000000b3
:1085c80000000000000000000000000000000000a3
:1085d8000000000000000000000000000000000093
:1085e8000000000000000000000000000000000083
:1085f8000000000000000000000000000000000073
:108608000000000000000000000000000000000062
:108618000000000000000000000000000000000052
:108628000000000000000000000000000000000042
:108638000000000000000000000000000000000032
:108648000000000000000000000000000000000022
:108658000000000000000000000000000000000012
:108668000000000000000000000000000000000002
:1086780000000000000000000000000000000000f2
:1086880000000000000000000000000000000000e2
:1086980000000000000000000000000000000000d2
:1086a80000000000000000000000000000000000c2
:1086b80000000000000000000000000000000000b2
:1086c80000000000000000000000000000000000a2
:1086d8000000000000000000000000000000000092
:1086e8000000000000000000000000000000000082
:1086f8000000000000000000000000000000000072
:108708000000000000000000000000000000000061
:108718000000000000000000000000000000000051
:108728000000000000000000000000000000000041
:108738000000000000000000000000000000000031
:108748000000000000000000000000000000000021
:108758000000000000000000000000000000000011
:108768000000000000000000000000000000000001
:1087780000000000000000000000000000000000f1
:1087880000000000000000000000000000000000e1
:1087980000000000000000000000000000000000d1
:1087a80000000000000000000000000000000000c1
:1087b80000000000000000000000000000000000b1
:1087c80000000000000000000000000000000000a1
:1087d8000000000000000000000000000000000091
:1087e8000000000000000000000000000000000081
:1087f8000000000000000000000000000000000071
:108808000000000000000000000000000000000060
:108818000000000000000000000000000000000050
:108828000000000000000000000000000000000040
:108838000000000000000000000000000000000030
:108848000000000000000000000000000000000020
:108858000000000000000000000000000000000010
:108868000000000000000000000000000000000000
:1088780000000000000000000000000000000000f0
:1088880000000000000000000000000000000000e0
:1088980000000000000000000000000000000000d0
:1088a80000000000000000000000000000000000c0
:1088b80000000000000000000000000000000000b0
:1088c80000000000000000000000000000000000a0
:1088d8000000000000000000000000000000000090
:1088e8000000000000000000000000000000000080
:1088f8000000000000000000000000000000000070
:10890800000000000000000000000000000000005f
:10891800000000000000000000000000000000004f
:10892800000000000000000000000000000000003f
:10893800000000000000000000000000000000002f
:10894800000000000000000000000000000000001f
:10895800000000000000000000000000000000000f
:1089680000000000000000000000000000000000ff
:1089780000000000000000000000000000000000ef
:1089880000000000000000000000000000000000df
:1089980000000000000000000000000000000000cf
:1089a80000000000000000000000000000000000bf
:1089b80000000000000000000000000000000000af
:1089c800000000000000000000000000000000009f
:1089d800000000000000000000000000000000008f
:1089e800000000000000000000000000000000007f
:1089f800000000000000000000000000000000006f
:108a0800000000000000000000000000000000005e
:108a1800000000000000000000000000000000004e
:108a2800000000000000000000000000000000003e
:108a3800000000000000000000000000000000002e
:108a4800000000000000000000000000000000001e
:108a5800000000000000000000000000000000000e
:108a680000000000000000000000000000000000fe
:108a780000000000000000000000000000000000ee
:108a880000000000000000000000000000000000de
:108a980000000000000000000000000000000000ce
:108aa80000000000000000000000000000000000be
:108ab80000000000000000000000000000000000ae
:108ac800000000000000000000000000000000009e
:108ad800000000000000000000000000000000008e
:108ae800000000000000000000000000000000007e
:108af800000000000000000000000000000000006e
:108b0800000000000000000000000000000000005d
:108b1800000000000000000000000000000000004d
:108b2800000000000000000000000000000000003d
:108b3800000000000000000000000000000000002d
:108b4800000000000000000000000000000000001d
:108b5800000000000000000000000000000000000d
:108b680000000000000000000000000000000000fd
:108b780000000000000000000000000000000000ed
:108b880000000000000000000000000000000000dd
:108b980000000000000000000000000000000000cd
:108ba80000000000000000000000000000000000bd
:108bb80000000000000000000000000000000000ad
:108bc800000000000000000000000000000000009d
:108bd800000000000000000000000000000000008d
:108be800000000000000000000000000000000007d
:108bf800000000000000000000000000000000006d
:108c0800000000000000000000000000000000005c
:108c1800000000000000000000000000000000004c
:108c2800000000000000000000000000000000003c
:108c3800000000000000000000000000000000002c
:108c4800000000000000000000000000000000001c
:108c5800000000000000000000000000000000000c
:108c680000000000000000000000000000000000fc
:108c780000000000000000000000000000000000ec
:108c880000000000000000000000000000000000dc
:108c980000000000000000000000000000000000cc
:108ca80000000000000000000000000000000000bc
:108cb80000000000000000000000000000000000ac
:108cc800000000000000000000000000000000009c
:108cd800000000000000000000000000000000008c
:108ce800000000000000000000000000000000007c
:108cf800000000000000000000000000000000006c
:108d0800000000000000000000000000000000005b
:108d1800000000000000000000000000000000004b
:108d2800000000000000000000000000000000003b
:108d3800000000000000000000000000000000002b
:108d4800000000000000000000000000000000001b
:108d5800000000000000000000000000000000000b
:108d680000000000000000000000000000000000fb
:108d780000000000000000000000000000000000eb
:108d880000000000000000000000000000000000db
:108d980000000000000000000000000000000000cb
:108da80000000000000000000000000000000000bb
:108db80000000000000000000000000000000000ab
:108dc800000000000000000000000000000000009b
:108dd800000000000000000000000000000000008b
:108de800000000000000000000000000000000007b
:108df800000000000000000000000000000000006b
:108e0800000000000000000000000000000000005a
:108e1800000000000000000000000000000000004a
:108e2800000000000000000000000000000000003a
:108e3800000000000000000000000000000000002a
:108e4800000000000000000000000000000000001a
:108e5800000000000000000000000000000000000a
:108e680000000000000000000000000000000000fa
:108e780000000000000000000000000000000000ea
:108e880000000000000000000000000000000000da
:108e980000000000000000000000000000000000ca
:108ea80000000000000000000000000000000000ba
:108eb80000000000000000000000000000000000aa
:108ec800000000000000000000000000000000009a
:108ed800000000000000000000000000000000008a
:108ee800000000000000000000000000000000007a
:108ef800000000000000000000000000000000006a
:108f08000000000000000000000000000000000059
:108f18000000000000000000000000000000000049
:108f28000000000000000000000000000000000039
:108f38000000000000000000000000000000000029
:108f48000000000000000000000000000000000019
:108f58000000000000000000000000000000000009
:108f680000000000000000000000000000000000f9
:108f780000000000000000000000000000000000e9
:108f880000000000000000000000000000000000d9
:108f980000000000000000000000000000000000c9
:108fa80000000000000000000000000000000000b9
:108fb80000000000000000000000000000000000a9
:108fc8000000000000000000000000000000000099
:108fd8000000000000000000000000000000000089
:108fe8000000000000000000000000000000000079
:108ff8000000000000000000000000000000000069
:109008000000000000000000000000000000000058
:109018000000000000000000000000000000000048
:109028000000000000000000000000000000000038
:109038000000000000000000000000000000000028
:109048000000000000000000000000000000000018
:109058000000000000000000000000000000000008
:1090680000000000000000000000000000000000f8
:1090780000000000000000000000000000000000e8
:1090880000000000000000000000000000000000d8
:1090980000000000000000000000000000000000c8
:1090a80000000000000000000000000000000000b8
:1090b80000000000000000000000000000000000a8
:1090c8000000000000000000000000000000000098
:1090d8000000000000000000000000000000000088
:1090e8000000000000000000000000000000000078
:1090f8000000000000000000000000000000000068
:109108000000000000000000000000000000000057
:109118000000000000000000000000000000000047
:109128000000000000000000000000000000000037
:109138000000000000000000000000000000000027
:109148000000000000000000000000000000000017
:109158000000000000000000000000000000000007
:1091680000000000000000000000000000000000f7
:1091780000000000000000000000000000000000e7
:1091880000000000000000000000000000000000d7
:1091980000000000000000000000000000000000c7
:1091a80000000000000000000000000000000000b7
:1091b80000000000000000000000000000000000a7
:1091c8000000000000000000000000000000000097
:1091d8000000000000000000000000000000000087
:1091e8000000000000000000000000000000000077
:1091f8000000000000000000000000000000000067
:109208000000000000000000000000000000000056
:109218000000000000000000000000000000000046
:109228000000000000000000000000000000000036
:109238000000000000000000000000000000000026
:109248000000000000000000000000000000000016
:109258000000000000000000000000000000000006
:1092680000000000000000000000000000000000f6
:1092780000000000000000000000000000000000e6
:1092880000000000000000000000000000000000d6
:1092980000000000000000000000000000000000c6
:1092a80000000000000000000000000000000000b6
:1092b80000000000000000000000000000000000a6
:1092c8000000000000000000000000000000000096
:1092d8000000000000000000000000000000000086
:1092e8000000000000000000000000000000000076
:1092f8000000000000000000000000000000000066
:109308000000000000000000000000000000000055
:109318000000000000000000000000000000000045
:109328000000000000000000000000000000000035
:109338000000000000000000000000000000000025
:109348000000000000000000000000000000000015
:109358000000000000000000000000000000000005
:1093680000000000000000000000000000000000f5
:1093780000000000000000000000000000000000e5
:1093880000000000000000000000000000000000d5
:1093980000000000000000000000000000000000c5
:1093a80000000000000000000000000000000000b5
:1093b80000000000000000000000000000000000a5
:1093c8000000000000000000000000000000000095
:1093d8000000000000000000000000000000000085
:1093e8000000000000000000000000000000000075
:1093f8000000000000000000000000000000000065
:109408000000000000000000000000000000000054
:109418000000000000000000000000000000000044
:109428000000000000000000000000000000000034
:109438000000000000000000000000000000000024
:109448000000000000000000000000000000000014
:109458000000000000000000000000000000000004
:1094680000000000000000000000000000000000f4
:1094780000000000000000000000000000000000e4
:1094880000000000000000000000000000000000d4
:1094980000000000000000000000000000000000c4
:1094a80000000000000000000000000000000000b4
:1094b80000000000000000000000000000000000a4
:1094c8000000000000000000000000000000000094
:1094d8000000000000000000000000000000000084
:1094e8000000000000000000000000000000000074
:1094f8000000000000000000000000000000000064
:109508000000000000000000000000000000000053
:109518000000000000000000000000000000000043
:109528000000000000000000000000000000000033
:109538000000000000000000000000000000000023
:109548000000000000000000000000000000000013
:109558000000000000000000000000000000000003
:1095680000000000000000000000000000000000f3
:1095780000000000000000000000000000000000e3
:1095880000000000000000000000000000000000d3
:1095980000000000000000000000000000000000c3
:1095a80000000000000000000000000000000000b3
:1095b80000000000000000000000000000000000a3
:1095c8000000000000000000000000000000000093
:1095d8000000000000000000000000000000000083
:1095e8000000000000000000000000000000000073
:1095f8000000000000000000000000000000000063
:109608000000000000000000000000000000000052
:109618000000000000000000000000000000000042
:109628000000000000000000000000000000000032
:109638000000000000000000000000000000000022
:109648000000000000000000000000000000000012
:109658000000000000000000000000000000000002
:1096680000000000000000000000000000000000f2
:1096780000000000000000000000000000000000e2
:1096880000000000000000000000000000000000d2
:1096980000000000000000000000000000000000c2
:1096a80000000000000000000000000000000000b2
:1096b80000000000000000000000000000000000a2
:1096c8000000000000000000000000000000000092
:1096d8000000000000000000000000000000000082
:1096e8000000000000000000000000000000000072
:1096f8000000000000000000000000000000000062
:109708000000000000000000000000000000000051
:109718000000000000000000000000000000000041
:109728000000000000000000000000000000000031
:109738000000000000000000000000000000000021
:109748000000000000000000000000000000000011
:109758000000000000000000000000000000000001
:1097680000000000000000000000000000000000f1
:1097780000000000000000000000000000000000e1
:1097880000000000000000000000000000000000d1
:1097980000000000000000000000000000000000c1
:1097a80000000000000000000000000000000000b1
:1097b80000000000000000000000000000000000a1
:1097c8000000000000000000000000000000000091
:1097d8000000000000000000000000000000000081
:1097e8000000000000000000000000000000000071
:1097f8000000000000000000000000000000000061
:109808000000000000000000000000000000000050
:109818000000000000000000000000000000000040
:109828000000000000000000000000000000000030
:109838000000000000000000000000000000000020
:109848000000000000000000000000000000000010
:109858000000000000000000000000000000000000
:1098680000000000000000000000000000000000f0
:1098780000000000000000000000000000000000e0
:1098880000000000000000000000000000000000d0
:1098980000000000000000000000000000000000c0
:1098a80000000000000000000000000000000000b0
:1098b80000000000000000000000000000000000a0
:1098c8000000000000000000000000000000000090
:1098d8000000000000000000000000000000000080
:1098e8000000000000000000000000000000000070
:1098f8000000000000000000000000000000000060
:10990800000000000000000000000000000000004f
:10991800000000000000000000000000000000003f
:10992800000000000000000000000000000000002f
:10993800000000000000000000000000000000001f
:10994800000000000000000000000000000000000f
:1099580000000000000000000000000000000000ff
:1099680000000000000000000000000000000000ef
:1099780000000000000000000000000000000000df
:1099880000000000000000000000000000000000cf
:1099980000000000000000000000000000000000bf
:1099a80000000000000000000000000000000000af
:1099b800000000000000000000000000000000009f
:1099c800000000000000000000000000000000008f
:1099d800000000000000000000000000000000007f
:1099e800000000000000000000000000000000006f
:1099f800000000000000000000000000000000005f
:109a0800000000000000000000000000000000004e
:109a1800000000000000000000000000000000003e
:109a2800000000000000000000000000000000002e
:109a3800000000000000000000000000000000001e
:109a4800000000000000000000000000000000000e
:109a580000000000000000000000000000000000fe
:109a680000000000000000000000000000000000ee
:109a780000000000000000000000000000000000de
:109a880000000000000000000000000000000000ce
:109a980000000000000000000000000000000000be
:109aa80000000000000000000000000000000000ae
:109ab800000000000000000000000000000000009e
:109ac800000000000000000000000000000000008e
:109ad800000000000000000000000000000000007e
:109ae800000000000000000000000000000000006e
:109af800000000000000000000000000000000005e
:109b0800000000000000000000000000000000004d
:109b1800000000000000000000000000000000003d
:109b2800000000000000000000000000000000002d
:109b3800000000000000000000000000000000001d
:109b4800000000000000000000000000000000000d
:109b580000000000000000000000000000000000fd
:109b680000000000000000000000000000000000ed
:109b780000000000000000000000000000000000dd
:109b880000000000000000000000000000000000cd
:109b980000000000000000000000000000000000bd
:109ba80000000000000000000000000000000000ad
:109bb800000000000000000000000000000000009d
:109bc800000000000000000000000000000000008d
:109bd800000000000000000000000000000000007d
:109be800000000000000000000000000000000006d
:109bf800000000000000000000000000000000005d
:109c0800000000000000000000000000000000004c
:109c1800000000000000000000000000000000003c
:109c2800000000000000000000000000000000002c
:109c3800000000000000000000000000000000001c
:109c4800000000000000000000000000000000000c
:109c580000000000000000000000000000000000fc
:109c680000000000000000000000000000000000ec
:109c780000000000000000000000000000000000dc
:109c880000000000000000000000000000000000cc
:109c980000000000000000000000000000000000bc
:109ca80000000000000000000000000000000000ac
:109cb800000000000000000000000000000000009c
:109cc800000000000000000000000000000000008c
:109cd800000000000000000000000000000000007c
:109ce800000000000000000000000000000000006c
:109cf800000000000000000000000000000000005c
:109d0800000000000000000000000000000000004b
:109d1800000000000000000000000000000000003b
:109d2800000000000000000000000000000000002b
:109d3800000000000000000000000000000000001b
:109d4800000000000000000000000000000000000b
:109d580000000000000000000000000000000000fb
:109d680000000000000000000000000000000000eb
:109d780000000000000000000000000000000000db
:109d880000000000000000000000000000000000cb
:109d980000000000000000000000000000000000bb
:109da80000000000000000000000000000000000ab
:109db800000000000000000000000000000000009b
:109dc800000000000000000000000000000000008b
:109dd800000000000000000000000000000000007b
:109de800000000000000000000000000000000006b
:109df800000000000000000000000000000000005b
:109e0800000000000000000000000000000000004a
:109e1800000000000000000000000000000000003a
:109e2800000000000000000000000000000000002a
:109e3800000000000000000000000000000000001a
:109e4800000000000000000000000000000000000a
:109e580000000000000000000000000000000000fa
:109e680000000000000000000000000000000000ea
:109e780000000000000000000000000000000000da
:109e880000000000000000000000000000000000ca
:109e980000000000000000000000000000000000ba
:109ea80000000000000000000000000000000000aa
:109eb800000000000000000000000000000000009a
:109ec800000000000000000000000000000000008a
:109ed800000000000000000000000000000000007a
:109ee800000000000000000000000000000000006a
:109ef800000000000000000000000000000000005a
:109f08000000000000000000000000000000000049
:109f18000000000000000000000000000000000039
:109f28000000000000000000000000000000000029
:109f38000000000000000000000000000000000019
:109f48000000000000000000000000000000000009
:109f580000000000000000000000000000000000f9
:109f680000000000000000000000000000000000e9
:109f780000000000000000000000000000000000d9
:109f880000000000000000000000000000000000c9
:109f980000000000000000000000000000000000b9
:109fa80000000000000000000000000000000000a9
:109fb8000000000000000000000000000000000099
:109fc8000000000000000000000000000000000089
:109fd8000000000000000000000000000000000079
:109fe8000000000000000000000000000000000069
:109ff8000000000000000000000000000000000059
:10a008000000000000000000000000000000000048
:10a018000000000000000000000000000000000038
:10a028000000000000000000000000000000000028
:10a038000000000000000000000000000000000018
:10a048000000000000000000000000000000000008
:10a0580000000000000000000000000000000000f8
:10a0680000000000000000000000000000000000e8
:10a0780000000000000000000000000000000000d8
:10a0880000000000000000000000000000000000c8
:10a0980000000000000000000000000000000000b8
:10a0a80000000000000000000000000000000000a8
:10a0b8000000000000000000000000000000000098
:10a0c8000000000000000000000000000000000088
:10a0d8000000000000000000000000000000000078
:10a0e8000000000000000000000000000000000068
:10a0f8000000000000000000000000000000000058
:10a108000000000000000000000000000000000047
:10a118000000000000000000000000000000000037
:10a128000000000000000000000000000000000027
:10a138000000000000000000000000000000000017
:10a148000000000000000000000000000000000007
:10a1580000000000000000000000000000000000f7
:10a1680000000000000000000000000000000000e7
:10a1780000000000000000000000000000000000d7
:10a1880000000000000000000000000000000000c7
:10a1980000000000000000000000000000000000b7
:10a1a80000000000000000000000000000000000a7
:10a1b8000000000000000000000000000000000097
:10a1c8000000000000000000000000000000000087
:10a1d8000000000000000000000000000000000077
:10a1e8000000000000000000000000000000000067
:10a1f8000000000000000000000000000000000057
:10a208000000000000000000000000000000000046
:10a218000000000000000000000000000000000036
:10a228000000000000000000000000000000000026
:10a238000000000000000000000000000000000016
:10a248000000000000000000000000000000000006
:10a2580000000000000000000000000000000000f6
:10a2680000000000000000000000000000000000e6
:10a2780000000000000000000000000000000000d6
:10a2880000000000000000000000000000000000c6
:10a2980000000000000000000000000000000000b6
:10a2a80000000000000000000000000000000000a6
:10a2b8000000000000000000000000000000000096
:10a2c8000000000000000000000000000000000086
:10a2d8000000000000000000000000000000000076
:10a2e8000000000000000000000000000000000066
:10a2f8000000000000000000000000000000000056
:10a308000000000000000000000000000000000045
:10a318000000000000000000000000000000000035
:10a328000000000000000000000000000000000025
:10a338000000000000000000000000000000000015
:10a348000000000000000000000000000000000005
:10a3580000000000000000000000000000000000f5
:10a3680000000000000000000000000000000000e5
:10a3780000000000000000000000000000000000d5
:10a3880000000000000000000000000000000000c5
:10a3980000000000000000000000000000000000b5
:10a3a80000000000000000000000000000000000a5
:10a3b8000000000000000000000000000000000095
:10a3c8000000000000000000000000000000000085
:10a3d8000000000000000000000000000000000075
:10a3e8000000000000000000000000000000000065
:10a3f8000000000000000000000000000000000055
:10a408000000000000000000000000000000000044
:10a418000000000000000000000000000000000034
:10a428000000000000000000000000000000000024
:10a438000000000000000000000000000000000014
:10a448000000000000000000000000000000000004
:10a4580000000000000000000000000000000000f4
:10a4680000000000000000000000000000000000e4
:10a4780000000000000000000000000000000000d4
:10a4880000000000000000000000000000000000c4
:10a4980000000000000000000000000000000000b4
:10a4a80000000000000000000000000000000000a4
:10a4b8000000000000000000000000000000000094
:10a4c8000000000000000000000000000000000084
:10a4d8000000000000000000000000000000000074
:10a4e8000000000000000000000000000000000064
:10a4f8000000000000000000000000000000000054
:10a508000000000000000000000000000000000043
:10a518000000000000000000000000000000000033
:10a528000000000000000000000000000000000023
:10a538000000000000000000000000000000000013
:10a548000000000000000000000000000000000003
:10a5580000000000000000000000000000000000f3
:10a5680000000000000000000000000000000000e3
:10a5780000000000000000000000000000000000d3
:10a5880000000000000000000000000000000000c3
:10a5980000000000000000000000000000000000b3
:10a5a80000000000000000000000000000000000a3
:10a5b8000000000000000000000000000000000093
:10a5c8000000000000000000000000000000000083
:10a5d8000000000000000000000000000000000073
:10a5e8000000000000000000000000000000000063
:10a5f8000000000000000000000000000000000053
:10a608000000000000000000000000000000000042
:10a618000000000000000000000000000000000032
:10a628000000000000000000000000000000000022
:10a638000000000000000000000000000000000012
:10a648000000000000000000000000000000000002
:10a6580000000000000000000000000000000000f2
:10a6680000000000000000000000000000000000e2
:10a6780000000000000000000000000000000000d2
:10a6880000000000000000000000000000000000c2
:10a6980000000000000000000000000000000000b2
:10a6a80000000000000000000000000000000000a2
:10a6b8000000000000000000000000000000000092
:10a6c8000000000000000000000000000000000082
:10a6d8000000000000000000000000000000000072
:10a6e8000000000000000000000000000000000062
:10a6f8000000000000000000000000000000000052
:10a708000000000000000000000000000000000041
:10a718000000000000000000000000000000000031
:10a728000000000000000000000000000000000021
:10a738000000000000000000000000000000000011
:10a748000000000000000000000000000000000001
:10a7580000000000000000000000000000000000f1
:10a7680000000000000000000000000000000000e1
:10a7780000000000000000000000000000000000d1
:10a7880000000000000000000000000000000000c1
:10a7980000000000000000000000000000000000b1
:10a7a80000000000000000000000000000000000a1
:10a7b8000000000000000000000000000000000091
:10a7c8000000000000000000000000000000000081
:10a7d8000000000000000000000000000000000071
:10a7e8000000000000000000000000000000000061
:10a7f8000000000000000000000000000000000051
:10a808000000000000000000000000000000000040
:10a818000000000000000000000000000000000030
:10a828000000000000000000000000000000000020
:10a838000000000000000000000000000000000010
:10a848000000000000000000000000000000000000
:10a8580000000000000000000000000000000000f0
:10a8680000000000000000000000000000000000e0
:10a8780000000000000000000000000000000000d0
:10a8880000000000000000000000000000000000c0
:10a8980000000000000000000000000000000000b0
:10a8a80000000000000000000000000000000000a0
:10a8b8000000000000000000000000000000000090
:10a8c8000000000000000000000000000000000080
:10a8d8000000000000000000000000000000000070
:10a8e8000000000000000000000000000000000060
:10a8f8000000000000000000000000000000000050
:10a90800000000000000000000000000000000003f
:10a91800000000000000000000000000000000002f
:10a92800000000000000000000000000000000001f
:10a93800000000000000000000000000000000000f
:10a9480000000000000000000000000000000000ff
:10a9580000000000000000000000000000000000ef
:10a9680000000000000000000000000000000000df
:10a9780000000000000000000000000000000000cf
:10a9880000000000000000000000000000000000bf
:10a9980000000000000000000000000000000000af
:10a9a800000000000000000000000000000000009f
:10a9b800000000000000000000000000000000008f
:10a9c800000000000000000000000000000000007f
:10a9d800000000000000000000000000000000006f
:10a9e800000000000000000000000000000000005f
:10a9f800000000000000000000000000000000004f
:10aa0800000000000000000000000000000000003e
:10aa1800000000000000000000000000000000002e
:10aa2800000000000000000000000000000000001e
:10aa3800000000000000000000000000000000000e
:10aa480000000000000000000000000000000000fe
:10aa580000000000000000000000000000000000ee
:10aa680000000000000000000000000000000000de
:10aa780000000000000000000000000000000000ce
:10aa880000000000000000000000000000000000be
:10aa980000000000000000000000000000000000ae
:10aaa800000000000000000000000000000000009e
:10aab800000000000000000000000000000000008e
:10aac800000000000000000000000000000000007e
:10aad800000000000000000000000000000000006e
:10aae800000000000000000000000000000000005e
:10aaf800000000000000000000000000000000004e
:10ab0800000000000000000000000000000000003d
:10ab1800000000000000000000000000000000002d
:10ab2800000000000000000000000000000000001d
:10ab3800000000000000000000000000000000000d
:10ab480000000000000000000000000000000000fd
:10ab580000000000000000000000000000000000ed
:10ab680000000000000000000000000000000000dd
:10ab780000000000000000000000000000000000cd
:10ab880000000000000000000000000000000000bd
:10ab980000000000000000000000000000000000ad
:10aba800000000000000000000000000000000009d
:10abb800000000000000000000000000000000008d
:10abc800000000000000000000000000000000007d
:10abd800000000000000000000000000000000006d
:10abe800000000000000000000000000000000005d
:10abf800000000000000000000000000000000004d
:10ac0800000000000000000000000000000000003c
:10ac1800000000000000000000000000000000002c
:10ac2800000000000000000000000000000000001c
:10ac3800000000000000000000000000000000000c
:10ac480000000000000000000000000000000000fc
:10ac580000000000000000000000000000000000ec
:10ac680000000000000000000000000000000000dc
:10ac780000000000000000000000000000000000cc
:10ac880000000000000000000000000000000000bc
:10ac980000000000000000000000000000000000ac
:10aca800000000000000000000000000000000009c
:10acb800000000000000000000000000000000008c
:10acc800000000000000000000000000000000007c
:10acd800000000000000000000000000000000006c
:10ace800000000000000000000000000000000005c
:10acf800000000000000000000000000000000004c
:10ad0800000000000000000000000000000000003b
:10ad1800000000000000000000000000000000002b
:10ad2800000000000000000000000000000000001b
:10ad3800000000000000000000000000000000000b
:10ad480000000000000000000000000000000000fb
:10ad580000000000000000000000000000000000eb
:10ad680000000000000000000000000000000000db
:10ad780000000000000000000000000000000000cb
:10ad880000000000000000000000000000000000bb
:10ad980000000000000000000000000000000000ab
:10ada800000000000000000000000000000000009b
:10adb800000000000000000000000000000000008b
:10adc800000000000000000000000000000000007b
:10add800000000000000000000000000000000006b
:10ade800000000000000000000000000000000005b
:10adf800000000000000000000000000000000004b
:10ae0800000000000000000000000000000000003a
:10ae1800000000000000000000000000000000002a
:10ae2800000000000000000000000000000000001a
:10ae3800000000000000000000000000000000000a
:10ae480000000000000000000000000000000000fa
:10ae580000000000000000000000000000000000ea
:10ae680000000000000000000000000000000000da
:10ae780000000000000000000000000000000000ca
:10ae880000000000000000000000000000000000ba
:10ae980000000000000000000000000000000000aa
:10aea800000000000000000000000000000000009a
:10aeb800000000000000000000000000000000008a
:10aec800000000000000000000000000000000007a
:10aed800000000000000000000000000000000006a
:10aee800000000000000000000000000000000005a
:10aef800000000000000000000000000000000004a
:10af08000000000000000000000000000000000039
:10af18000000000000000000000000000000000029
:10af28000000000000000000000000000000000019
:10af38000000000000000000000000000000000009
:10af480000000000000000000000000000000000f9
:10af580000000000000000000000000000000000e9
:10af680000000000000000000000000000000000d9
:10af780000000000000000000000000000000000c9
:10af880000000000000000000000000000000000b9
:10af980000000000000000000000000000000000a9
:10afa8000000000000000000000000000000000099
:10afb8000000000000000000000000000000000089
:10afc8000000000000000000000000000000000079
:10afd8000000000000000000000000000000000069
:10afe8000000000000000000000000000000000059
:10aff8000000000000000000000000000000000049
:10b008000000000000000000000000000000000038
:10b018000000000000000000000000000000000028
:10b028000000000000000000000000000000000018
:10b038000000000000000000000000000000000008
:10b0480000000000000000000000000000000000f8
:10b0580000000000000000000000000000000000e8
:10b0680000000000000000000000000000000000d8
:10b0780000000000000000000000000000000000c8
:10b0880000000000000000000000000000000000b8
:10b0980000000000000000000000000000000000a8
:10b0a8000000000000000000000000000000000098
:10b0b8000000000000000000000000000000000088
:10b0c8000000000000000000000000000000000078
:10b0d8000000000000000000000000000000000068
:10b0e8000000000000000000000000000000000058
:10b0f8000000000000000000000000000000000048
:10b108000000000000000000000000000000000037
:10b118000000000000000000000000000000000027
:10b128000000000000000000000000000000000017
:10b138000000000000000000000000000000000007
:10b1480000000000000000000000000000000000f7
:10b1580000000000000000000000000000000000e7
:10b1680000000000000000000000000000000000d7
:10b1780000000000000000000000000000000000c7
:10b1880000000000000000000000000000000000b7
:10b1980000000000000000000000000000000000a7
:10b1a8000000000000000000000000000000000097
:10b1b8000000000000000000000000000000000087
:10b1c8000000000000000000000000000000000077
:10b1d8000000000000000000000000000000000067
:10b1e8000000000000000000000000000000000057
:10b1f8000000000000000000000000000000000047
:10b208000000000000000000000000000000000036
:10b218000000000000000000000000000000000026
:10b228000000000000000000000000000000000016
:10b238000000000000000000000000000000000006
:10b2480000000000000000000000000000000000f6
:10b2580000000000000000000000000000000000e6
:10b2680000000000000000000000000000000000d6
:10b2780000000000000000000000000000000000c6
:10b2880000000000000000000000000000000000b6
:10b2980000000000000000000000000000000000a6
:10b2a8000000000000000000000000000000000096
:10b2b8000000000000000000000000000000000086
:10b2c8000000000000000000000000000000000076
:10b2d8000000000000000000000000000000000066
:10b2e8000000000000000000000000000000000056
:10b2f8000000000000000000000000000000000046
:10b308000000000000000000000000000000000035
:10b318000000000000000000000000000000000025
:10b328000000000000000000000000000000000015
:10b338000000000000000000000000000000000005
:10b3480000000000000000000000000000000000f5
:10b3580000000000000000000000000000000000e5
:10b3680000000000000000000000000000000000d5
:10b3780000000000000000000000000000000000c5
:10b3880000000000000000000000000000000000b5
:10b3980000000000000000000000000000000000a5
:10b3a8000000000000000000000000000000000095
:10b3b8000000000000000000000000000000000085
:10b3c8000000000000000000000000000000000075
:10b3d8000000000000000000000000000000000065
:10b3e8000000000000000000000000000000000055
:10b3f8000000000000000000000000000000000045
:10b408000000000000000000000000000000000034
:10b418000000000000000000000000000000000024
:10b428000000000000000000000000000000000014
:10b438000000000000000000000000000000000004
:10b4480000000000000000000000000000000000f4
:10b4580000000000000000000000000000000000e4
:10b4680000000000000000000000000000000000d4
:10b4780000000000000000000000000000000000c4
:10b4880000000000000000000000000000000000b4
:10b4980000000000000000000000000000000000a4
:10b4a8000000000000000000000000000000000094
:10b4b8000000000000000000000000000000000084
:10b4c8000000000000000000000000000000000074
:10b4d8000000000000000000000000000000000064
:10b4e8000000000000000000000000000000000054
:10b4f8000000000000000000000000000000000044
:10b508000000000000000000000000000000000033
:10b518000000000000000000000000000000000023
:10b528000000000000000000000000000000000013
:10b538000000000000000000000000000000000003
:10b5480000000000000000000000000000000000f3
:10b5580000000000000000000000000000000000e3
:10b5680000000000000000000000000000000000d3
:10b5780000000000000000000000000000000000c3
:10b5880000000000000000000000000000000000b3
:10b5980000000000000000000000000000000000a3
:10b5a8000000000000000000000000000000000093
:10b5b8000000000000000000000000000000000083
:10b5c8000000000000000000000000000000000073
:10b5d8000000000000000000000000000000000063
:10b5e8000000000000000000000000000000000053
:10b5f8000000000000000000000000000000000043
:10b608000000000000000000000000000000000032
:10b618000000000000000000000000000000000022
:10b628000000000000000000000000000000000012
:10b638000000000000000000000000000000000002
:10b6480000000000000000000000000000000000f2
:10b6580000000000000000000000000000000000e2
:10b6680000000000000000000000000000000000d2
:10b6780000000000000000000000000000000000c2
:10b6880000000000000000000000000000000000b2
:10b6980000000000000000000000000000000000a2
:10b6a8000000000000000000000000000000000092
:10b6b8000000000000000000000000000000000082
:10b6c8000000000000000000000000000000000072
:10b6d8000000000000000000000000000000000062
:10b6e8000000000000000000000000000000000052
:10b6f8000000000000000000000000000000000042
:10b708000000000000000000000000000000000031
:10b718000000000000000000000000000000000021
:10b728000000000000000000000000000000000011
:10b738000000000000000000000000000000000001
:10b7480000000000000000000000000000000000f1
:10b7580000000000000000000000000000000000e1
:10b7680000000000000000000000000000000000d1
:10b7780000000000000000000000000000000000c1
:10b7880000000000000000000000000000000000b1
:10b7980000000000000000000000000000000000a1
:10b7a8000000000000000000000000000000000091
:10b7b8000000000000000000000000000000000081
:10b7c8000000000000000000000000000000000071
:10b7d8000000000000000000000000000000000061
:10b7e8000000000000000000000000000000000051
:10b7f8000000000000000000000000000000000041
:10b808000000000000000000000000000000000030
:10b818000000000000000000000000000000000020
:10b828000000000000000000000000000000000010
:10b838000000000000000000000000000000000000
:10b8480000000000000000000000000000000000f0
:10b8580000000000000000000000000000000000e0
:10b8680000000000000000000000000000000000d0
:10b8780000000000000000000000000000000000c0
:10b8880000000000000000000000000000000000b0
:10b8980000000000000000000000000000000000a0
:10b8a8000000000000000000000000000000000090
:10b8b8000000000000000000000000000000000080
:10b8c8000000000000000000000000000000000070
:10b8d8000000000000000000000000000000000060
:10b8e8000000000000000000000000000000000050
:10b8f8000000000000000000000000000000000040
:10b90800000000000000000000000000000000002f
:10b91800000000000000000000000000000000001f
:10b92800000000000000000000000000000000000f
:10b9380000000000000000000000000000000000ff
:10b9480000000000000000000000000000000000ef
:10b9580000000000000000000000000000000000df
:10b9680000000000000000000000000000000000cf
:10b9780000000000000000000000000000000000bf
:10b9880000000000000000000000000000000000af
:10b99800000000000000000000000000000000009f
:10b9a800000000000000000000000000000000008f
:10b9b800000000000000000000000000000000007f
:10b9c800000000000000000000000000000000006f
:10b9d800000000000000000000000000000000005f
:10b9e800000000000000000000000000000000004f
:10b9f800000000000000000000000000000000003f
:10ba0800000000000000000000000000000000002e
:10ba1800000000000000000000000000000000001e
:10ba2800000000000000000000000000000000000e
:10ba380000000000000000000000000000000000fe
:10ba480000000000000000000000000000000000ee
:10ba580000000000000000000000000000000000de
:10ba680000000000000000000000000000000000ce
:10ba780000000000000000000000000000000000be
:10ba880000000000000000000000000000000000ae
:10ba9800000000000000000000000000000000009e
:10baa800000000000000000000000000000000008e
:10bab800000000000000000000000000000000007e
:10bac800000000000000000000000000000000006e
:10bad800000000000000000000000000000000005e
:10bae800000000000000000000000000000000004e
:10baf800000000000000000000000000000000003e
:10bb0800000000000000000000000000000000002d
:10bb1800000000000000000000000000000000001d
:10bb2800000000000000000000000000000000000d
:10bb380000000000000000000000000000000000fd
:10bb480000000000000000000000000000000000ed
:10bb580000000000000000000000000000000000dd
:10bb680000000000000000000000000000000000cd
:10bb780000000000000000000000000000000000bd
:10bb880000000000000000000000000000000000ad
:10bb9800000000000000000000000000000000009d
:10bba800000000000000000000000000000000008d
:10bbb800000000000000000000000000000000007d
:10bbc800000000000000000000000000000000006d
:10bbd800000000000000000000000000000000005d
:10bbe800000000000000000000000000000000004d
:10bbf800000000000000000000000000000000003d
:10bc0800000000000000000000000000000000002c
:10bc1800000000000000000000000000000000001c
:10bc2800000000000000000000000000000000000c
:10bc380000000000000000000000000000000000fc
:10bc480000000000000000000000000000000000ec
:10bc580000000000000000000000000000000000dc
:10bc680000000000000000000000000000000000cc
:10bc780000000000000000000000000000000000bc
:10bc880000000000000000000000000000000000ac
:10bc9800000000000000000000000000000000009c
:10bca800000000000000000000000000000000008c
:10bcb800000000000000000000000000000000007c
:10bcc800000000000000000000000000000000006c
:10bcd800000000000000000000000000000000005c
:10bce800000000000000000000000000000000004c
:10bcf800000000000000000000000000000000003c
:10bd0800000000000000000000000000000000002b
:10bd1800000000000000000000000000000000001b
:10bd2800000000000000000000000000000000000b
:10bd380000000000000000000000000000000000fb
:10bd480000000000000000000000000000000000eb
:10bd580000000000000000000000000000000000db
:10bd680000000000000000000000000000000000cb
:10bd780000000000000000000000000000000000bb
:10bd880000000000000000000000000000000000ab
:10bd9800000000000000000000000000000000009b
:10bda800000000000000000000000000000000008b
:10bdb800000000000000000000000000000000007b
:10bdc800000000000000000000000000000000006b
:10bdd800000000000000000000000000000000005b
:10bde800000000000000000000000000000000004b
:10bdf800000000000000000000000000000000003b
:10be0800000000000000000000000000000000002a
:10be1800000000000000000000000000000000001a
:10be2800000000000000000000000000000000000a
:10be380000000000000000000000000000000000fa
:10be480000000000000000000000000000000000ea
:10be580000000000000000000000000000000000da
:10be680000000000000000000000000000000000ca
:10be780000000000000000000000000000000000ba
:10be880000000000000000000000000000000000aa
:10be9800000000000000000000000000000000009a
:10bea800000000000000000000000000000000008a
:10beb800000000000000000000000000000000007a
:10bec800000000000000000000000000000000006a
:10bed800000000000000000000000000000000005a
:10bee800000000000000000000000000000000004a
:10bef800000000000000000000000000000000003a
:10bf08000000000000000000000000000000000029
:10bf18000000000000000000000000000000000019
:10bf28000000000000000000000000000000000009
:10bf380000000000000000000000000000000000f9
:10bf480000000000000000000000000000000000e9
:10bf580000000000000000000000000000000000d9
:10bf680000000000000000000000000000000000c9
:10bf780000000000000000000000000000000000b9
:10bf880000000000000000000000000000000000a9
:10bf98000000000000000000000000000000000099
:10bfa8000000000000000000000000000000000089
:10bfb8000000000000000000000000000000000079
:10bfc8000000000000000000000000000000000069
:10bfd8000000000000000000000000000000000059
:10bfe8000000000000000000000000000000000049
:10bff8000000000000000000000000000000000039
:10c008000000000000000000000000000000000028
:10c018000000000000000000000000000000000018
:10c028000000000000000000000000000000000008
:10c0380000000000000000000000000000000000f8
:10c0480000000000000000000000000000000000e8
:10c0580000000000000000000000000000000000d8
:10c0680000000000000000000000000000000000c8
:10c0780000000000000000000000000000000000b8
:10c0880000000000000000000000000000000000a8
:10c098000000000000000000000000000000000098
:10c0a8000000000000000000000000000000000088
:10c0b8000000000000000000000000000000000078
:10c0c8000000000000000000000000000000000068
:10c0d8000000000000000000000000000000000058
:10c0e8000000000000000000000000000000000048
:10c0f8000000000000000000000000000000000038
:10c108000000000000000000000000000000000027
:10c118000000000000000000000000000000000017
:10c128000000000000000000000000000000000007
:10c1380000000000000000000000000000000000f7
:10c1480000000000000000000000000000000000e7
:10c1580000000000000000000000000000000000d7
:10c1680000000000000000000000000000000000c7
:10c1780000000000000000000000000000000000b7
:10c1880000000000000000000000000000000000a7
:10c198000000000000000000000000000000000097
:10c1a8000000000000000000000000000000000087
:10c1b8000000000000000000000000000000000077
:10c1c8000000000000000000000000000000000067
:10c1d8000000000000000000000000000000000057
:10c1e8000000000000000000000000000000000047
:10c1f8000000000000000000000000000000000037
:10c208000000000000000000000000000000000026
:10c218000000000000000000000000000000000016
:10c228000000000000000000000000000000000006
:10c2380000000000000000000000000000000000f6
:10c2480000000000000000000000000000000000e6
:10c2580000000000000000000000000000000000d6
:10c2680000000000000000000000000000000000c6
:10c2780000000000000000000000000000000000b6
:10c2880000000000000000000000000000000000a6
:10c298000000000000000000000000000000000096
:10c2a8000000000000000000000000000000000086
:10c2b8000000000000000000000000000000000076
:10c2c8000000000000000000000000000000000066
:10c2d8000000000000000000000000000000000056
:10c2e8000000000000000000000000000000000046
:10c2f8000000000000000000000000000000000036
:10c308000000000000000000000000000000000025
:10c318000000000000000000000000000000000015
:10c328000000000000000000000000000000000005
:10c3380000000000000000000000000000000000f5
:10c3480000000000000000000000000000000000e5
:10c3580000000000000000000000000000000000d5
:10c3680000000000000000000000000000000000c5
:10c3780000000000000000000000000000000000b5
:10c3880000000000000000000000000000000000a5
:10c398000000000000000000000000000000000095
:10c3a8000000000000000000000000000000000085
:10c3b8000000000000000000000000000000000075
:10c3c8000000000000000000000000000000000065
:10c3d8000000000000000000000000000000000055
:10c3e8000000000000000000000000000000000045
:10c3f8000000000000000000000000000000000035
:10c408000000000000000000000000000000000024
:10c418000000000000000000000000000000000014
:10c428000000000000000000000000000000000004
:10c4380000000000000000000000000000000000f4
:10c4480000000000000000000000000000000000e4
:10c4580000000000000000000000000000000000d4
:10c4680000000000000000000000000000000000c4
:10c4780000000000000000000000000000000000b4
:10c4880000000000000000000000000000000000a4
:10c498000000000000000000000000000000000094
:10c4a8000000000000000000000000000000000084
:10c4b8000000000000000000000000000000000074
:10c4c8000000000000000000000000000000000064
:10c4d8000000000000000000000000000000000054
:10c4e8000000000000000000000000000000000044
:10c4f8000000000000000000000000000000000034
:10c508000000000000000000000000000000000023
:10c518000000000000000000000000000000000013
:10c528000000000000000000000000000000000003
:10c5380000000000000000000000000000000000f3
:10c5480000000000000000000000000000000000e3
:10c5580000000000000000000000000000000000d3
:10c5680000000000000000000000000000000000c3
:10c5780000000000000000000000000000000000b3
:10c5880000000000000000000000000000000000a3
:10c598000000000000000000000000000000000093
:10c5a8000000000000000000000000000000000083
:10c5b8000000000000000000000000000000000073
:10c5c8000000000000000000000000000000000063
:10c5d8000000000000000000000000000000000053
:10c5e8000000000000000000000000000000000043
:10c5f8000000000000000000000000000000000033
:10c608000000000000000000000000000000000022
:10c618000000000000000000000000000000000012
:10c628000000000000000000000000000000000002
:10c6380000000000000000000000000000000000f2
:10c6480000000000000000000000000000000000e2
:10c6580000000000000000000000000000000000d2
:10c6680000000000000000000000000000000000c2
:10c6780000000000000000000000000000000000b2
:10c6880000000000000000000000000000000000a2
:10c698000000000000000000000000000000000092
:10c6a8000000000000000000000000000000000082
:10c6b8000000000000000000000000000000000072
:10c6c8000000000000000000000000000000000062
:10c6d8000000000000000000000000000000000052
:10c6e8000000000000000000000000000000000042
:10c6f8000000000000000000000000000000000032
:10c708000000000000000000000000000000000021
:10c718000000000000000000000000000000000011
:10c728000000000000000000000000000000000001
:10c7380000000000000000000000000000000000f1
:10c7480000000000000000000000000000000000e1
:10c7580000000000000000000000000000000000d1
:10c7680000000000000000000000000000000000c1
:10c7780000000000000000000000000000000000b1
:10c7880000000000000000000000000000000000a1
:10c798000000000000000000000000000000000091
:10c7a8000000000000000000000000000000000081
:10c7b8000000000000000000000000000000000071
:10c7c8000000000000000000000000000000000061
:10c7d8000000000000000000000000000000000051
:10c7e8000000000000000000000000000000000041
:10c7f8000000000000000000000000000000000031
:10c808000000000000000000000000000000000020
:10c818000000000000000000000000000000000010
:10c828000000000000000000000000000000000000
:10c8380000000000000000000000000000000000f0
:10c8480000000000000000000000000000000000e0
:10c8580000000000000000000000000000000000d0
:10c8680000000000000000000000000000000000c0
:10c8780000000000000000000000000000000000b0
:10c8880000000000000000000000000000000000a0
:10c898000000000000000000000000000000000090
:10c8a8000000000000000000000000000000000080
:10c8b8000000000000000000000000000000000070
:10c8c8000000000000000000000000000000000060
:10c8d8000000000000000000000000000000000050
:10c8e8000000000000000000000000000000000040
:10c8f8000000000000000000000000000000000030
:10c90800000000000000000000000000000000001f
:10c91800000000000000000000000000000000000f
:10c9280000000000000000000000000000000000ff
:10c9380000000000000000000000000000000000ef
:10c9480000000000000000000000000000000000df
:10c9580000000000000000000000000000000000cf
:10c9680000000000000000000000000000000000bf
:10c9780000000000000000000000000000000000af
:10c98800000000000000000000000000000000009f
:10c99800000000000000000000000000000000008f
:10c9a800000000000000000000000000000000007f
:10c9b800000000000000000000000000000000006f
:10c9c800000000000000000000000000000000005f
:10c9d800000000000000000000000000000000004f
:10c9e800000000000000000000000000000000003f
:10c9f800000000000000000000000000000000002f
:10ca0800000000000000000000000000000000001e
:10ca1800000000000000000000000000000000000e
:10ca280000000000000000000000000000000000fe
:10ca380000000000000000000000000000000000ee
:10ca480000000000000000000000000000000000de
:10ca580000000000000000000000000000000000ce
:10ca680000000000000000000000000000000000be
:10ca780000000000000000000000000000000000ae
:10ca8800000000000000000000000000000000009e
:10ca9800000000000000000000000000000000008e
:10caa800000000000000000000000000000000007e
:10cab800000000000000000000000000000000006e
:10cac800000000000000000000000000000000005e
:10cad800000000000000000000000000000000004e
:10cae800000000000000000000000000000000003e
:10caf800000000000000000000000000000000002e
:10cb0800000000000000000000000000000000001d
:10cb1800000000000000000000000000000000000d
:10cb280000000000000000000000000000000000fd
:10cb380000000000000000000000000000000000ed
:10cb480000000000000000000000000000000000dd
:10cb580000000000000000000000000000000000cd
:10cb680000000000000000000000000000000000bd
:10cb780000000000000000000000000000000000ad
:10cb8800000000000000000000000000000000009d
:10cb9800000000000000000000000000000000008d
:10cba800000000000000000000000000000000007d
:10cbb800000000000000000000000000000000006d
:10cbc800000000000000000000000000000000005d
:10cbd800000000000000000000000000000000004d
:10cbe800000000000000000000000000000000003d
:10cbf800000000000000000000000000000000002d
:10cc0800000000000000000000000000000000001c
:10cc1800000000000000000000000000000000000c
:10cc280000000000000000000000000000000000fc
:10cc380000000000000000000000000000000000ec
:10cc480000000000000000000000000000000000dc
:10cc580000000000000000000000000000000000cc
:10cc680000000000000000000000000000000000bc
:10cc780000000000000000000000000000000000ac
:10cc8800000000000000000000000000000000009c
:10cc9800000000000000000000000000000000008c
:10cca800000000000000000000000000000000007c
:10ccb800000000000000000000000000000000006c
:10ccc800000000000000000000000000000000005c
:10ccd800000000000000000000000000000000004c
:10cce800000000000000000000000000000000003c
:10ccf800000000000000000000000000000000002c
:10cd0800000000000000000000000000000000001b
:10cd1800000000000000000000000000000000000b
:10cd280000000000000000000000000000000000fb
:10cd380000000000000000000000000000000000eb
:10cd480000000000000000000000000000000000db
:10cd580000000000000000000000000000000000cb
:10cd680000000000000000000000000000000000bb
:10cd780000000000000000000000000000000000ab
:10cd8800000000000000000000000000000000009b
:10cd9800000000000000000000000000000000008b
:10cda800000000000000000000000000000000007b
:10cdb800000000000000000000000000000000006b
:10cdc800000000000000000000000000000000005b
:10cdd800000000000000000000000000000000004b
:10cde800000000000000000000000000000000003b
:10cdf800000000000000000000000000000000002b
:10ce0800000000000000000000000000000000001a
:10ce1800000000000000000000000000000000000a
:10ce280000000000000000000000000000000000fa
:10ce380000000000000000000000000000000000ea
:10ce480000000000000000000000000000000000da
:10ce580000000000000000000000000000000000ca
:10ce680000000000000000000000000000000000ba
:10ce780000000000000000000000000000000000aa
:10ce8800000000000000000000000000000000009a
:10ce9800000000000000000000000000000000008a
:10cea800000000000000000000000000000000007a
:10ceb800000000000000000000000000000000006a
:10cec800000000000000000000000000000000005a
:10ced800000000000000000000000000000000004a
:10cee800000000000000000000000000000000003a
:10cef800000000000000000000000000000000002a
:10cf08000000000000000000000000000000000019
:10cf18000000000000000000000000000000000009
:10cf280000000000000000000000000000000000f9
:10cf380000000000000000000000000000000000e9
:10cf480000000000000000000000000000000000d9
:10cf580000000000000000000000000000000000c9
:10cf680000000000000000000000000000000000b9
:10cf780000000000000000000000000000000000a9
:10cf88000000000000000000000000000000000099
:10cf98000000000000000000000000000000000089
:10cfa8000000000000000000000000000000000079
:10cfb8000000000000000000000000000000000069
:10cfc8000000000000000000000000000000000059
:10cfd8000000000000000000000000000000000049
:10cfe8000000000000000000000000000000000039
:10cff8000000000000000000000000000000000029
:10d008000000000000000000000000000000000018
:10d018000000000000000000000000000000000008
:10d0280000000000000000000000000000000000f8
:10d0380000000000000000000000000000000000e8
:10d0480000000000000000000000000000000000d8
:10d0580000000000000000000000000000000000c8
:10d0680000000000000000000000000000000000b8
:10d0780000000000000000000000000000000000a8
:10d088000000000000000000000000000000000098
:10d098000000000000000000000000000000000088
:10d0a8000000000000000000000000000000000078
:10d0b8000000000000000000000000000000000068
:10d0c8000000000000000000000000000000000058
:10d0d8000000000000000000000000000000000048
:10d0e8000000000000000000000000000000000038
:10d0f8000000000000000000000000000000000028
:10d108000000000000000000000000000000000017
:10d118000000000000000000000000000000000007
:10d1280000000000000000000000000000000000f7
:10d1380000000000000000000000000000000000e7
:10d1480000000000000000000000000000000000d7
:10d1580000000000000000000000000000000000c7
:10d1680000000000000000000000000000000000b7
:10d1780000000000000000000000000000000000a7
:10d188000000000000000000000000000000000097
:10d198000000000000000000000000000000000087
:10d1a8000000000000000000000000000000000077
:10d1b8000000000000000000000000000000000067
:10d1c8000000000000000000000000000000000057
:10d1d8000000000000000000000000000000000047
:10d1e8000000000000000000000000000000000037
:10d1f8000000000000000000000000000000000027
:10d208000000000000000000000000000000000016
:10d218000000000000000000000000000000000006
:10d2280000000000000000000000000000000000f6
:10d2380000000000000000000000000000000000e6
:10d2480000000000000000000000000000000000d6
:10d2580000000000000000000000000000000000c6
:10d2680000000000000000000000000000000000b6
:10d2780000000000000000000000000000000000a6
:10d288000000000000000000000000000000000096
:10d298000000000000000000000000000000000086
:10d2a8000000000000000000000000000000000076
:10d2b8000000000000000000000000000000000066
:10d2c8000000000000000000000000000000000056
:10d2d8000000000000000000000000000000000046
:10d2e8000000000000000000000000000000000036
:10d2f8000000000000000000000000000000000026
:10d308000000000000000000000000000000000015
:10d318000000000000000000000000000000000005
:10d3280000000000000000000000000000000000f5
:10d3380000000000000000000000000000000000e5
:10d3480000000000000000000000000000000000d5
:10d3580000000000000000000000000000000000c5
:10d3680000000000000000000000000000000000b5
:10d3780000000000000000000000000000000000a5
:10d388000000000000000000000000000000000095
:10d398000000000000000000000000000000000085
:10d3a8000000000000000000000000000000000075
:10d3b8000000000000000000000000000000000065
:10d3c8000000000000000000000000000000000055
:10d3d8000000000000000000000000000000000045
:10d3e8000000000000000000000000000000000035
:10d3f8000000000000000000000000000000000025
:10d408000000000000000000000000000000000014
:10d418000000000000000000000000000000000004
:10d4280000000000000000000000000000000000f4
:10d4380000000000000000000000000000000000e4
:10d4480000000000000000000000000000000000d4
:10d4580000000000000000000000000000000000c4
:10d4680000000000000000000000000000000000b4
:10d4780000000000000000000000000000000000a4
:10d488000000000000000000000000000000000094
:10d498000000000000000000000000000000000084
:10d4a8000000000000000000000000000000000074
:10d4b8000000000000000000000000000000000064
:10d4c8000000000000000000000000000000000054
:10d4d8000000000000000000000000000000000044
:10d4e8000000000000000000000000000000000034
:10d4f8000000000000000000000000000000000024
:10d508000000000000000000000000000000000013
:10d518000000000000000000000000000000000003
:10d5280000000000000000000000000000000000f3
:10d5380000000000000000000000000000000000e3
:10d5480000000000000000000000000000000000d3
:10d5580000000000000000000000000000000000c3
:10d5680000000000000000000000000000000000b3
:10d5780000000000000000000000000000000000a3
:10d588000000000000000000000000000000000093
:10d598000000000000000000000000000000000083
:10d5a8000000000000000000000000000000000073
:10d5b8000000000000000000000000000000000063
:10d5c8000000000000000000000000000000000053
:10d5d8000000000000000000000000000000000043
:10d5e8000000000000000000000000000000000033
:10d5f8000000000000000000000000000000000023
:10d608000000000000000000000000000000000012
:10d618000000000000000000000000000000000002
:10d6280000000000000000000000000000000000f2
:10d6380000000000000000000000000000000000e2
:10d6480000000000000000000000000000000000d2
:10d6580000000000000000000000000000000000c2
:10d6680000000000000000000000000000000000b2
:10d6780000000000000000000000000000000000a2
:10d688000000000000000000000000000000000092
:10d698000000000000000000000000000000000082
:10d6a8000000000000000000000000000000000072
:10d6b8000000000000000000000000000000000062
:10d6c8000000000000000000000000000000000052
:10d6d8000000000000000000000000000000000042
:10d6e8000000000000000000000000000000000032
:10d6f8000000000000000000000000000000000022
:10d708000000000000000000000000000000000011
:10d718000000000000000000000000000000000001
:10d7280000000000000000000000000000000000f1
:10d7380000000000000000000000000000000000e1
:10d7480000000000000000000000000000000000d1
:10d7580000000000000000000000000000000000c1
:10d7680000000000000000000000000000000000b1
:10d7780000000000000000000000000000000000a1
:10d788000000000000000000000000000000000091
:10d798000000000000000000000000000000000081
:10d7a8000000000000000000000000000000000071
:10d7b8000000000000000000000000000000000061
:10d7c8000000000000000000000000000000000051
:10d7d8000000000000000000000000000000000041
:10d7e8000000000000000000000000000000000031
:10d7f8000000000000000000000000000000000021
:10d808000000000000000000000000000000000010
:10d818000000000000000000000000000000000000
:10d8280000000000000000000000000000000000f0
:10d8380000000000000000000000000000000000e0
:10d8480000000000000000000000000000000000d0
:10d8580000000000000000000000000000000000c0
:10d8680000000000000000000000000000000000b0
:10d8780000000000000000000000000000000000a0
:10d888000000000000000000000000000000000090
:10d898000000000000000000000000000000000080
:10d8a8000000000000000000000000000000000070
:10d8b8000000000000000000000000000000000060
:10d8c8000000000000000000000000000000000050
:10d8d8000000000000000000000000000000000040
:10d8e8000000000000000000000000000000000030
:10d8f8000000000000000000000000000000000020
:10d90800000000000000000000000000000000000f
:10d9180000000000000000000000000000000000ff
:10d9280000000000000000000000000000000000ef
:10d9380000000000000000000000000000000000df
:10d9480000000000000000000000000000000000cf
:10d9580000000000000000000000000000000000bf
:10d9680000000000000000000000000000000000af
:10d97800000000000000000000000000000000009f
:10d98800000000000000000000000000000000008f
:10d99800000000000000000000000000000000007f
:10d9a800000000000000000000000000000000006f
:10d9b800000000000000000000000000000000005f
:10d9c800000000000000000000000000000000004f
:10d9d800000000000000000000000000000000003f
:10d9e800000000000000000000000000000000002f
:10d9f800000000000000000000000000000000001f
:10da0800000000000000000000000000000000000e
:10da180000000000000000000000000000000000fe
:10da280000000000000000000000000000000000ee
:10da380000000000000000000000000000000000de
:10da480000000000000000000000000000000000ce
:10da580000000000000000000000000000000000be
:10da680000000000000000000000000000000000ae
:10da7800000000000000000000000000000000009e
:10da8800000000000000000000000000000000008e
:10da9800000000000000000000000000000000007e
:10daa800000000000000000000000000000000006e
:10dab800000000000000000000000000000000005e
:10dac800000000000000000000000000000000004e
:10dad800000000000000000000000000000000003e
:10dae800000000000000000000000000000000002e
:10daf800000000000000000000000000000000001e
:10db0800000000000000000000000000000000000d
:10db180000000000000000000000000000000000fd
:10db280000000000000000000000000000000000ed
:10db380000000000000000000000000000000000dd
:10db480000000000000000000000000000000000cd
:10db580000000000000000000000000000000000bd
:10db680000000000000000000000000000000000ad
:10db7800000000000000000000000000000000009d
:10db8800000000000000000000000000000000008d
:10db9800000000000000000000000000000000007d
:10dba800000000000000000000000000000000006d
:10dbb800000000000000000000000000000000005d
:10dbc800000000000000000000000000000000004d
:10dbd800000000000000000000000000000000003d
:10dbe800000000000000000000000000000000002d
:10dbf800000000000000000000000000000000001d
:10dc0800000000000000000000000000000000000c
:10dc180000000000000000000000000000000000fc
:10dc280000000000000000000000000000000000ec
:10dc380000000000000000000000000000000000dc
:10dc480000000000000000000000000000000000cc
:10dc580000000000000000000000000000000000bc
:10dc680000000000000000000000000000000000ac
:10dc7800000000000000000000000000000000009c
:10dc8800000000000000000000000000000000008c
:10dc9800000000000000000000000000000000007c
:10dca800000000000000000000000000000000006c
:10dcb800000000000000000000000000000000005c
:10dcc800000000000000000000000000000000004c
:10dcd800000000000000000000000000000000003c
:10dce800000000000000000000000000000000002c
:10dcf800000000000000000000000000000000001c
:10dd0800000000000000000000000000000000000b
:10dd180000000000000000000000000000000000fb
:10dd280000000000000000000000000000000000eb
:10dd380000000000000000000000000000000000db
:10dd480000000000000000000000000000000000cb
:10dd580000000000000000000000000000000000bb
:10dd680000000000000000000000000000000000ab
:10dd7800000000000000000000000000000000009b
:10dd8800000000000000000000000000000000008b
:10dd9800000000000000000000000000000000007b
:10dda800000000000000000000000000000000006b
:10ddb800000000000000000000000000000000005b
:10ddc800000000000000000000000000000000004b
:10ddd800000000000000000000000000000000003b
:10dde800000000000000000000000000000000002b
:10ddf800000000000000000000000000000000001b
:10de0800000000000000000000000000000000000a
:10de180000000000000000000000000000000000fa
:10de280000000000000000000000000000000000ea
:10de380000000000000000000000000000000000da
:10de480000000000000000000000000000000000ca
:10de580000000000000000000000000000000000ba
:10de680000000000000000000000000000000000aa
:10de7800000000000000000000000000000000009a
:10de8800000000000000000000000000000000008a
:10de9800000000000000000000000000000000007a
:10dea800000000000000000000000000000000006a
:10deb800000000000000000000000000000000005a
:10dec800000000000000000000000000000000004a
:10ded800000000000000000000000000000000003a
:10dee800000000000000000000000000000000002a
:10def800000000000000000000000000000000001a
:10df08000000000000000000000000000000000009
:10df180000000000000000000000000000000000f9
:10df280000000000000000000000000000000000e9
:10df380000000000000000000000000000000000d9
:10df480000000000000000000000000000000000c9
:10df580000000000000000000000000000000000b9
:10df680000000000000000000000000000000000a9
:10df78000000000000000000000000000000000099
:10df88000000000000000000000000000000000089
:10df98000000000000000000000000000000000079
:10dfa8000000000000000000000000000000000069
:10dfb8000000000000000000000000000000000059
:10dfc8000000000000000000000000000000000049
:10dfd8000000000000000000000000000000000039
:10dfe8000000000000000000000000000000000029
:10dff8000000000000000000000000000000000019
:10e008000000000000000000000000000000000008
:10e0180000000000000000000000000000000000f8
:10e0280000000000000000000000000000000000e8
:10e0380000000000000000000000000000000000d8
:10e0480000000000000000000000000000000000c8
:10e0580000000000000000000000000000000000b8
:10e0680000000000000000000000000000000000a8
:10e078000000000000000000000000000000000098
:10e088000000000000000000000000000000000088
:10e098000000000000000000000000000000000078
:10e0a8000000000000000000000000000000000068
:10e0b8000000000000000000000000000000000058
:10e0c8000000000000000000000000000000000048
:10e0d8000000000000000000000000000000000038
:10e0e8000000000000000000000000000000000028
:10e0f8000000000000000000000000000000000018
:10e108000000000000000000000000000000000007
:10e1180000000000000000000000000000000000f7
:10e1280000000000000000000000000000000000e7
:10e1380000000000000000000000000000000000d7
:10e1480000000000000000000000000000000000c7
:10e1580000000000000000000000000000000000b7
:10e1680000000000000000000000000000000000a7
:10e178000000000000000000000000000000000097
:10e188000000000000000000000000000000000087
:10e198000000000000000000000000000000000077
:10e1a8000000000000000000000000000000000067
:10e1b8000000000000000000000000000000000057
:10e1c8000000000000000000000000000000000047
:10e1d8000000000000000000000000000000000037
:10e1e8000000000000000000000000000000000027
:10e1f8000000000000000000000000000000000017
:10e208000000000000000000000000000000000006
:10e2180000000000000000000000000000000000f6
:10e2280000000000000000000000000000000000e6
:10e2380000000000000000000000000000000000d6
:10e2480000000000000000000000000000000000c6
:10e2580000000000000000000000000000000000b6
:10e2680000000000000000000000000000000000a6
:10e278000000000000000000000000000000000096
:10e288000000000000000000000000000000000086
:10e298000000000000000000000000000000000076
:10e2a8000000000000000000000000000000000066
:10e2b8000000000000000000000000000000000056
:10e2c8000000000000000000000000000000000046
:10e2d8000000000000000000000000000000000036
:10e2e8000000000000000000000000000000000026
:10e2f8000000000000000000000000000000000016
:10e308000000000000000000000000000000000005
:10e3180000000000000000000000000000000000f5
:10e3280000000000000000000000000000000000e5
:10e3380000000000000000000000000000000000d5
:10e3480000000000000000000000000000000000c5
:10e3580000000000000000000000000000000000b5
:10e3680000000000000000000000000000000000a5
:10e378000000000000000000000000000000000095
:10e388000000000000000000000000000000000085
:10e398000000000000000000000000000000000075
:10e3a8000000000000000000000000000000000065
:10e3b8000000000000000000000000000000000055
:10e3c8000000000000000000000000000000000045
:10e3d8000000000000000000000000000000000035
:10e3e8000000000000000000000000000000000025
:10e3f8000000000000000000000000000000000015
:10e408000000000000000000000000000000000004
:10e4180000000000000000000000000000000000f4
:10e4280000000000000000000000000000000000e4
:10e4380000000000000000000000000000000000d4
:10e4480000000000000000000000000000000000c4
:10e4580000000000000000000000000000000000b4
:10e4680000000000000000000000000000000000a4
:10e478000000000000000000000000000000000094
:10e488000000000000000000000000000000000084
:10e498000000000000000000000000000000000074
:10e4a8000000000000000000000000000000000064
:10e4b8000000000000000000000000000000000054
:10e4c8000000000000000000000000000000000044
:10e4d8000000000000000000000000000000000034
:10e4e8000000000000000000000000000000000024
:10e4f8000000000000000000000000000000000014
:10e508000000000000000000000000000000000003
:10e5180000000000000000000000000000000000f3
:10e5280000000000000000000000000000000000e3
:10e5380000000000000000000000000000000000d3
:10e5480000000000000000000000000000000000c3
:10e5580000000000000000000000000000000000b3
:10e5680000000000000000000000000000000000a3
:10e578000000000000000000000000000000000093
:10e588000000000000000000000000000000000083
:10e598000000000000000000000000000000000073
:10e5a8000000000000000000000000000000000063
:10e5b8000000000000000000000000000000000053
:10e5c8000000000000000000000000000000000043
:10e5d8000000000000000000000000000000000033
:10e5e8000000000000000000000000000000000023
:10e5f8000000000000000000000000000000000013
:10e608000000000000000000000000000000000002
:10e6180000000000000000000000000000000000f2
:10e6280000000000000000000000000000000000e2
:10e6380000000000000000000000000000000000d2
:10e6480000000000000000000000000000000000c2
:10e6580000000000000000000000000000000000b2
:10e6680000000000000000000000000000000000a2
:10e678000000000000000000000000000000000092
:10e688000000000000000000000000000000000082
:10e698000000000000000000000000000000000072
:10e6a8000000000000000000000000000000000062
:10e6b8000000000000000000000000000000000052
:10e6c8000000000000000000000000000000000042
:10e6d8000000000000000000000000000000000032
:10e6e8000000000000000000000000000000000022
:10e6f8000000000000000000000000000000000012
:10e708000000000000000000000000000000000001
:10e7180000000000000000000000000000000000f1
:10e7280000000000000000000000000000000000e1
:10e7380000000000000000000000000000000000d1
:10e7480000000000000000000000000000000000c1
:10e7580000000000000000000000000000000000b1
:10e7680000000000000000000000000000000000a1
:10e778000000000000000000000000000000000091
:10e788000000000000000000000000000000000081
:10e798000000000000000000000000000000000071
:10e7a8000000000000000000000000000000000061
:10e7b8000000000000000000000000000000000051
:10e7c8000000000000000000000000000000000041
:10e7d8000000000000000000000000000000000031
:10e7e8000000000000000000000000000000000021
:10e7f8000000000000000000000000000000000011
:10e808000000000000000000000000000000000000
:10e8180000000000000000000000000000000000f0
:10e8280000000000000000000000000000000000e0
:10e8380000000000000000000000000000000000d0
:10e8480000000000000000000000000000000000c0
:10e8580000000000000000000000000000000000b0
:10e8680000000000000000000000000000000000a0
:10e878000000000000000000000000000000000090
:10e888000000000000000000000000000000000080
:10e898000000000000000000000000000000000070
:10e8a8000000000000000000000000000000000060
:10e8b8000000000000000000000000000000000050
:10e8c8000000000000000000000000000000000040
:10e8d8000000000000000000000000000000000030
:10e8e8000000000000000000000000000000000020
:10e8f8000000000000000000000000000000000010
:10e9080000000000000000000000000000000000ff
:10e9180000000000000000000000000000000000ef
:10e9280000000000000000000000000000000000df
:10e9380000000000000000000000000000000000cf
:10e9480000000000000000000000000000000000bf
:10e9580000000000000000000000000000000000af
:10e96800000000000000000000000000000000009f
:10e97800000000000000000000000000000000008f
:10e98800000000000000000000000000000000007f
:10e99800000000000000000000000000000000006f
:10e9a800000000000000000000000000000000005f
:10e9b800000000000000000000000000000000004f
:10e9c800000000000000000000000000000000003f
:10e9d800000000000000000000000000000000002f
:10e9e800000000000000000000000000000000001f
:10e9f800000000000000000000000000000000000f
:10ea080000000000000000000000000000000000fe
:10ea180000000000000000000000000000000000ee
:10ea280000000000000000000000000000000000de
:10ea380000000000000000000000000000000000ce
:10ea480000000000000000000000000000000000be
:10ea580000000000000000000000000000000000ae
:10ea6800000000000000000000000000000000009e
:10ea7800000000000000000000000000000000008e
:10ea8800000000000000000000000000000000007e
:10ea9800000000000000000000000000000000006e
:10eaa800000000000000000000000000000000005e
:10eab800000000000000000000000000000000004e
:10eac800000000000000000000000000000000003e
:10ead800000000000000000000000000000000002e
:10eae800000000000000000000000000000000001e
:10eaf800000000000000000000000000000000000e
:10eb080000000000000000000000000000000000fd
:10eb180000000000000000000000000000000000ed
:10eb280000000000000000000000000000000000dd
:10eb380000000000000000000000000000000000cd
:10eb480000000000000000000000000000000000bd
:10eb580000000000000000000000000000000000ad
:10eb6800000000000000000000000000000000009d
:10eb7800000000000000000000000000000000008d
:10eb8800000000000000000000000000000000007d
:10eb9800000000000000000000000000000000006d
:10eba800000000000000000000000000000000005d
:10ebb800000000000000000000000000000000004d
:10ebc800000000000000000000000000000000003d
:10ebd800000000000000000000000000000000002d
:10ebe800000000000000000000000000000000001d
:10ebf800000000000000000000000000000000000d
:10ec080000000000000000000000000000000000fc
:10ec180000000000000000000000000000000000ec
:10ec280000000000000000000000000000000000dc
:10ec380000000000000000000000000000000000cc
:10ec480000000000000000000000000000000000bc
:10ec580000000000000000000000000000000000ac
:10ec6800000000000000000000000000000000009c
:10ec7800000000000000000000000000000000008c
:10ec8800000000000000000000000000000000007c
:10ec9800000000000000000000000000000000006c
:10eca800000000000000000000000000000000005c
:10ecb800000000000000000000000000000000004c
:10ecc800000000000000000000000000000000003c
:10ecd800000000000000000000000000000000002c
:10ece800000000000000000000000000000000001c
:10ecf800000000000000000000000000000000000c
:10ed080000000000000000000000000000000000fb
:10ed180000000000000000000000000000000000eb
:10ed280000000000000000000000000000000000db
:10ed380000000000000000000000000000000000cb
:10ed480000000000000000000000000000000000bb
:10ed580000000000000000000000000000000000ab
:10ed6800000000000000000000000000000000009b
:10ed7800000000000000000000000000000000008b
:10ed8800000000000000000000000000000000007b
:10ed9800000000000000000000000000000000006b
:10eda800000000000000000000000000000000005b
:10edb800000000000000000000000000000000004b
:10edc800000000000000000000000000000000003b
:10edd800000000000000000000000000000000002b
:10ede800000000000000000000000000000000001b
:10edf800000000000000000000000000000000000b
:10ee080000000000000000000000000000000000fa
:10ee180000000000000000000000000000000000ea
:10ee280000000000000000000000000000000000da
:10ee380000000000000000000000000000000000ca
:10ee480000000000000000000000000000000000ba
:10ee580000000000000000000000000000000000aa
:10ee6800000000000000000000000000000000009a
:10ee7800000000000000000000000000000000008a
:10ee8800000000000000000000000000000000007a
:10ee9800000000000000000000000000000000006a
:10eea800000000000000000000000000000000005a
:10eeb800000000000000000000000000000000004a
:10eec800000000000000000000000000000000003a
:10eed800000000000000000000000000000000002a
:10eee800000000000000000000000000000000001a
:10eef800000000000000000000000000000000000a
:10ef080000000000000000000000000000000000f9
:10ef180000000000000000000000000000000000e9
:10ef280000000000000000000000000000000000d9
:10ef380000000000000000000000000000000000c9
:10ef480000000000000000000000000000000000b9
:10ef580000000000000000000000000000000000a9
:10ef68000000000000000000000000000000000099
:10ef78000000000000000000000000000000000089
:10ef88000000000000000000000000000000000079
:10ef98000000000000000000000000000000000069
:10efa8000000000000000000000000000000000059
:10efb8000000000000000000000000000000000049
:10efc8000000000000000000000000000000000039
:10efd8000000000000000000000000000000000029
:10efe8000000000000000000000000000000000019
:10eff8000000000000000000000000000000000009
:10f0080000000000000000000000000000000000f8
:10f0180000000000000000000000000000000000e8
:10f0280000000000000000000000000000000000d8
:10f0380000000000000000000000000000000000c8
:10f0480000000000000000000000000000000000b8
:10f0580000000000000000000000000000000000a8
:10f068000000000000000000000000000000000098
:10f078000000000000000000000000000000000088
:10f088000000000000000000000000000000000078
:10f098000000000000000000000000000000000068
:10f0a8000000000000000000000000000000000058
:10f0b8000000000000000000000000000000000048
:10f0c8000000000000000000000000000000000038
:10f0d8000000000000000000000000000000000028
:10f0e8000000000000000000000000000000000018
:10f0f8000000000000000000000000000000000008
:10f1080000000000000000000000000000000000f7
:10f1180000000000000000000000000000000000e7
:10f1280000000000000000000000000000000000d7
:10f1380000000000000000000000000000000000c7
:10f1480000000000000000000000000000000000b7
:10f1580000000000000000000000000000000000a7
:10f168000000000000000000000000000000000097
:10f178000000000000000000000000000000000087
:10f188000000000000000000000000000000000077
:10f198000000000000000000000000000000000067
:10f1a8000000000000000000000000000000000057
:10f1b8000000000000000000000000000000000047
:10f1c8000000000000000000000000000000000037
:10f1d8000000000000000000000000000000000027
:10f1e8000000000000000000000000000000000017
:10f1f8000000000000000000000000000000000007
:10f2080000000000000000000000000000000000f6
:10f2180000000000000000000000000000000000e6
:10f2280000000000000000000000000000000000d6
:10f2380000000000000000000000000000000000c6
:10f2480000000000000000000000000000000000b6
:10f2580000000000000000000000000000000000a6
:10f268000000000000000000000000000000000096
:10f278000000000000000000000000000000000086
:10f288000000000000000000000000000000000076
:10f298000000000000000000000000000000000066
:10f2a8000000000000000000000000000000000056
:10f2b8000000000000000000000000000000000046
:10f2c8000000000000000000000000000000000036
:10f2d8000000000000000000000000000000000026
:10f2e8000000000000000000000000000000000016
:10f2f8000000000000000000000000000000000006
:10f3080000000000000000000000000000000000f5
:10f3180000000000000000000000000000000000e5
:10f3280000000000000000000000000000000000d5
:10f3380000000000000000000000000000000000c5
:10f3480000000000000000000000000000000000b5
:10f3580000000000000000000000000000000000a5
:10f368000000000000000000000000000000000095
:10f378000000000000000000000000000000000085
:10f388000000000000000000000000000000000075
:10f398000000000000000000000000000000000065
:10f3a8000000000000000000000000000000000055
:10f3b8000000000000000000000000000000000045
:10f3c8000000000000000000000000000000000035
:10f3d8000000000000000000000000000000000025
:10f3e8000000000000000000000000000000000015
:10f3f8000000000000000000000000000000000005
:10f4080000000000000000000000000000000000f4
:10f4180000000000000000000000000000000000e4
:10f4280000000000000000000000000000000000d4
:10f4380000000000000000000000000000000000c4
:10f4480000000000000000000000000000000000b4
:10f4580000000000000000000000000000000000a4
:10f468000000000000000000000000000000000094
:10f478000000000000000000000000000000000084
:10f488000000000000000000000000000000000074
:10f498000000000000000000000000000000000064
:10f4a8000000000000000000000000000000000054
:10f4b8000000000000000000000000000000000044
:10f4c8000000000000000000000000000000000034
:10f4d8000000000000000000000000000000000024
:10f4e8000000000000000000000000000000000014
:10f4f8000000000000000000000000000000000004
:10f5080000000000000000000000000000000000f3
:10f5180000000000000000000000000000000000e3
:10f5280000000000000000000000000000000000d3
:10f5380000000000000000000000000000000000c3
:10f5480000000000000000000000000000000000b3
:10f5580000000000000000000000000000000000a3
:10f568000000000000000000000000000000000093
:10f578000000000000000000000000000000000083
:10f588000000000000000000000000000000000073
:10f598000000000000000000000000000000000063
:10f5a8000000000000000000000000000000000053
:10f5b8000000000000000000000000000000000043
:10f5c8000000000000000000000000000000000033
:10f5d8000000000000000000000000000000000023
:10f5e8000000000000000000000000000000000013
:10f5f8000000000000000000000000000000000003
:10f6080000000000000000000000000000000000f2
:10f6180000000000000000000000000000000000e2
:10f6280000000000000000000000000000000000d2
:10f6380000000000000000000000000000000000c2
:10f6480000000000000000000000000000000000b2
:10f6580000000000000000000000000000000000a2
:10f668000000000000000000000000000000000092
:10f678000000000000000000000000000000000082
:10f688000000000000000000000000000000000072
:10f698000000000000000000000000000000000062
:10f6a8000000000000000000000000000000000052
:10f6b8000000000000000000000000000000000042
:10f6c8000000000000000000000000000000000032
:10f6d8000000000000000000000000000000000022
:10f6e8000000000000000000000000000000000012
:10f6f8000000000000000000000000000000000002
:10f7080000000000000000000000000000000000f1
:10f7180000000000000000000000000000000000e1
:10f7280000000000000000000000000000000000d1
:10f7380000000000000000000000000000000000c1
:10f7480000000000000000000000000000000000b1
:10f7580000000000000000000000000000000000a1
:10f768000000000000000000000000000000000091
:10f778000000000000000000000000000000000081
:10f788000000000000000000000000000000000071
:10f798000000000000000000000000000000000061
:10f7a8000000000000000000000000000000000051
:10f7b8000000000000000000000000000000000041
:10f7c8000000000000000000000000000000000031
:10f7d8000000000000000000000000000000000021
:10f7e8000000000000000000000000000000000011
:10f7f8000000000000000000000000000000000001
:10f8080000000000000000000000000000000000f0
:10f8180000000000000000000000000000000000e0
:10f8280000000000000000000000000000000000d0
:10f8380000000000000000000000000000000000c0
:10f8480000000000000000000000000000000000b0
:10f8580000000000000000000000000000000000a0
:10f868000000000000000000000000000000000090
:10f878000000000000000000000000000000000080
:10f888000000000000000000000000000000000070
:10f898000000000000000000000000000000000060
:10f8a8000000000000000000000000000000000050
:10f8b8000000000000000000000000000000000040
:10f8c8000000000000000000000000000000000030
:10f8d8000000000000000000000000000000000020
:10f8e8000000000000000000000000000000000010
:10f8f8000000000000000000000000000000000000
:10f9080000000000000000000000000000000000ef
:10f9180000000000000000000000000000000000df
:10f9280000000000000000000000000000000000cf
:10f9380000000000000000000000000000000000bf
:10f9480000000000000000000000000000000000af
:10f95800000000000000000000000000000000009f
:10f96800000000000000000000000000000000008f
:10f97800000000000000000000000000000000007f
:10f98800000000000000000000000000000000006f
:10f99800000000000000000000000000000000005f
:10f9a800000000000000000000000000000000004f
:10f9b800000000000000000000000000000000003f
:10f9c800000000000000000000000000000000002f
:10f9d800000000000000000000000000000000001f
:10f9e800000000000000000000000000000000000f
:10f9f80000000000000000000000000000000000ff
:10fa080000000000000000000000000000000000ee
:10fa180000000000000000000000000000000000de
:10fa280000000000000000000000000000000000ce
:10fa380000000000000000000000000000000000be
:10fa480000000000000000000000000000000000ae
:10fa5800000000000000000000000000000000009e
:10fa6800000000000000000000000000000000008e
:10fa7800000000000000000000000000000000007e
:10fa8800000000000000000000000000000000006e
:10fa9800000000000000000000000000000000005e
:10faa800000000000000000000000000000000004e
:10fab800000000000000000000000000000000003e
:10fac800000000000000000000000000000000002e
:10fad800000000000000000000000000000000001e
:10fae800000000000000000000000000000000000e
:10faf80000000000000000000000000000000000fe
:10fb080000000000000000000000000000000000ed
:10fb180000000000000000000000000000000000dd
:10fb280000000000000000000000000000000000cd
:10fb380000000000000000000000000000000000bd
:10fb480000000000000000000000000000000000ad
:10fb5800000000000000000000000000000000009d
:10fb6800000000000000000000000000000000008d
:10fb7800000000000000000000000000000000007d
:10fb8800000000000000000000000000000000006d
:10fb9800000000000000000000000000000000005d
:10fba800000000000000000000000000000000004d
:10fbb800000000000000000000000000000000003d
:10fbc800000000000000000000000000000000002d
:10fbd800000000000000000000000000000000001d
:10fbe800000000000000000000000000000000000d
:10fbf80000000000000000000000000000000000fd
:10fc080000000000000000000000000000000000ec
:10fc180000000000000000000000000000000000dc
:10fc280000000000000000000000000000000000cc
:10fc380000000000000000000000000000000000bc
:10fc480000000000000000000000000000000000ac
:10fc5800000000000000000000000000000000009c
:10fc6800000000000000000000000000000000008c
:10fc7800000000000000000000000000000000007c
:10fc8800000000000000000000000000000000006c
:10fc9800000000000000000000000000000000005c
:10fca800000000000000000000000000000000004c
:10fcb800000000000000000000000000000000003c
:10fcc800000000000000000000000000000000002c
:10fcd800000000000000000000000000000000001c
:10fce800000000000000000000000000000000000c
:10fcf80000000000000000000000000000000000fc
:10fd080000000000000000000000000000000000eb
:10fd180000000000000000000000000000000000db
:10fd280000000000000000000000000000000000cb
:10fd380000000000000000000000000000000000bb
:10fd480000000000000000000000000000000000ab
:10fd5800000000000000000000000000000000009b
:10fd6800000000000000000000000000000000008b
:10fd7800000000000000000000000000000000007b
:10fd8800000000000000000000000000000000006b
:10fd9800000000000000000000000000000000005b
:10fda800000000000000000000000000000000004b
:10fdb800000000000000000000000000000000003b
:10fdc800000000000000000000000000000000002b
:10fdd800000000000000000000000000000000001b
:10fde800000000000000000000000000000000000b
:10fdf80000000000000000000000000000000000fb
:10fe080000000000000000000000000000000000ea
:10fe180000000000000000000000000000000000da
:10fe280000000000000000000000000000000000ca
:10fe380000000000000000000000000000000000ba
:10fe480000000000000000000000000000000000aa
:10fe5800000000000000000000000000000000009a
:10fe6800000000000000000000000000000000008a
:10fe7800000000000000000000000000000000007a
:10fe8800000000000000000000000000000000006a
:10fe9800000000000000000000000000000000005a
:10fea800000000000000000000000000000000004a
:10feb800000000000000000000000000000000003a
:10fec800000000000000000000000000000000002a
:10fed800000000000000000000000000000000001a
:10fee800000000000000000000000000000000000a
:10fef80000000000000000000000000000000000fa
:10ff080000000000000000000000000000000000e9
:10ff180000000000000000000000000000000000d9
:10ff280000000000000000000000000000000000c9
:10ff380000000000000000000000000000000000b9
:10ff480000000000000000000000000000000000a9
:10ff58000000000000000000000000000000000099
:10ff68000000000000000000000000000000000089
:10ff78000000000000000000000000000000000079
:10ff88000000000000000000000000000000000069
:10ff98000000000000000000000000000000000059
:10ffa8000000000000000000000000000000000049
:10ffb8000000000000000000000000000000000039
:10ffc8000000000000000000000000000000000029
:10ffd8000000000000000000000000000000000019
:10ffe8000000000000000000000000000000000009
:10fff80000000000000000000000000000000000f9
:020000040001f9
:1000080000000000000000000000000000000000e8
:1000180000000000000000000000000000000000d8
:1000280000000000000000000000000000000000c8
:1000380000000000000000000000000000000000b8
:1000480000000000000000000000000000000000a8
:100058000000000000000000000000000000000098
:100068000000000000000000000000000000000088
:100078000000000000000000000000000000000078
:100088000000000000000000000000000000000068
:100098000000000000000000000000000000000058
:1000a8000000000000000000000000000000000048
:1000b8000000000000000000000000000000000038
:1000c8000000000000000000000000000000000028
:1000d8000000000000000000000000000000000018
:1000e8000000000000000000000000000000000008
:1000f80000000000000000000000000000000000f8
:1001080000000000000000000000000000000000e7
:1001180000000000000000000000000000000000d7
:1001280000000000000000000000000000000000c7
:1001380000000000000000000000000000000000b7
:1001480000000000000000000000000000000000a7
:100158000000000000000000000000000000000097
:100168000000000000000000000000000000000087
:100178000000000000000000000000000000000077
:100188000000000000000000000000000000000067
:100198000000000000000000000000000000000057
:1001a8000000000000000000000000000000000047
:1001b8000000000000000000000000000000000037
:1001c8000000000000000000000000000000000027
:1001d8000000000000000000000000000000000017
:1001e8000000000000000000000000000000000007
:1001f80000000000000000000000000000000000f7
:1002080000000000000000000000000000000000e6
:1002180000000000000000000000000000000000d6
:1002280000000000000000000000000000000000c6
:1002380000000000000000000000000000000000b6
:1002480000000000000000000000000000000000a6
:100258000000000000000000000000000000000096
:100268000000000000000000000000000000000086
:100278000000000000000000000000000000000076
:100288000000000000000000000000000000000066
:100298000000000000000000000000000000000056
:1002a8000000000000000000000000000000000046
:1002b8000000000000000000000000000000000036
:1002c8000000000000000000000000000000000026
:1002d8000000000000000000000000000000000016
:1002e8000000000000000000000000000000000006
:1002f80000000000000000000000000000000000f6
:1003080000000000000000000000000000000000e5
:1003180000000000000000000000000000000000d5
:1003280000000000000000000000000000000000c5
:1003380000000000000000000000000000000000b5
:1003480000000000000000000000000000000000a5
:100358000000000000000000000000000000000095
:100368000000000000000000000000000000000085
:100378000000000000000000000000000000000075
:100388000000000000000000000000000000000065
:100398000000000000000000000000000000000055
:1003a8000000000000000000000000000000000045
:1003b8000000000000000000000000000000000035
:1003c8000000000000000000000000000000000025
:1003d8000000000000000000000000000000000015
:1003e8000000000000000000000000000000000005
:1003f80000000000000000000000000000000000f5
:1004080000000000000000000000000000000000e4
:1004180000000000000000000000000000000000d4
:1004280000000000000000000000000000000000c4
:1004380000000000000000000000000000000000b4
:1004480000000000000000000000000000000000a4
:100458000000000000000000000000000000000094
:100468000000000000000000000000000000000084
:100478000000000000000000000000000000000074
:100488000000000000000000000000000000000064
:100498000000000000000000000000000000000054
:1004a8000000000000000000000000000000000044
:1004b8000000000000000000000000000000000034
:1004c8000000000000000000000000000000000024
:1004d8000000000000000000000000000000000014
:1004e8000000000000000000000000000000000004
:1004f80000000000000000000000000000000000f4
:1005080000000000000000000000000000000000e3
:1005180000000000000000000000000000000000d3
:1005280000000000000000000000000000000000c3
:1005380000000000000000000000000000000000b3
:1005480000000000000000000000000000000000a3
:100558000000000000000000000000000000000093
:100568000000000000000000000000000000000083
:100578000000000000000000000000000000000073
:100588000000000000000000000000000000000063
:100598000000000000000000000000000000000053
:1005a8000000000000000000000000000000000043
:1005b8000000000000000000000000000000000033
:1005c8000000000000000000000000000000000023
:1005d8000000000000000000000000000000000013
:1005e8000000000000000000000000000000000003
:1005f80000000000000000000000000000000000f3
:1006080000000000000000000000000000000000e2
:1006180000000000000000000000000000000000d2
:1006280000000000000000000000000000000000c2
:1006380000000000000000000000000000000000b2
:1006480000000000000000000000000000000000a2
:100658000000000000000000000000000000000092
:100668000000000000000000000000000000000082
:100678000000000000000000000000000000000072
:100688000000000000000000000000000000000062
:100698000000000000000000000000000000000052
:1006a8000000000000000000000000000000000042
:1006b8000000000000000000000000000000000032
:1006c8000000000000000000000000000000000022
:1006d8000000000000000000000000000000000012
:1006e8000000000000000000000000000000000002
:1006f80000000000000000000000000000000000f2
:1007080000000000000000000000000000000000e1
:1007180000000000000000000000000000000000d1
:1007280000000000000000000000000000000000c1
:1007380000000000000000000000000000000000b1
:1007480000000000000000000000000000000000a1
:100758000000000000000000000000000000000091
:100768000000000000000000000000000000000081
:100778000000000000000000000000000000000071
:100788000000000000000000000000000000000061
:100798000000000000000000000000000000000051
:1007a8000000000000000000000000000000000041
:1007b8000000000000000000000000000000000031
:1007c8000000000000000000000000000000000021
:1007d8000000000000000000000000000000000011
:1007e8000000000000000000000000000000000001
:1007f80000000000000000000000000000000000f1
:1008080000000000000000000000000000000000e0
:1008180000000000000000000000000000000000d0
:1008280000000000000000000000000000000000c0
:1008380000000000000000000000000000000000b0
:1008480000000000000000000000000000000000a0
:100858000000000000000000000000000000000090
:100868000000000000000000000000000000000080
:100878000000000000000000000000000000000070
:100888000000000000000000000000000000000060
:100898000000000000000000000000000000000050
:1008a8000000000000000000000000000000000040
:1008b8000000000000000000000000000000000030
:1008c8000000000000000000000000000000000020
:1008d8000000000000000000000000000000000010
:1008e8000000000000000000000000000000000000
:1008f80000000000000000000000000000000000f0
:1009080000000000000000000000000000000000df
:1009180000000000000000000000000000000000cf
:1009280000000000000000000000000000000000bf
:1009380000000000000000000000000000000000af
:10094800000000000000000000000000000000009f
:10095800000000000000000000000000000000008f
:10096800000000000000000000000000000000007f
:10097800000000000000000000000000000000006f
:10098800000000000000000000000000000000005f
:10099800000000000000000000000000000000004f
:1009a800000000000000000000000000000000003f
:1009b800000000000000000000000000000000002f
:1009c800000000000000000000000000000000001f
:1009d800000000000000000000000000000000000f
:1009e80000000000000000000000000000000000ff
:1009f80000000000000000000000000000000000ef
:100a080000000000000000000000000000000000de
:100a180000000000000000000000000000000000ce
:100a280000000000000000000000000000000000be
:100a380000000000000000000000000000000000ae
:100a4800000000000000000000000000000000009e
:100a5800000000000000000000000000000000008e
:100a6800000000000000000000000000000000007e
:100a7800000000000000000000000000000000006e
:100a8800000000000000000000000000000000005e
:100a9800000000000000000000000000000000004e
:100aa800000000000000000000000000000000003e
:100ab800000000000000000000000000000000002e
:100ac800000000000000000000000000000000001e
:100ad800000000000000000000000000000000000e
:100ae80000000000000000000000000000000000fe
:100af80000000000000000000000000000000000ee
:100b080000000000000000000000000000000000dd
:100b180000000000000000000000000000000000cd
:100b280000000000000000000000000000000000bd
:100b380000000000000000000000000000000000ad
:100b4800000000000000000000000000000000009d
:100b5800000000000000000000000000000000008d
:100b6800000000000000000000000000000000007d
:100b7800000000000000000000000000000000006d
:100b8800000000000000000000000000000000005d
:100b9800000000000000000000000000000000004d
:100ba800000000000000000000000000000000003d
:100bb800000000000000000000000000000000002d
:100bc800000000000000000000000000000000001d
:100bd800000000000000000000000000000000000d
:100be80000000000000000000000000000000000fd
:100bf80000000000000000000000000000000000ed
:100c080000000000000000000000000000000000dc
:100c180000000000000000000000000000000000cc
:100c280000000000000000000000000000000000bc
:100c380000000000000000000000000000000000ac
:100c4800000000000000000000000000000000009c
:100c5800000000000000000000000000000000008c
:100c6800000000000000000000000000000000007c
:100c7800000000000000000000000000000000006c
:100c8800000000000000000000000000000000005c
:100c9800000000000000000000000000000000004c
:100ca800000000000000000000000000000000003c
:100cb800000000000000000000000000000000002c
:100cc800000000000000000000000000000000001c
:100cd800000000000000000000000000000000000c
:100ce80000000000000000000000000000000000fc
:100cf80000000000000000000000000000000000ec
:100d080000000000000000000000000000000000db
:100d180000000000000000000000000000000000cb
:100d280000000000000000000000000000000000bb
:100d380000000000000000000000000000000000ab
:100d4800000000000000000000000000000000009b
:100d5800000000000000000000000000000000008b
:100d6800000000000000000000000000000000007b
:100d7800000000000000000000000000000000006b
:100d8800000000000000000000000000000000005b
:100d9800000000000000000000000000000000004b
:100da800000000000000000000000000000000003b
:100db800000000000000000000000000000000002b
:100dc800000000000000000000000000000000001b
:100dd800000000000000000000000000000000000b
:100de80000000000000000000000000000000000fb
:100df80000000000000000000000000000000000eb
:100e080000000000000000000000000000000000da
:100e180000000000000000000000000000000000ca
:100e280000000000000000000000000000000000ba
:100e380000000000000000000000000000000000aa
:100e4800000000000000000000000000000000009a
:100e5800000000000000000000000000000000008a
:100e6800000000000000000000000000000000007a
:100e7800000000000000000000000000000000006a
:100e8800000000000000000000000000000000005a
:100e9800000000000000000000000000000000004a
:100ea800000000000000000000000000000000003a
:100eb800000000000000000000000000000000002a
:100ec800000000000000000000000000000000001a
:100ed800000000000000000000000000000000000a
:100ee80000000000000000000000000000000000fa
:100ef80000000000000000000000000000000000ea
:100f080000000000000000000000000000000000d9
:100f180000000000000000000000000000000000c9
:100f280000000000000000000000000000000000b9
:100f380000000000000000000000000000000000a9
:100f48000000000000000000000000000000000099
:100f58000000000000000000000000000000000089
:100f68000000000000000000000000000000000079
:100f78000000000000000000000000000000000069
:100f88000000000000000000000000000000000059
:100f98000000000000000000000000000000000049
:100fa8000000000000000000000000000000000039
:100fb8000000000000000000000000000000000029
:100fc8000000000000000000000000000000000019
:100fd8000000000000000000000000000000000009
:100fe80000000000000000000000000000000000f9
:100ff80000000000000000000000000000000000e9
:1010080000000000000000000000000000000000d8
:1010180000000000000000000000000000000000c8
:1010280000000000000000000000000000000000b8
:1010380000000000000000000000000000000000a8
:101048000000000000000000000000000000000098
:101058000000000000000000000000000000000088
:101068000000000000000000000000000000000078
:101078000000000000000000000000000000000068
:101088000000000000000000000000000000000058
:101098000000000000000000000000000000000048
:1010a8000000000000000000000000000000000038
:1010b8000000000000000000000000000000000028
:1010c8000000000000000000000000000000000018
:1010d8000000000000000000000000000000000008
:1010e80000000000000000000000000000000000f8
:1010f80000000000000000000000000000000000e8
:1011080000000000000000000000000000000000d7
:1011180000000000000000000000000000000000c7
:1011280000000000000000000000000000000000b7
:1011380000000000000000000000000000000000a7
:101148000000000000000000000000000000000097
:101158000000000000000000000000000000000087
:101168000000000000000000000000000000000077
:101178000000000000000000000000000000000067
:101188000000000000000000000000000000000057
:101198000000000000000000000000000000000047
:1011a8000000000000000000000000000000000037
:1011b8000000000000000000000000000000000027
:1011c8000000000000000000000000000000000017
:1011d8000000000000000000000000000000000007
:1011e80000000000000000000000000000000000f7
:1011f80000000000000000000000000000000000e7
:1012080000000000000000000000000000000000d6
:1012180000000000000000000000000000000000c6
:1012280000000000000000000000000000000000b6
:1012380000000000000000000000000000000000a6
:101248000000000000000000000000000000000096
:101258000000000000000000000000000000000086
:101268000000000000000000000000000000000076
:101278000000000000000000000000000000000066
:101288000000000000000000000000000000000056
:101298000000000000000000000000000000000046
:1012a8000000000000000000000000000000000036
:1012b8000000000000000000000000000000000026
:1012c8000000000000000000000000000000000016
:1012d8000000000000000000000000000000000006
:1012e80000000000000000000000000000000000f6
:1012f80000000000000000000000000000000000e6
:1013080000000000000000000000000000000000d5
:1013180000000000000000000000000000000000c5
:1013280000000000000000000000000000000000b5
:1013380000000000000000000000000000000000a5
:101348000000000000000000000000000000000095
:101358000000000000000000000000000000000085
:101368000000000000000000000000000000000075
:101378000000000000000000000000000000000065
:101388000000000000000000000000000000000055
:101398000000000000000000000000000000000045
:1013a8000000000000000000000000000000000035
:1013b8000000000000000000000000000000000025
:1013c8000000000000000000000000000000000015
:1013d8000000000000000000000000000000000005
:1013e80000000000000000000000000000000000f5
:1013f80000000000000000000000000000000000e5
:1014080000000000000000000000000000000000d4
:1014180000000000000000000000000000000000c4
:1014280000000000000000000000000000000000b4
:1014380000000000000000000000000000000000a4
:101448000000000000000000000000000000000094
:101458000000000000000000000000000000000084
:101468000000000000000000000000000000000074
:101478000000000000000000000000000000000064
:101488000000000000000000000000000000000054
:101498000000000000000000000000000000000044
:1014a8000000000000000000000000000000000034
:1014b8000000000000000000000000000000000024
:1014c8000000000000000000000000000000000014
:1014d8000000000000000000000000000000000004
:1014e80000000000000000000000000000000000f4
:1014f80000000000000000000000000000000000e4
:1015080000000000000000000000000000000000d3
:1015180000000000000000000000000000000000c3
:1015280000000000000000000000000000000000b3
:1015380000000000000000000000000000000000a3
:101548000000000000000000000000000000000093
:101558000000000000000000000000000000000083
:101568000000000000000000000000000000000073
:101578000000000000000000000000000000000063
:101588000000000000000000000000000000000053
:101598000000000000000000000000000000000043
:1015a8000000000000000000000000000000000033
:1015b8000000000000000000000000000000000023
:1015c8000000000000000000000000000000000013
:1015d8000000000000000000000000000000000003
:1015e80000000000000000000000000000000000f3
:1015f80000000000000000000000000000000000e3
:1016080000000000000000000000000000000000d2
:1016180000000000000000000000000000000000c2
:1016280000000000000000000000000000000000b2
:1016380000000000000000000000000000000000a2
:101648000000000000000000000000000000000092
:101658000000000000000000000000000000000082
:101668000000000000000000000000000000000072
:101678000000000000000000000000000000000062
:101688000000000000000000000000000000000052
:101698000000000000000000000000000000000042
:1016a8000000000000000000000000000000000032
:1016b8000000000000000000000000000000000022
:1016c8000000000000000000000000000000000012
:1016d8000000000000000000000000000000000002
:1016e80000000000000000000000000000000000f2
:1016f80000000000000000000000000000000000e2
:1017080000000000000000000000000000000000d1
:1017180000000000000000000000000000000000c1
:1017280000000000000000000000000000000000b1
:1017380000000000000000000000000000000000a1
:101748000000000000000000000000000000000091
:101758000000000000000000000000000000000081
:101768000000000000000000000000000000000071
:101778000000000000000000000000000000000061
:101788000000000000000000000000000000000051
:101798000000000000000000000000000000000041
:1017a8000000000000000000000000000000000031
:1017b8000000000000000000000000000000000021
:1017c8000000000000000000000000000000000011
:1017d8000000000000000000000000000000000001
:1017e80000000000000000000000000000000000f1
:1017f80000000000000000000000000000000000e1
:1018080000000000000000000000000000000000d0
:1018180000000000000000000000000000000000c0
:1018280000000000000000000000000000000000b0
:1018380000000000000000000000000000000000a0
:101848000000000000000000000000000000000090
:101858000000000000000000000000000000000080
:101868000000000000000000000000000000000070
:101878000000000000000000000000000000000060
:101888000000000000000000000000000000000050
:101898000000000000000000000000000000000040
:1018a8000000000000000000000000000000000030
:1018b8000000000000000000000000000000000020
:1018c8000000000000000000000000000000000010
:1018d8000000000000000000000000000000000000
:1018e80000000000000000000000000000000000f0
:1018f80000000000000000000000000000000000e0
:1019080000000000000000000000000000000000cf
:1019180000000000000000000000000000000000bf
:1019280000000000000000000000000000000000af
:10193800000000000000000000000000000000009f
:10194800000000000000000000000000000000008f
:10195800000000000000000000000000000000007f
:10196800000000000000000000000000000000006f
:10197800000000000000000000000000000000005f
:10198800000000000000000000000000000000004f
:10199800000000000000000000000000000000003f
:1019a800000000000000000000000000000000002f
:1019b800000000000000000000000000000000001f
:1019c800000000000000000000000000000000000f
:1019d80000000000000000000000000000000000ff
:1019e80000000000000000000000000000000000ef
:1019f80000000000000000000000000000000000df
:101a080000000000000000000000000000000000ce
:101a180000000000000000000000000000000000be
:101a280000000000000000000000000000000000ae
:101a3800000000000000000000000000000000009e
:101a4800000000000000000000000000000000008e
:101a5800000000000000000000000000000000007e
:101a6800000000000000000000000000000000006e
:101a7800000000000000000000000000000000005e
:101a8800000000000000000000000000000000004e
:101a9800000000000000000000000000000000003e
:101aa800000000000000000000000000000000002e
:101ab800000000000000000000000000000000001e
:101ac800000000000000000000000000000000000e
:101ad80000000000000000000000000000000000fe
:101ae80000000000000000000000000000000000ee
:101af80000000000000000000000000000000000de
:101b080000000000000000000000000000000000cd
:101b180000000000000000000000000000000000bd
:101b280000000000000000000000000000000000ad
:101b3800000000000000000000000000000000009d
:101b4800000000000000000000000000000000008d
:101b5800000000000000000000000000000000007d
:101b6800000000000000000000000000000000006d
:101b7800000000000000000000000000000000005d
:101b8800000000000000000000000000000000004d
:101b9800000000000000000000000000000000003d
:101ba800000000000000000000000000000000002d
:101bb800000000000000000000000000000000001d
:101bc800000000000000000000000000000000000d
:101bd80000000000000000000000000000000000fd
:101be80000000000000000000000000000000000ed
:101bf80000000000000000000000000000000000dd
:101c080000000000000000000000000000000000cc
:101c180000000000000000000000000000000000bc
:101c280000000000000000000000000000000000ac
:101c3800000000000000000000000000000000009c
:101c4800000000000000000000000000000000008c
:101c5800000000000000000000000000000000007c
:101c6800000000000000000000000000000000006c
:101c7800000000000000000000000000000000005c
:101c8800000000000000000000000000000000004c
:101c9800000000000000000000000000000000003c
:101ca800000000000000000000000000000000002c
:101cb800000000000000000000000000000000001c
:101cc800000000000000000000000000000000000c
:101cd80000000000000000000000000000000000fc
:101ce80000000000000000000000000000000000ec
:101cf80000000000000000000000000000000000dc
:101d080000000000000000000000000000000000cb
:101d180000000000000000000000000000000000bb
:101d280000000000000000000000000000000000ab
:101d3800000000000000000000000000000000009b
:101d4800000000000000000000000000000000008b
:101d5800000000000000000000000000000000007b
:101d6800000000000000000000000000000000006b
:101d7800000000000000000000000000000000005b
:101d8800000000000000000000000000000000004b
:101d9800000000000000000000000000000000003b
:101da800000000000000000000000000000000002b
:101db800000000000000000000000000000000001b
:101dc800000000000000000000000000000000000b
:101dd80000000000000000000000000000000000fb
:101de80000000000000000000000000000000000eb
:101df80000000000000000000000000000000000db
:101e080000000000000000000000000000000000ca
:101e180000000000000000000000000000000000ba
:101e280000000000000000000000000000000000aa
:101e3800000000000000000000000000000000009a
:101e4800000000000000000000000000000000008a
:101e5800000000000000000000000000000000007a
:101e6800000000000000000000000000000000006a
:101e7800000000000000000000000000000000005a
:101e8800000000000000000000000000000000004a
:101e9800000000000000000000000000000000003a
:101ea800000000000000000000000000000000002a
:101eb800000000000000000000000000000000001a
:101ec800000000000000000000000000000000000a
:101ed80000000000000000000000000000000000fa
:101ee80000000000000000000000000000000000ea
:101ef80000000000000000000000000000000000da
:101f080000000000000000000000000000000000c9
:101f180000000000000000000000000000000000b9
:101f280000000000000000000000000000000000a9
:101f38000000000000000000000000000000000099
:101f48000000000000000000000000000000000089
:101f58000000000000000000000000000000000079
:101f68000000000000000000000000000000000069
:101f78000000000000000000000000000000000059
:101f88000000000000000000000000000000000049
:101f98000000000000000000000000000000000039
:101fa8000000000000000000000000000000000029
:101fb8000000000000000000000000000000000019
:101fc8000000000000000000000000000000000009
:101fd80000000000000000000000000000000000f9
:101fe80000000000000000000000000000000000e9
:101ff80000000000000000000000000000000000d9
:1020080000000000000000000000000000000000c8
:1020180000000000000000000000000000000000b8
:1020280000000000000000000000000000000000a8
:102038000000000000000000000000000000000098
:102048000000000000000000000000000000000088
:102058000000000000000000000000000000000078
:102068000000000000000000000000000000000068
:102078000000000000000000000000000000000058
:102088000000000000000000000000000000000048
:102098000000000000000000000000000000000038
:1020a8000000000000000000000000000000000028
:1020b8000000000000000000000000000000000018
:1020c8000000000000000000000000000000000008
:1020d80000000000000000000000000000000000f8
:1020e80000000000000000000000000000000000e8
:1020f80000000000000000000000000000000000d8
:1021080000000000000000000000000000000000c7
:1021180000000000000000000000000000000000b7
:1021280000000000000000000000000000000000a7
:102138000000000000000000000000000000000097
:102148000000000000000000000000000000000087
:102158000000000000000000000000000000000077
:102168000000000000000000000000000000000067
:102178000000000000000000000000000000000057
:102188000000000000000000000000000000000047
:102198000000000000000000000000000000000037
:1021a8000000000000000000000000000000000027
:1021b8000000000000000000000000000000000017
:1021c8000000000000000000000000000000000007
:1021d80000000000000000000000000000000000f7
:1021e80000000000000000000000000000000000e7
:1021f80000000000000000000000000000000000d7
:1022080000000000000000000000000000000000c6
:1022180000000000000000000000000000000000b6
:1022280000000000000000000000000000000000a6
:102238000000000000000000000000000000000096
:102248000000000000000000000000000000000086
:102258000000000000000000000000000000000076
:102268000000000000000000000000000000000066
:102278000000000000000000000000000000000056
:102288000000000000000000000000000000000046
:102298000000000000000000000000000000000036
:1022a8000000000000000000000000000000000026
:1022b8000000000000000000000000000000000016
:1022c8000000000000000000000000000000000006
:1022d80000000000000000000000000000000000f6
:1022e80000000000000000000000000000000000e6
:1022f80000000000000000000000000000000000d6
:1023080000000000000000000000000000000000c5
:1023180000000000000000000000000000000000b5
:1023280000000000000000000000000000000000a5
:102338000000000000000000000000000000000095
:102348000000000000000000000000000000000085
:102358000000000000000000000000000000000075
:102368000000000000000000000000000000000065
:102378000000000000000000000000000000000055
:102388000000000000000000000000000000000045
:102398000000000000000000000000000000000035
:1023a8000000000000000000000000000000000025
:1023b8000000000000000000000000000000000015
:1023c8000000000000000000000000000000000005
:1023d80000000000000000000000000000000000f5
:1023e80000000000000000000000000000000000e5
:1023f80000000000000000000000000000000000d5
:1024080000000000000000000000000000000000c4
:1024180000000000000000000000000000000000b4
:1024280000000000000000000000000000000000a4
:102438000000000000000000000000000000000094
:102448000000000000000000000000000000000084
:102458000000000000000000000000000000000074
:102468000000000000000000000000000000000064
:102478000000000000000000000000000000000054
:102488000000000000000000000000000000000044
:102498000000000000000000000000000000000034
:1024a8000000000000000000000000000000000024
:1024b8000000000000000000000000000000000014
:1024c8000000000000000000000000000000000004
:1024d80000000000000000000000000000000000f4
:1024e80000000000000000000000000000000000e4
:1024f80000000000000000000000000000000000d4
:1025080000000000000000000000000000000000c3
:1025180000000000000000000000000000000000b3
:1025280000000000000000000000000000000000a3
:102538000000000000000000000000000000000093
:102548000000000000000000000000000000000083
:102558000000000000000000000000000000000073
:102568000000000000000000000000000000000063
:102578000000000000000000000000000000000053
:102588000000000000000000000000000000000043
:102598000000000000000000000000000000000033
:1025a8000000000000000000000000000000000023
:1025b8000000000000000000000000000000000013
:1025c8000000000000000000000000000000000003
:1025d80000000000000000000000000000000000f3
:1025e80000000000000000000000000000000000e3
:1025f80000000000000000000000000000000000d3
:1026080000000000000000000000000000000000c2
:1026180000000000000000000000000000000000b2
:1026280000000000000000000000000000000000a2
:102638000000000000000000000000000000000092
:102648000000000000000000000000000000000082
:102658000000000000000000000000000000000072
:102668000000000000000000000000000000000062
:102678000000000000000000000000000000000052
:102688000000000000000000000000000000000042
:102698000000000000000000000000000000000032
:1026a8000000000000000000000000000000000022
:1026b8000000000000000000000000000000000012
:1026c8000000000000000000000000000000000002
:1026d80000000000000000000000000000000000f2
:1026e80000000000000000000000000000000000e2
:1026f80000000000000000000000000000000000d2
:1027080000000000000000000000000000000000c1
:1027180000000000000000000000000000000000b1
:1027280000000000000000000000000000000000a1
:102738000000000000000000000000000000000091
:102748000000000000000000000000000000000081
:102758000000000000000000000000000000000071
:102768000000000000000000000000000000000061
:102778000000000000000000000000000000000051
:102788000000000000000000000000000000000041
:102798000000000000000000000000000000000031
:1027a8000000000000000000000000000000000021
:1027b8000000000000000000000000000000000011
:1027c8000000000000000000000000000000000001
:1027d80000000000000000000000000000000000f1
:1027e80000000000000000000000000000000000e1
:1027f80000000000000000000000000000000000d1
:1028080000000000000000000000000000000000c0
:1028180000000000000000000000000000000000b0
:1028280000000000000000000000000000000000a0
:102838000000000000000000000000000000000090
:102848000000000000000000000000000000000080
:102858000000000000000000000000000000000070
:102868000000000000000000000000000000000060
:102878000000000000000000000000000000000050
:102888000000000000000000000000000000000040
:102898000000000000000000000000000000000030
:1028a8000000000000000000000000000000000020
:1028b8000000000000000000000000000000000010
:1028c8000000000000000000000000000000000000
:1028d80000000000000000000000000000000000f0
:1028e80000000000000000000000000000000000e0
:1028f80000000000000000000000000000000000d0
:1029080000000000000000000000000000000000bf
:1029180000000000000000000000000000000000af
:10292800000000000000000000000000000000009f
:10293800000000000000000000000000000000008f
:10294800000000000000000000000000000000007f
:10295800000000000000000000000000000000006f
:10296800000000000000000000000000000000005f
:10297800000000000000000000000000000000004f
:10298800000000000000000000000000000000003f
:10299800000000000000000000000000000000002f
:1029a800000000000000000000000000000000001f
:1029b800000000000000000000000000000000000f
:1029c80000000000000000000000000000000000ff
:1029d80000000000000000000000000000000000ef
:1029e80000000000000000000000000000000000df
:1029f80000000000000000000000000000000000cf
:102a080000000000000000000000000000000000be
:102a180000000000000000000000000000000000ae
:102a2800000000000000000000000000000000009e
:102a3800000000000000000000000000000000008e
:102a4800000000000000000000000000000000007e
:102a5800000000000000000000000000000000006e
:102a6800000000000000000000000000000000005e
:102a7800000000000000000000000000000000004e
:102a8800000000000000000000000000000000003e
:102a9800000000000000000000000000000000002e
:102aa800000000000000000000000000000000001e
:102ab800000000000000000000000000000000000e
:102ac80000000000000000000000000000000000fe
:102ad80000000000000000000000000000000000ee
:102ae80000000000000000000000000000000000de
:102af80000000000000000000000000000000000ce
:102b080000000000000000000000000000000000bd
:102b180000000000000000000000000000000000ad
:102b2800000000000000000000000000000000009d
:102b3800000000000000000000000000000000008d
:102b4800000000000000000000000000000000007d
:102b5800000000000000000000000000000000006d
:102b6800000000000000000000000000000000005d
:102b7800000000000000000000000000000000004d
:102b8800000000000000000000000000000000003d
:102b9800000000000000000000000000000000002d
:102ba800000000000000000000000000000000001d
:102bb800000000000000000000000000000000000d
:102bc80000000000000000000000000000000000fd
:102bd80000000000000000000000000000000000ed
:102be80000000000000000000000000000000000dd
:102bf80000000000000000000000000000000000cd
:102c080000000000000000000000000000000000bc
:102c180000000000000000000000000000000000ac
:102c2800000000000000000000000000000000009c
:102c3800000000000000000000000000000000008c
:102c4800000000000000000000000000000000007c
:102c5800000000000000000000000000000000006c
:102c6800000000000000000000000000000000005c
:102c7800000000000000000000000000000000004c
:102c8800000000000000000000000000000000003c
:102c9800000000000000000000000000000000002c
:102ca800000000000000000000000000000000001c
:102cb800000000000000000000000000000000000c
:102cc80000000000000000000000000000000000fc
:102cd80000000000000000000000000000000000ec
:102ce80000000000000000000000000000000000dc
:102cf80000000000000000000000000000000000cc
:102d080000000000000000000000000000000000bb
:102d180000000000000000000000000000000000ab
:102d2800000000000000000000000000000000009b
:102d3800000000000000000000000000000000008b
:102d4800000000000000000000000000000000007b
:102d5800000000000000000000000000000000006b
:102d6800000000000000000000000000000000005b
:102d7800000000000000000000000000000000004b
:102d8800000000000000000000000000000000003b
:102d9800000000000000000000000000000000002b
:102da800000000000000000000000000000000001b
:102db800000000000000000000000000000000000b
:102dc80000000000000000000000000000000000fb
:102dd80000000000000000000000000000000000eb
:102de80000000000000000000000000000000000db
:102df80000000000000000000000000000000000cb
:102e080000000000000000000000000000000000ba
:102e180000000000000000000000000000000000aa
:102e2800000000000000000000000000000000009a
:102e3800000000000000000000000000000000008a
:102e4800000000000000000000000000000000007a
:102e5800000000000000000000000000000000006a
:102e6800000000000000000000000000000000005a
:102e7800000000000000000000000000000000004a
:102e8800000000000000000000000000000000003a
:102e9800000000000000000000000000000000002a
:102ea800000000000000000000000000000000001a
:102eb800000000000000000000000000000000000a
:102ec80000000000000000000000000000000000fa
:102ed80000000000000000000000000000000000ea
:102ee80000000000000000000000000000000000da
:102ef80000000000000000000000000000000000ca
:102f080000000000000000000000000000000000b9
:102f180000000000000000000000000000000000a9
:102f28000000000000000000000000000000000099
:102f38000000000000000000000000000000000089
:102f48000000000000000000000000000000000079
:102f58000000000000000000000000000000000069
:102f68000000000000000000000000000000000059
:102f78000000000000000000000000000000000049
:102f88000000000000000000000000000000000039
:102f98000000000000000000000000000000000029
:102fa8000000000000000000000000000000000019
:102fb8000000000000000000000000000000000009
:102fc80000000000000000000000000000000000f9
:102fd80000000000000000000000000000000000e9
:102fe80000000000000000000000000000000000d9
:102ff80000000000000000000000000000000000c9
:1030080000000000000000000000000000000000b8
:1030180000000000000000000000000000000000a8
:103028000000000000000000000000000000000098
:103038000000000000000000000000000000000088
:103048000000000000000000000000000000000078
:103058000000000000000000000000000000000068
:103068000000000000000000000000000000000058
:103078000000000000000000000000000000000048
:103088000000000000000000000000000000000038
:103098000000000000000000000000000000000028
:1030a8000000000000000000000000000000000018
:1030b8000000000000000000000000000000000008
:1030c80000000000000000000000000000000000f8
:1030d80000000000000000000000000000000000e8
:1030e80000000000000000000000000000000000d8
:1030f80000000000000000000000000000000000c8
:1031080000000000000000000000000000000000b7
:1031180000000000000000000000000000000000a7
:103128000000000000000000000000000000000097
:103138000000000000000000000000000000000087
:103148000000000000000000000000000000000077
:103158000000000000000000000000000000000067
:103168000000000000000000000000000000000057
:103178000000000000000000000000000000000047
:103188000000000000000000000000000000000037
:103198000000000000000000000000000000000027
:1031a8000000000000000000000000000000000017
:1031b8000000000000000000000000000000000007
:1031c80000000000000000000000000000000000f7
:1031d80000000000000000000000000000000000e7
:1031e80000000000000000000000000000000000d7
:1031f80000000000000000000000000000000000c7
:1032080000000000000000000000000000000000b6
:1032180000000000000000000000000000000000a6
:103228000000000000000000000000000000000096
:103238000000000000000000000000000000000086
:103248000000000000000000000000000000000076
:103258000000000000000000000000000000000066
:103268000000000000000000000000000000000056
:103278000000000000000000000000000000000046
:103288000000000000000000000000000000000036
:103298000000000000000000000000000000000026
:1032a8000000000000000000000000000000000016
:1032b8000000000000000000000000000000000006
:1032c80000000000000000000000000000000000f6
:1032d80000000000000000000000000000000000e6
:1032e80000000000000000000000000000000000d6
:1032f80000000000000000000000000000000000c6
:1033080000000000000000000000000000000000b5
:1033180000000000000000000000000000000000a5
:103328000000000000000000000000000000000095
:103338000000000000000000000000000000000085
:103348000000000000000000000000000000000075
:103358000000000000000000000000000000000065
:103368000000000000000000000000000000000055
:103378000000000000000000000000000000000045
:103388000000000000000000000000000000000035
:103398000000000000000000000000000000000025
:1033a8000000000000000000000000000000000015
:1033b8000000000000000000000000000000000005
:1033c80000000000000000000000000000000000f5
:1033d80000000000000000000000000000000000e5
:1033e80000000000000000000000000000000000d5
:1033f80000000000000000000000000000000000c5
:1034080000000000000000000000000000000000b4
:1034180000000000000000000000000000000000a4
:103428000000000000000000000000000000000094
:103438000000000000000000000000000000000084
:103448000000000000000000000000000000000074
:103458000000000000000000000000000000000064
:103468000000000000000000000000000000000054
:103478000000000000000000000000000000000044
:103488000000000000000000000000000000000034
:103498000000000000000000000000000000000024
:1034a8000000000000000000000000000000000014
:1034b8000000000000000000000000000000000004
:1034c80000000000000000000000000000000000f4
:1034d80000000000000000000000000000000000e4
:1034e80000000000000000000000000000000000d4
:1034f80000000000000000000000000000000000c4
:1035080000000000000000000000000000000000b3
:1035180000000000000000000000000000000000a3
:103528000000000000000000000000000000000093
:103538000000000000000000000000000000000083
:103548000000000000000000000000000000000073
:103558000000000000000000000000000000000063
:103568000000000000000000000000000000000053
:103578000000000000000000000000000000000043
:103588000000000000000000000000000000000033
:103598000000000000000000000000000000000023
:1035a8000000000000000000000000000000000013
:1035b8000000000000000000000000000000000003
:1035c80000000000000000000000000000000000f3
:1035d80000000000000000000000000000000000e3
:1035e80000000000000000000000000000000000d3
:1035f80000000000000000000000000000000000c3
:1036080000000000000000000000000000000000b2
:1036180000000000000000000000000000000000a2
:103628000000000000000000000000000000000092
:103638000000000000000000000000000000000082
:103648000000000000000000000000000000000072
:103658000000000000000000000000000000000062
:103668000000000000000000000000000000000052
:103678000000000000000000000000000000000042
:103688000000000000000000000000000000000032
:103698000000000000000000000000000000000022
:1036a8000000000000000000000000000000000012
:1036b8000000000000000000000000000000000002
:1036c80000000000000000000000000000000000f2
:1036d80000000000000000000000000000000000e2
:1036e80000000000000000000000000000000000d2
:1036f80000000000000000000000000000000000c2
:1037080000000000000000000000000000000000b1
:1037180000000000000000000000000000000000a1
:103728000000000000000000000000000000000091
:103738000000000000000000000000000000000081
:103748000000000000000000000000000000000071
:103758000000000000000000000000000000000061
:103768000000000000000000000000000000000051
:103778000000000000000000000000000000000041
:103788000000000000000000000000000000000031
:103798000000000000000000000000000000000021
:1037a8000000000000000000000000000000000011
:1037b8000000000000000000000000000000000001
:1037c80000000000000000000000000000000000f1
:1037d80000000000000000000000000000000000e1
:1037e80000000000000000000000000000000000d1
:1037f80000000000000000000000000000000000c1
:1038080000000000000000000000000000000000b0
:1038180000000000000000000000000000000000a0
:103828000000000000000000000000000000000090
:103838000000000000000000000000000000000080
:103848000000000000000000000000000000000070
:103858000000000000000000000000000000000060
:103868000000000000000000000000000000000050
:103878000000000000000000000000000000000040
:103888000000000000000000000000000000000030
:103898000000000000000000000000000000000020
:1038a8000000000000000000000000000000000010
:1038b8000000000000000000000000000000000000
:1038c80000000000000000000000000000000000f0
:1038d80000000000000000000000000000000000e0
:1038e80000000000000000000000000000000000d0
:1038f80000000000000000000000000000000000c0
:1039080000000000000000000000000000000000af
:10391800000000000000000000000000000000009f
:10392800000000000000000000000000000000008f
:10393800000000000000000000000000000000007f
:10394800000000000000000000000000000000006f
:10395800000000000000000000000000000000005f
:10396800000000000000000000000000000000004f
:10397800000000000000000000000000000000003f
:10398800000000000000000000000000000000002f
:10399800000000000000000000000000000000001f
:1039a800000000000000000000000000000000000f
:1039b80000000000000000000000000000000000ff
:1039c80000000000000000000000000000000000ef
:1039d80000000000000000000000000000000000df
:1039e80000000000000000000000000000000000cf
:1039f80000000000000000000000000000000000bf
:103a080000000000000000000000000000000000ae
:103a1800000000000000000000000000000000009e
:103a2800000000000000000000000000000000008e
:103a3800000000000000000000000000000000007e
:103a4800000000000000000000000000000000006e
:103a5800000000000000000000000000000000005e
:103a6800000000000000000000000000000000004e
:103a7800000000000000000000000000000000003e
:103a8800000000000000000000000000000000002e
:103a9800000000000000000000000000000000001e
:103aa800000000000000000000000000000000000e
:103ab80000000000000000000000000000000000fe
:103ac80000000000000000000000000000000000ee
:103ad80000000000000000000000000000000000de
:103ae80000000000000000000000000000000000ce
:103af80000000000000000000000000000000000be
:103b080000000000000000000000000000000000ad
:103b1800000000000000000000000000000000009d
:103b2800000000000000000000000000000000008d
:103b3800000000000000000000000000000000007d
:103b4800000000000000000000000000000000006d
:103b5800000000000000000000000000000000005d
:103b6800000000000000000000000000000000004d
:103b7800000000000000000000000000000000003d
:103b8800000000000000000000000000000000002d
:103b9800000000000000000000000000000000001d
:103ba800000000000000000000000000000000000d
:103bb80000000000000000000000000000000000fd
:103bc80000000000000000000000000000000000ed
:103bd80000000000000000000000000000000000dd
:103be80000000000000000000000000000000000cd
:103bf80000000000000000000000000000000000bd
:103c080000000000000000000000000000000000ac
:103c1800000000000000000000000000000000009c
:103c2800000000000000000000000000000000008c
:103c3800000000000000000000000000000000007c
:103c4800000000000000000000000000000000006c
:103c5800000000000000000000000000000000005c
:103c6800000000000000000000000000000000004c
:103c7800000000000000000000000000000000003c
:103c8800000000000000000000000000000000002c
:103c9800000000000000000000000000000000001c
:103ca800000000000000000000000000000000000c
:103cb80000000000000000000000000000000000fc
:103cc80000000000000000000000000000000000ec
:103cd80000000000000000000000000000000000dc
:103ce80000000000000000000000000000000000cc
:103cf80000000000000000000000000000000000bc
:103d080000000000000000000000000000000000ab
:103d1800000000000000000000000000000000009b
:103d2800000000000000000000000000000000008b
:103d3800000000000000000000000000000000007b
:103d4800000000000000000000000000000000006b
:103d5800000000000000000000000000000000005b
:103d6800000000000000000000000000000000004b
:103d7800000000000000000000000000000000003b
:103d8800000000000000000000000000000000002b
:103d9800000000000000000000000000000000001b
:103da800000000000000000000000000000000000b
:103db80000000000000000000000000000000000fb
:103dc80000000000000000000000000000000000eb
:103dd80000000000000000000000000000000000db
:103de80000000000000000000000000000000000cb
:103df80000000000000000000000000000000000bb
:103e080000000000000000000000000000000000aa
:103e1800000000000000000000000000000000009a
:103e2800000000000000000000000000000000008a
:103e3800000000000000000000000000000000007a
:103e4800000000000000000000000000000000006a
:103e5800000000000000000000000000000000005a
:103e6800000000000000000000000000000000004a
:103e7800000000000000000000000000000000003a
:103e8800000000000000000000000000000000002a
:103e9800000000000000000000000000000000001a
:103ea800000000000000000000000000000000000a
:103eb80000000000000000000000000000000000fa
:103ec80000000000000000000000000000000000ea
:103ed80000000000000000000000000000000000da
:103ee80000000000000000000000000000000000ca
:103ef80000000000000000000000000000000000ba
:103f080000000000000000000000000000000000a9
:103f18000000000000000000000000000000000099
:103f28000000000000000000000000000000000089
:103f38000000000000000000000000000000000079
:103f48000000000000000000000000000000000069
:103f58000000000000000000000000000000000059
:103f68000000000000000000000000000000000049
:103f78000000000000000000000000000000000039
:103f88000000000000000000000000000000000029
:103f98000000000000000000000000000000000019
:103fa8000000000000000000000000000000000009
:103fb80000000000000000000000000000000000f9
:103fc80000000000000000000000000000000000e9
:103fd80000000000000000000000000000000000d9
:103fe80000000000000000000000000000000000c9
:103ff80000000000000000003412000078560000a5
:10400800000000000000000009000000010000009e
:104018000000000000000000000000000000000098
:104028000000000000000000000000000000000088
:104038000000000000000000000000000000000078
:10404800000000000000000009000000010000005e
:104058000000000000000000000000000000000058
:104068000000000000000000000000000000000048
:104078000000000000000000000000000000000038
:10408800000000000000000009000000010000001e
:104098000000000000000000000000000000000018
:1040a8000000000000000000000000000000000008
:1040b80000000000000000000000000000000000f8
:1040c80000000000000000000900000001000000de
:1040d80000000000000000000000000000000000d8
:1040e80000000000000000000000000000000000c8
:1040f80000000000000000000000000000000000b8
:1041080000000000000000000000000000000000a7
:104118000000000000000000000000000000000097
:104128000000000000000000000000000000000087
:104138000000000000000000000000000000000077
:104148000000000000000000000000000000000067
:104158000000000000000000000000000000000057
:104168000000000000000000000000000000000047
:104178000000000000000000000000000000000037
:104188000000000000000000000000000000000027
:104198000000000000000000000000000000000017
:1041a8000000000000000000000000000000000007
:1041b80000000000000000000000000000000000f7
:1041c80000000000000000000000000000000000e7
:1041d80000000000000000000000000000000000d7
:1041e80000000000000000000000000000000000c7
:1041f80000000000000000000000000001010000b5
:104208000202000003030000041000000511000072
:1042180006120000071c0000081d0000091e00000f
:104228000a1f00000b2c00000c2d00000d2e0000b2
:104238000e2f00000f3c0000103d0000113e000052
:10424800123f0000134c0000144d0000154e0000f2
:10425800164f000017ff000018ff000019ff0000ac
:104268001aff00001bff00001cff00001dff0000dc
:104278001eff00001fff00002004000021050000b1
:104288002206000023070000241300002514000064
:104298002615000027200000282100002922000000
:1042a8002a2300002b3000002c3100002d320000a2
:1042b8002e3300002f400000304100003142000042
:1042c80032430000335000003451000035520000e2
:1042d8003653000037ff000038ff000039ff0000a8
:1042e8003aff00003bff00003cff00003dff0000dc
:1042f8003eff00003fff00004008000041090000a9
:10430800420a0000430b0000441600004517000055
:1043180046180000472400004825000049260000f0
:104328004a2700004b3400004c3500004d36000091
:104338004e3700004f440000504500005146000031
:1043480052470000535400005455000055560000d1
:104358005657000057ff000058ff000059ff0000a3
:104368005aff00005bff00005cff00005dff0000db
:104378005eff00005fff0000600c0000610d0000a0
:10438800620e0000630f000064190000651a000047
:10439800661b00006728000068290000692a0000e1
:1043a8006a2b00006b3800006c3900006d3a000081
:1043b8006e3b00006f48000070490000714a000021
:1043c800724b00007358000074590000755a0000c1
:1043d800765b000077ff000078ff000079ff00009f
:1043e8007aff00007bff00007cff00007dff0000db
:0843f8007eff00007fff0000c2
:020000040000fa
:020000040001f9
:1044000000100000060d0000800000000000000009
:00000001FF
